--
-- PostgreSQL database dump
--

SET client_encoding = 'UTF8';
SET standard_conforming_strings = off;
SET check_function_bodies = false;
SET client_min_messages = warning;
SET escape_string_warning = off;

SET search_path = public, pg_catalog;

SET default_tablespace = '';

SET default_with_oids = false;

--
-- Name: advanceassignment; Type: TABLE; Schema: public; Owner: naval; Tablespace: 
--

CREATE TABLE advanceassignment (
    id bigint NOT NULL,
    version bigint NOT NULL,
    reportglobaladvance boolean,
    advance_type_id bigint
);


ALTER TABLE public.advanceassignment OWNER TO naval;

--
-- Name: advanceassignmenttemplate; Type: TABLE; Schema: public; Owner: naval; Tablespace: 
--

CREATE TABLE advanceassignmenttemplate (
    id bigint NOT NULL,
    version bigint NOT NULL,
    advance_type_id bigint,
    order_element_template_id bigint,
    reportglobaladvance boolean,
    maxvalue numeric(19,2)
);


ALTER TABLE public.advanceassignmenttemplate OWNER TO naval;

--
-- Name: advancemeasurement; Type: TABLE; Schema: public; Owner: naval; Tablespace: 
--

CREATE TABLE advancemeasurement (
    id bigint NOT NULL,
    version bigint NOT NULL,
    date date,
    value numeric(19,2),
    advance_assignment_id bigint,
    communicationdate timestamp without time zone
);


ALTER TABLE public.advancemeasurement OWNER TO naval;

--
-- Name: advancetype; Type: TABLE; Schema: public; Owner: naval; Tablespace: 
--

CREATE TABLE advancetype (
    id bigint NOT NULL,
    version bigint NOT NULL,
    unitname character varying(255),
    defaultmaxvalue numeric(19,4),
    updatable boolean,
    unitprecision numeric(19,4),
    active boolean,
    percentage boolean,
    qualityform boolean
);


ALTER TABLE public.advancetype OWNER TO naval;

--
-- Name: all_criterions; Type: TABLE; Schema: public; Owner: naval; Tablespace: 
--

CREATE TABLE all_criterions (
    generic_resource_allocation_id bigint NOT NULL,
    criterion_id bigint NOT NULL
);


ALTER TABLE public.all_criterions OWNER TO naval;

--
-- Name: assignment_function; Type: TABLE; Schema: public; Owner: naval; Tablespace: 
--

CREATE TABLE assignment_function (
    id bigint NOT NULL,
    version bigint NOT NULL
);


ALTER TABLE public.assignment_function OWNER TO naval;

--
-- Name: basecalendar; Type: TABLE; Schema: public; Owner: naval; Tablespace: 
--

CREATE TABLE basecalendar (
    id bigint NOT NULL,
    version bigint NOT NULL,
    code character varying(255) NOT NULL,
    name character varying(255)
);


ALTER TABLE public.basecalendar OWNER TO naval;

--
-- Name: calendaravailability; Type: TABLE; Schema: public; Owner: naval; Tablespace: 
--

CREATE TABLE calendaravailability (
    id bigint NOT NULL,
    version bigint NOT NULL,
    startdate date,
    enddate date,
    base_calendar_id bigint,
    position_in_calendar integer
);


ALTER TABLE public.calendaravailability OWNER TO naval;

--
-- Name: calendardata; Type: TABLE; Schema: public; Owner: naval; Tablespace: 
--

CREATE TABLE calendardata (
    id bigint NOT NULL,
    version bigint NOT NULL,
    code character varying(255) NOT NULL,
    parent bigint,
    expiringdate date,
    base_calendar_id bigint,
    position_in_calendar integer
);


ALTER TABLE public.calendardata OWNER TO naval;

--
-- Name: calendarexception; Type: TABLE; Schema: public; Owner: naval; Tablespace: 
--

CREATE TABLE calendarexception (
    id bigint NOT NULL,
    version bigint NOT NULL,
    code character varying(255) NOT NULL,
    date date,
    hours integer,
    calendar_exception_id bigint,
    base_calendar_id bigint
);


ALTER TABLE public.calendarexception OWNER TO naval;

--
-- Name: calendarexceptiontype; Type: TABLE; Schema: public; Owner: naval; Tablespace: 
--

CREATE TABLE calendarexceptiontype (
    id bigint NOT NULL,
    version bigint NOT NULL,
    code character varying(255) NOT NULL,
    name character varying(255),
    color character varying(255),
    notassignable boolean
);


ALTER TABLE public.calendarexceptiontype OWNER TO naval;

--
-- Name: configuration; Type: TABLE; Schema: public; Owner: naval; Tablespace: 
--

CREATE TABLE configuration (
    id bigint NOT NULL,
    version bigint NOT NULL,
    configuration_id bigint,
    companycode character varying(255),
    generatecodeforcriterion boolean NOT NULL,
    generatecodeforlabel boolean NOT NULL,
    generatecodeforworkreport boolean NOT NULL,
    generatecodeforresources boolean NOT NULL,
    generatecodefortypesofworkhours boolean NOT NULL,
    generatecodeformaterialcategories boolean NOT NULL,
    generatecodeforunittypes boolean NOT NULL,
    expandcompanyplanningviewcharts boolean NOT NULL,
    expandorderplanningviewcharts boolean NOT NULL,
    expandresourceloadviewcharts boolean NOT NULL
);


ALTER TABLE public.configuration OWNER TO naval;

--
-- Name: consolidatedvalue; Type: TABLE; Schema: public; Owner: naval; Tablespace: 
--

CREATE TABLE consolidatedvalue (
    id bigint NOT NULL,
    consolidated_value_type character varying(255) NOT NULL,
    version bigint NOT NULL,
    date date,
    value numeric(19,2),
    taskenddate date,
    consolidation_id bigint,
    advance_measurement_id bigint
);


ALTER TABLE public.consolidatedvalue OWNER TO naval;

--
-- Name: consolidation; Type: TABLE; Schema: public; Owner: naval; Tablespace: 
--

CREATE TABLE consolidation (
    id bigint NOT NULL,
    consolidation_type character varying(255) NOT NULL,
    version bigint NOT NULL,
    dir_advance_assignment_id bigint,
    ind_advance_assignment_id bigint
);


ALTER TABLE public.consolidation OWNER TO naval;

--
-- Name: cost_category; Type: TABLE; Schema: public; Owner: naval; Tablespace: 
--

CREATE TABLE cost_category (
    id bigint NOT NULL,
    version bigint NOT NULL,
    code character varying(255) NOT NULL,
    name character varying(255),
    enabled boolean
);


ALTER TABLE public.cost_category OWNER TO naval;

--
-- Name: criterion; Type: TABLE; Schema: public; Owner: naval; Tablespace: 
--

CREATE TABLE criterion (
    id bigint NOT NULL,
    version bigint NOT NULL,
    code character varying(255) NOT NULL,
    name character varying(255),
    active boolean,
    id_criterion_type bigint NOT NULL,
    parent bigint
);


ALTER TABLE public.criterion OWNER TO naval;

--
-- Name: criterionrequirement; Type: TABLE; Schema: public; Owner: naval; Tablespace: 
--

CREATE TABLE criterionrequirement (
    id bigint NOT NULL,
    criterion_requirement_type character varying(255) NOT NULL,
    version bigint NOT NULL,
    hours_group_id bigint,
    order_element_id bigint,
    order_element_template_id bigint,
    criterion_id bigint,
    parent bigint,
    valid boolean
);


ALTER TABLE public.criterionrequirement OWNER TO naval;

--
-- Name: criterionsatisfaction; Type: TABLE; Schema: public; Owner: naval; Tablespace: 
--

CREATE TABLE criterionsatisfaction (
    id bigint NOT NULL,
    version bigint NOT NULL,
    code character varying(255) NOT NULL,
    startdate timestamp without time zone NOT NULL,
    finishdate timestamp without time zone,
    isdeleted boolean,
    criterion bigint NOT NULL,
    resource bigint NOT NULL
);


ALTER TABLE public.criterionsatisfaction OWNER TO naval;

--
-- Name: criteriontype; Type: TABLE; Schema: public; Owner: naval; Tablespace: 
--

CREATE TABLE criteriontype (
    id bigint NOT NULL,
    version bigint NOT NULL,
    code character varying(255) NOT NULL,
    name character varying(255),
    description character varying(255),
    allowsimultaneouscriterionsperresource boolean,
    allowhierarchy boolean,
    enabled boolean,
    generatecode boolean NOT NULL,
    resource integer
);


ALTER TABLE public.criteriontype OWNER TO naval;

--
-- Name: day_assignment; Type: TABLE; Schema: public; Owner: naval; Tablespace: 
--

CREATE TABLE day_assignment (
    id bigint NOT NULL,
    day_assignment_type character varying(255) NOT NULL,
    version bigint NOT NULL,
    hours integer NOT NULL,
    consolidated boolean,
    day date NOT NULL,
    resource_id bigint NOT NULL,
    specific_container_id bigint,
    generic_container_id bigint,
    derived_container_id bigint
);


ALTER TABLE public.day_assignment OWNER TO naval;

--
-- Name: dependency; Type: TABLE; Schema: public; Owner: naval; Tablespace: 
--

CREATE TABLE dependency (
    id bigint NOT NULL,
    version bigint NOT NULL,
    origin bigint,
    destination bigint,
    queue_dependency bigint,
    type integer
);


ALTER TABLE public.dependency OWNER TO naval;

--
-- Name: derivedallocation; Type: TABLE; Schema: public; Owner: naval; Tablespace: 
--

CREATE TABLE derivedallocation (
    id bigint NOT NULL,
    version bigint NOT NULL,
    resource_allocation_id bigint,
    configurationunit bigint NOT NULL
);


ALTER TABLE public.derivedallocation OWNER TO naval;

--
-- Name: deriveddayassignmentscontainer; Type: TABLE; Schema: public; Owner: naval; Tablespace: 
--

CREATE TABLE deriveddayassignmentscontainer (
    id bigint NOT NULL,
    version bigint NOT NULL,
    derived_allocation_id bigint,
    scenario bigint
);


ALTER TABLE public.deriveddayassignmentscontainer OWNER TO naval;

--
-- Name: description_values; Type: TABLE; Schema: public; Owner: naval; Tablespace: 
--

CREATE TABLE description_values (
    description_value_id bigint NOT NULL,
    fieldname character varying(255),
    value character varying(255)
);


ALTER TABLE public.description_values OWNER TO naval;

--
-- Name: description_values_in_line; Type: TABLE; Schema: public; Owner: naval; Tablespace: 
--

CREATE TABLE description_values_in_line (
    description_value_id bigint NOT NULL,
    fieldname character varying(255),
    value character varying(255)
);


ALTER TABLE public.description_values_in_line OWNER TO naval;

--
-- Name: directadvanceassignment; Type: TABLE; Schema: public; Owner: naval; Tablespace: 
--

CREATE TABLE directadvanceassignment (
    advance_assignment_id bigint NOT NULL,
    direct_order_element_id bigint,
    maxvalue numeric(19,2)
);


ALTER TABLE public.directadvanceassignment OWNER TO naval;

--
-- Name: external_company; Type: TABLE; Schema: public; Owner: naval; Tablespace: 
--

CREATE TABLE external_company (
    id bigint NOT NULL,
    version bigint NOT NULL,
    name character varying(255),
    nif character varying(255),
    client boolean,
    subcontractor boolean,
    interactswithapplications boolean,
    appuri character varying(255),
    ourcompanylogin character varying(255),
    ourcompanypassword character varying(255),
    companyuser bigint
);


ALTER TABLE public.external_company OWNER TO naval;

--
-- Name: generic_resource_allocation; Type: TABLE; Schema: public; Owner: naval; Tablespace: 
--

CREATE TABLE generic_resource_allocation (
    resource_allocation_id bigint NOT NULL
);


ALTER TABLE public.generic_resource_allocation OWNER TO naval;

--
-- Name: genericdayassignmentscontainer; Type: TABLE; Schema: public; Owner: naval; Tablespace: 
--

CREATE TABLE genericdayassignmentscontainer (
    id bigint NOT NULL,
    version bigint NOT NULL,
    resource_allocation_id bigint,
    scenario bigint
);


ALTER TABLE public.genericdayassignmentscontainer OWNER TO naval;

--
-- Name: heading_field; Type: TABLE; Schema: public; Owner: naval; Tablespace: 
--

CREATE TABLE heading_field (
    heading_id bigint NOT NULL,
    fieldname character varying(255),
    length integer,
    positionnumber integer
);


ALTER TABLE public.heading_field OWNER TO naval;

--
-- Name: hibernate_unique_key; Type: TABLE; Schema: public; Owner: naval; Tablespace: 
--

CREATE TABLE hibernate_unique_key (
    next_hi integer
);


ALTER TABLE public.hibernate_unique_key OWNER TO naval;

--
-- Name: hour_cost; Type: TABLE; Schema: public; Owner: naval; Tablespace: 
--

CREATE TABLE hour_cost (
    id bigint NOT NULL,
    version bigint NOT NULL,
    code character varying(255) NOT NULL,
    pricecost numeric(19,2),
    initdate date,
    enddate date,
    type_of_work_hours_id bigint,
    cost_category_id bigint
);


ALTER TABLE public.hour_cost OWNER TO naval;

--
-- Name: hoursgroup; Type: TABLE; Schema: public; Owner: naval; Tablespace: 
--

CREATE TABLE hoursgroup (
    id bigint NOT NULL,
    version bigint NOT NULL,
    code character varying(255) NOT NULL,
    resourcetype character varying(255),
    workinghours integer NOT NULL,
    percentage numeric(19,2),
    fixedpercentage boolean,
    parent_order_line bigint,
    order_line_template bigint
);


ALTER TABLE public.hoursgroup OWNER TO naval;

--
-- Name: hoursperday; Type: TABLE; Schema: public; Owner: naval; Tablespace: 
--

CREATE TABLE hoursperday (
    base_calendar_id bigint NOT NULL,
    hours integer,
    day_id integer NOT NULL
);


ALTER TABLE public.hoursperday OWNER TO naval;

--
-- Name: indirectadvanceassignment; Type: TABLE; Schema: public; Owner: naval; Tablespace: 
--

CREATE TABLE indirectadvanceassignment (
    advance_assignment_id bigint NOT NULL,
    indirect_order_element_id bigint
);


ALTER TABLE public.indirectadvanceassignment OWNER TO naval;

--
-- Name: label; Type: TABLE; Schema: public; Owner: naval; Tablespace: 
--

CREATE TABLE label (
    id bigint NOT NULL,
    version bigint NOT NULL,
    code character varying(255) NOT NULL,
    name character varying(255),
    label_type_id bigint
);


ALTER TABLE public.label OWNER TO naval;

--
-- Name: label_type; Type: TABLE; Schema: public; Owner: naval; Tablespace: 
--

CREATE TABLE label_type (
    id bigint NOT NULL,
    version bigint NOT NULL,
    code character varying(255) NOT NULL,
    name character varying(255),
    generatecode boolean NOT NULL
);


ALTER TABLE public.label_type OWNER TO naval;

--
-- Name: limiting_resource_queue; Type: TABLE; Schema: public; Owner: naval; Tablespace: 
--

CREATE TABLE limiting_resource_queue (
    id bigint NOT NULL,
    version bigint NOT NULL,
    resource_id bigint
);


ALTER TABLE public.limiting_resource_queue OWNER TO naval;

--
-- Name: limiting_resource_queue_dependency; Type: TABLE; Schema: public; Owner: naval; Tablespace: 
--

CREATE TABLE limiting_resource_queue_dependency (
    id bigint NOT NULL,
    type integer,
    origin_queue_element_id bigint,
    destiny_queue_element_id bigint
);


ALTER TABLE public.limiting_resource_queue_dependency OWNER TO naval;

--
-- Name: limiting_resource_queue_element; Type: TABLE; Schema: public; Owner: naval; Tablespace: 
--

CREATE TABLE limiting_resource_queue_element (
    id bigint NOT NULL,
    version bigint NOT NULL,
    resource_allocation_id bigint,
    limiting_resource_queue_id bigint,
    earlier_start_date_because_of_gantt timestamp without time zone,
    earliest_end_date_because_of_gantt timestamp without time zone,
    creation_timestamp bigint,
    start_date date,
    start_hour integer,
    end_date date,
    end_hour integer
);


ALTER TABLE public.limiting_resource_queue_element OWNER TO naval;

--
-- Name: line_field; Type: TABLE; Schema: public; Owner: naval; Tablespace: 
--

CREATE TABLE line_field (
    heading_id bigint NOT NULL,
    fieldname character varying(255),
    length integer,
    positionnumber integer
);


ALTER TABLE public.line_field OWNER TO naval;

--
-- Name: machine; Type: TABLE; Schema: public; Owner: naval; Tablespace: 
--

CREATE TABLE machine (
    machine_id bigint NOT NULL,
    name character varying(255),
    description character varying(255)
);


ALTER TABLE public.machine OWNER TO naval;

--
-- Name: machine_configuration_unit_required_criterions; Type: TABLE; Schema: public; Owner: naval; Tablespace: 
--

CREATE TABLE machine_configuration_unit_required_criterions (
    id bigint NOT NULL,
    criterion_id bigint NOT NULL
);


ALTER TABLE public.machine_configuration_unit_required_criterions OWNER TO naval;

--
-- Name: machineworkerassignment; Type: TABLE; Schema: public; Owner: naval; Tablespace: 
--

CREATE TABLE machineworkerassignment (
    id bigint NOT NULL,
    version bigint NOT NULL,
    startdate timestamp without time zone,
    finishdate timestamp without time zone,
    configuration_id bigint NOT NULL,
    worker_id bigint
);


ALTER TABLE public.machineworkerassignment OWNER TO naval;

--
-- Name: machineworkersconfigurationunit; Type: TABLE; Schema: public; Owner: naval; Tablespace: 
--

CREATE TABLE machineworkersconfigurationunit (
    id bigint NOT NULL,
    version bigint NOT NULL,
    name character varying(255) NOT NULL,
    alpha numeric(19,2) NOT NULL,
    machine bigint NOT NULL
);


ALTER TABLE public.machineworkersconfigurationunit OWNER TO naval;

--
-- Name: material; Type: TABLE; Schema: public; Owner: naval; Tablespace: 
--

CREATE TABLE material (
    id bigint NOT NULL,
    version bigint NOT NULL,
    code character varying(255) NOT NULL,
    description character varying(255),
    default_unit_price numeric(19,2),
    unit_type bigint,
    disabled boolean,
    category_id bigint
);


ALTER TABLE public.material OWNER TO naval;

--
-- Name: material_assigment; Type: TABLE; Schema: public; Owner: naval; Tablespace: 
--

CREATE TABLE material_assigment (
    id bigint NOT NULL,
    version bigint NOT NULL,
    units double precision,
    unit_price numeric(19,2),
    material_id bigint,
    estimated_availability timestamp without time zone,
    status integer,
    order_element_id bigint
);


ALTER TABLE public.material_assigment OWNER TO naval;

--
-- Name: material_assigment_template; Type: TABLE; Schema: public; Owner: naval; Tablespace: 
--

CREATE TABLE material_assigment_template (
    id bigint NOT NULL,
    version bigint NOT NULL,
    units double precision,
    unit_price numeric(19,2),
    material_id bigint,
    order_element_template_id bigint
);


ALTER TABLE public.material_assigment_template OWNER TO naval;

--
-- Name: material_category; Type: TABLE; Schema: public; Owner: naval; Tablespace: 
--

CREATE TABLE material_category (
    id bigint NOT NULL,
    version bigint NOT NULL,
    code character varying(255) NOT NULL,
    name character varying(255),
    generatecode boolean NOT NULL,
    parent_id bigint
);


ALTER TABLE public.material_category OWNER TO naval;

--
-- Name: naval_profile; Type: TABLE; Schema: public; Owner: naval; Tablespace: 
--

CREATE TABLE naval_profile (
    id bigint NOT NULL,
    version bigint NOT NULL,
    profilename character varying(255) NOT NULL
);


ALTER TABLE public.naval_profile OWNER TO naval;

--
-- Name: naval_user; Type: TABLE; Schema: public; Owner: naval; Tablespace: 
--

CREATE TABLE naval_user (
    id bigint NOT NULL,
    version bigint NOT NULL,
    loginname character varying(255) NOT NULL,
    password character varying(255) NOT NULL,
    email character varying(255),
    disabled boolean,
    lastconnectedscenario bigint
);


ALTER TABLE public.naval_user OWNER TO naval;

--
-- Name: order_authorization; Type: TABLE; Schema: public; Owner: naval; Tablespace: 
--

CREATE TABLE order_authorization (
    id bigint NOT NULL,
    order_authorization_subclass character varying(255) NOT NULL,
    version bigint NOT NULL,
    authorizationtype character varying(255) NOT NULL,
    order_id bigint,
    user_id bigint,
    profile_id bigint
);


ALTER TABLE public.order_authorization OWNER TO naval;

--
-- Name: order_element_label; Type: TABLE; Schema: public; Owner: naval; Tablespace: 
--

CREATE TABLE order_element_label (
    order_element_id bigint NOT NULL,
    label_id bigint NOT NULL
);


ALTER TABLE public.order_element_label OWNER TO naval;

--
-- Name: order_element_template_label; Type: TABLE; Schema: public; Owner: naval; Tablespace: 
--

CREATE TABLE order_element_template_label (
    order_element_template_id bigint NOT NULL,
    label_id bigint NOT NULL
);


ALTER TABLE public.order_element_template_label OWNER TO naval;

--
-- Name: order_element_template_quality_form; Type: TABLE; Schema: public; Owner: naval; Tablespace: 
--

CREATE TABLE order_element_template_quality_form (
    order_element_template_id bigint NOT NULL,
    quality_form_id bigint NOT NULL
);


ALTER TABLE public.order_element_template_quality_form OWNER TO naval;

--
-- Name: order_table; Type: TABLE; Schema: public; Owner: naval; Tablespace: 
--

CREATE TABLE order_table (
    orderelementid bigint NOT NULL,
    responsible character varying(255),
    dependenciesconstraintshavepriority boolean,
    codeautogenerated boolean,
    lastorderelementsequencecode integer,
    workbudget numeric(19,2),
    materialsbudget numeric(19,2),
    totalhours integer,
    customerreference character varying(255),
    externalcode character varying(255),
    state integer,
    customer bigint,
    base_calendar_id bigint
);


ALTER TABLE public.order_table OWNER TO naval;

--
-- Name: orderelement; Type: TABLE; Schema: public; Owner: naval; Tablespace: 
--

CREATE TABLE orderelement (
    id bigint NOT NULL,
    version bigint NOT NULL,
    name character varying(255),
    description character varying(255),
    code character varying(255),
    initdate timestamp without time zone,
    deadline timestamp without time zone,
    lastadvancemeausurementforspreading numeric(19,2),
    dirtylastadvancemeasurementforspreading boolean,
    parent bigint,
    template bigint,
    externalcode character varying(255),
    positionincontainer integer
);


ALTER TABLE public.orderelement OWNER TO naval;

--
-- Name: orderelementtemplate; Type: TABLE; Schema: public; Owner: naval; Tablespace: 
--

CREATE TABLE orderelementtemplate (
    id bigint NOT NULL,
    version bigint NOT NULL,
    name character varying(255),
    description character varying(255),
    code character varying(255),
    startasdaysfrombeginning integer,
    deadlineasdaysfrombeginning integer,
    schedulingstatetype integer,
    parent bigint,
    positionincontainer integer
);


ALTER TABLE public.orderelementtemplate OWNER TO naval;

--
-- Name: orderline; Type: TABLE; Schema: public; Owner: naval; Tablespace: 
--

CREATE TABLE orderline (
    orderelementid bigint NOT NULL,
    lasthoursgroupsequencecode integer
);


ALTER TABLE public.orderline OWNER TO naval;

--
-- Name: orderlinegroup; Type: TABLE; Schema: public; Owner: naval; Tablespace: 
--

CREATE TABLE orderlinegroup (
    orderelementid bigint NOT NULL
);


ALTER TABLE public.orderlinegroup OWNER TO naval;

--
-- Name: orderlinegrouptemplate; Type: TABLE; Schema: public; Owner: naval; Tablespace: 
--

CREATE TABLE orderlinegrouptemplate (
    group_template_id bigint NOT NULL
);


ALTER TABLE public.orderlinegrouptemplate OWNER TO naval;

--
-- Name: orderlinetemplate; Type: TABLE; Schema: public; Owner: naval; Tablespace: 
--

CREATE TABLE orderlinetemplate (
    order_line_template_id bigint NOT NULL,
    lasthoursgroupsequencecode integer
);


ALTER TABLE public.orderlinetemplate OWNER TO naval;

--
-- Name: ordersequence; Type: TABLE; Schema: public; Owner: naval; Tablespace: 
--

CREATE TABLE ordersequence (
    id bigint NOT NULL,
    version bigint NOT NULL,
    prefix character varying(255),
    lastvalue integer,
    numberofdigits integer,
    active boolean
);


ALTER TABLE public.ordersequence OWNER TO naval;

--
-- Name: ordertemplate; Type: TABLE; Schema: public; Owner: naval; Tablespace: 
--

CREATE TABLE ordertemplate (
    order_template_id bigint NOT NULL,
    base_calendar_id bigint
);


ALTER TABLE public.ordertemplate OWNER TO naval;

--
-- Name: orderversion; Type: TABLE; Schema: public; Owner: naval; Tablespace: 
--

CREATE TABLE orderversion (
    id bigint NOT NULL,
    version bigint NOT NULL,
    modificationbyownertimestamp timestamp without time zone,
    ownerscenario bigint
);


ALTER TABLE public.orderversion OWNER TO naval;

--
-- Name: profile_roles; Type: TABLE; Schema: public; Owner: naval; Tablespace: 
--

CREATE TABLE profile_roles (
    profileid bigint NOT NULL,
    elt character varying(255)
);


ALTER TABLE public.profile_roles OWNER TO naval;

--
-- Name: quality_form; Type: TABLE; Schema: public; Owner: naval; Tablespace: 
--

CREATE TABLE quality_form (
    id bigint NOT NULL,
    version bigint NOT NULL,
    name character varying(255),
    description character varying(255),
    qualityformtype integer,
    reportadvance boolean,
    advance_type_id bigint
);


ALTER TABLE public.quality_form OWNER TO naval;

--
-- Name: quality_form_items; Type: TABLE; Schema: public; Owner: naval; Tablespace: 
--

CREATE TABLE quality_form_items (
    quality_form_id bigint NOT NULL,
    name character varying(255),
    percentage numeric(19,2),
    "position" integer,
    idx integer NOT NULL
);


ALTER TABLE public.quality_form_items OWNER TO naval;

--
-- Name: resource; Type: TABLE; Schema: public; Owner: naval; Tablespace: 
--

CREATE TABLE resource (
    id bigint NOT NULL,
    version bigint NOT NULL,
    code character varying(255) NOT NULL,
    generatecode boolean NOT NULL,
    limited_resource boolean NOT NULL,
    base_calendar_id bigint
);


ALTER TABLE public.resource OWNER TO naval;

--
-- Name: resourceallocation; Type: TABLE; Schema: public; Owner: naval; Tablespace: 
--

CREATE TABLE resourceallocation (
    id bigint NOT NULL,
    version bigint NOT NULL,
    resourcesperday numeric(19,2),
    intended_total_hours integer,
    originaltotalassignment integer,
    task bigint,
    assignment_function bigint
);


ALTER TABLE public.resourceallocation OWNER TO naval;

--
-- Name: resourcecalendar; Type: TABLE; Schema: public; Owner: naval; Tablespace: 
--

CREATE TABLE resourcecalendar (
    base_calendar_id bigint NOT NULL,
    capacity integer NOT NULL
);


ALTER TABLE public.resourcecalendar OWNER TO naval;

--
-- Name: resources_cost_category_assignment; Type: TABLE; Schema: public; Owner: naval; Tablespace: 
--

CREATE TABLE resources_cost_category_assignment (
    id bigint NOT NULL,
    version bigint NOT NULL,
    code character varying(255) NOT NULL,
    initdate date,
    enddate date,
    cost_category_id bigint,
    resource_id bigint
);


ALTER TABLE public.resources_cost_category_assignment OWNER TO naval;

--
-- Name: scenario; Type: TABLE; Schema: public; Owner: naval; Tablespace: 
--

CREATE TABLE scenario (
    id bigint NOT NULL,
    version bigint NOT NULL,
    name character varying(255),
    description character varying(255),
    lastnotownedreassignationstimestamp timestamp without time zone,
    predecessor bigint
);


ALTER TABLE public.scenario OWNER TO naval;

--
-- Name: scenario_orders; Type: TABLE; Schema: public; Owner: naval; Tablespace: 
--

CREATE TABLE scenario_orders (
    order_id bigint NOT NULL,
    order_version_id bigint NOT NULL,
    scenario_id bigint NOT NULL
);


ALTER TABLE public.scenario_orders OWNER TO naval;

--
-- Name: scheduling_states_by_order_version; Type: TABLE; Schema: public; Owner: naval; Tablespace: 
--

CREATE TABLE scheduling_states_by_order_version (
    order_element_id bigint NOT NULL,
    scheduling_state_for_version_id bigint NOT NULL,
    order_version_id bigint NOT NULL
);


ALTER TABLE public.scheduling_states_by_order_version OWNER TO naval;

--
-- Name: schedulingdataforversion; Type: TABLE; Schema: public; Owner: naval; Tablespace: 
--

CREATE TABLE schedulingdataforversion (
    id bigint NOT NULL,
    version bigint NOT NULL,
    schedulingstatetype integer,
    order_element_id bigint
);


ALTER TABLE public.schedulingdataforversion OWNER TO naval;

--
-- Name: specific_resource_allocation; Type: TABLE; Schema: public; Owner: naval; Tablespace: 
--

CREATE TABLE specific_resource_allocation (
    resource_allocation_id bigint NOT NULL,
    resource bigint
);


ALTER TABLE public.specific_resource_allocation OWNER TO naval;

--
-- Name: specificdayassignmentscontainer; Type: TABLE; Schema: public; Owner: naval; Tablespace: 
--

CREATE TABLE specificdayassignmentscontainer (
    id bigint NOT NULL,
    version bigint NOT NULL,
    resource_allocation_id bigint,
    scenario bigint
);


ALTER TABLE public.specificdayassignmentscontainer OWNER TO naval;

--
-- Name: stretches; Type: TABLE; Schema: public; Owner: naval; Tablespace: 
--

CREATE TABLE stretches (
    assignment_function_id bigint NOT NULL,
    date date NOT NULL,
    lengthpercentage numeric(19,2) NOT NULL,
    amountworkpercentage numeric(19,2) NOT NULL,
    stretch_position integer NOT NULL
);


ALTER TABLE public.stretches OWNER TO naval;

--
-- Name: stretchesfunction; Type: TABLE; Schema: public; Owner: naval; Tablespace: 
--

CREATE TABLE stretchesfunction (
    assignment_function_id bigint NOT NULL,
    type integer
);


ALTER TABLE public.stretchesfunction OWNER TO naval;

--
-- Name: subcontractedtaskdata; Type: TABLE; Schema: public; Owner: naval; Tablespace: 
--

CREATE TABLE subcontractedtaskdata (
    id bigint NOT NULL,
    version bigint NOT NULL,
    externalcompany bigint,
    subcontratationdate timestamp without time zone,
    subcontractcommunicationdate timestamp without time zone,
    workdescription character varying(255),
    subcontractprice numeric(19,2),
    subcontractedcode character varying(255),
    nodewithoutchildrenexported boolean,
    labelsexported boolean,
    materialassignmentsexported boolean,
    hoursgroupsexported boolean,
    state integer
);


ALTER TABLE public.subcontractedtaskdata OWNER TO naval;

--
-- Name: task; Type: TABLE; Schema: public; Owner: naval; Tablespace: 
--

CREATE TABLE task (
    task_element_id bigint NOT NULL,
    calculatedvalue integer,
    startconstrainttype integer,
    constraintdate timestamp without time zone,
    subcontrated_task_data_id bigint,
    priority integer
);


ALTER TABLE public.task OWNER TO naval;

--
-- Name: task_quality_form; Type: TABLE; Schema: public; Owner: naval; Tablespace: 
--

CREATE TABLE task_quality_form (
    id bigint NOT NULL,
    version bigint NOT NULL,
    quality_form_id bigint,
    order_element_id bigint,
    reportadvance boolean
);


ALTER TABLE public.task_quality_form OWNER TO naval;

--
-- Name: task_quality_form_items; Type: TABLE; Schema: public; Owner: naval; Tablespace: 
--

CREATE TABLE task_quality_form_items (
    task_quality_form_id bigint NOT NULL,
    name character varying(255),
    percentage numeric(19,2),
    "position" integer,
    passed boolean,
    date timestamp without time zone,
    idx integer NOT NULL
);


ALTER TABLE public.task_quality_form_items OWNER TO naval;

--
-- Name: task_source_hours_groups; Type: TABLE; Schema: public; Owner: naval; Tablespace: 
--

CREATE TABLE task_source_hours_groups (
    task_source_id bigint NOT NULL,
    hours_group_id bigint NOT NULL
);


ALTER TABLE public.task_source_hours_groups OWNER TO naval;

--
-- Name: taskelement; Type: TABLE; Schema: public; Owner: naval; Tablespace: 
--

CREATE TABLE taskelement (
    id bigint NOT NULL,
    version bigint NOT NULL,
    name character varying(255),
    notes character varying(255),
    startdate timestamp without time zone NOT NULL,
    enddate timestamp without time zone NOT NULL,
    deadline date,
    advance_percentage numeric(19,2),
    parent bigint,
    base_calendar_id bigint,
    positioninparent integer
);


ALTER TABLE public.taskelement OWNER TO naval;

--
-- Name: taskgroup; Type: TABLE; Schema: public; Owner: naval; Tablespace: 
--

CREATE TABLE taskgroup (
    task_element_id bigint NOT NULL
);


ALTER TABLE public.taskgroup OWNER TO naval;

--
-- Name: taskmilestone; Type: TABLE; Schema: public; Owner: naval; Tablespace: 
--

CREATE TABLE taskmilestone (
    task_element_id bigint NOT NULL
);


ALTER TABLE public.taskmilestone OWNER TO naval;

--
-- Name: tasksource; Type: TABLE; Schema: public; Owner: naval; Tablespace: 
--

CREATE TABLE tasksource (
    id bigint NOT NULL,
    version bigint NOT NULL,
    schedulingdata bigint
);


ALTER TABLE public.tasksource OWNER TO naval;

--
-- Name: type_of_work_hours; Type: TABLE; Schema: public; Owner: naval; Tablespace: 
--

CREATE TABLE type_of_work_hours (
    id bigint NOT NULL,
    version bigint NOT NULL,
    name character varying(255),
    code character varying(255),
    defaultprice numeric(19,2),
    enabled boolean,
    generatecode boolean NOT NULL
);


ALTER TABLE public.type_of_work_hours OWNER TO naval;

--
-- Name: unit_type; Type: TABLE; Schema: public; Owner: naval; Tablespace: 
--

CREATE TABLE unit_type (
    id bigint NOT NULL,
    version bigint NOT NULL,
    code character varying(255) NOT NULL,
    measure character varying(255),
    generatecode boolean NOT NULL
);


ALTER TABLE public.unit_type OWNER TO naval;

--
-- Name: user_profiles; Type: TABLE; Schema: public; Owner: naval; Tablespace: 
--

CREATE TABLE user_profiles (
    user_id bigint NOT NULL,
    profile_id bigint NOT NULL
);


ALTER TABLE public.user_profiles OWNER TO naval;

--
-- Name: user_roles; Type: TABLE; Schema: public; Owner: naval; Tablespace: 
--

CREATE TABLE user_roles (
    userid bigint NOT NULL,
    elt character varying(255)
);


ALTER TABLE public.user_roles OWNER TO naval;

--
-- Name: virtualworker; Type: TABLE; Schema: public; Owner: naval; Tablespace: 
--

CREATE TABLE virtualworker (
    virtualworker_id bigint NOT NULL,
    observations character varying(255)
);


ALTER TABLE public.virtualworker OWNER TO naval;

--
-- Name: work_report; Type: TABLE; Schema: public; Owner: naval; Tablespace: 
--

CREATE TABLE work_report (
    id bigint NOT NULL,
    version bigint NOT NULL,
    code character varying(255) NOT NULL,
    date timestamp without time zone,
    generatecode boolean NOT NULL,
    work_report_type_id bigint NOT NULL,
    resource_id bigint,
    order_element_id bigint
);


ALTER TABLE public.work_report OWNER TO naval;

--
-- Name: work_report_label_type_assigment; Type: TABLE; Schema: public; Owner: naval; Tablespace: 
--

CREATE TABLE work_report_label_type_assigment (
    id bigint NOT NULL,
    version bigint NOT NULL,
    labelssharedbylines boolean,
    positionnumber integer,
    label_type_id bigint,
    label_id bigint,
    work_report_type_id bigint
);


ALTER TABLE public.work_report_label_type_assigment OWNER TO naval;

--
-- Name: work_report_line; Type: TABLE; Schema: public; Owner: naval; Tablespace: 
--

CREATE TABLE work_report_line (
    id bigint NOT NULL,
    version bigint NOT NULL,
    code character varying(255) NOT NULL,
    numhours integer,
    date timestamp without time zone,
    clockstart integer,
    clockfinish integer,
    work_report_id bigint,
    resource_id bigint NOT NULL,
    order_element_id bigint NOT NULL,
    type_work_hours_id bigint NOT NULL
);


ALTER TABLE public.work_report_line OWNER TO naval;

--
-- Name: work_report_type; Type: TABLE; Schema: public; Owner: naval; Tablespace: 
--

CREATE TABLE work_report_type (
    id bigint NOT NULL,
    version bigint NOT NULL,
    name character varying(255),
    code character varying(255),
    dateissharedbylines boolean,
    resourceissharedinlines boolean,
    orderelementissharedinlines boolean,
    hoursmanagement integer
);


ALTER TABLE public.work_report_type OWNER TO naval;

--
-- Name: worker; Type: TABLE; Schema: public; Owner: naval; Tablespace: 
--

CREATE TABLE worker (
    worker_id bigint NOT NULL,
    firstname character varying(255),
    surname character varying(255),
    nif character varying(255)
);


ALTER TABLE public.worker OWNER TO naval;

--
-- Name: workreports_labels; Type: TABLE; Schema: public; Owner: naval; Tablespace: 
--

CREATE TABLE workreports_labels (
    work_report_id bigint NOT NULL,
    label_id bigint NOT NULL
);


ALTER TABLE public.workreports_labels OWNER TO naval;

--
-- Name: workreportslines_labels; Type: TABLE; Schema: public; Owner: naval; Tablespace: 
--

CREATE TABLE workreportslines_labels (
    work_report_line_id bigint NOT NULL,
    label_id bigint NOT NULL
);


ALTER TABLE public.workreportslines_labels OWNER TO naval;

--
-- Data for Name: advanceassignment; Type: TABLE DATA; Schema: public; Owner: naval
--

COPY advanceassignment (id, version, reportglobaladvance, advance_type_id) FROM stdin;
\.


--
-- Data for Name: advanceassignmenttemplate; Type: TABLE DATA; Schema: public; Owner: naval
--

COPY advanceassignmenttemplate (id, version, advance_type_id, order_element_template_id, reportglobaladvance, maxvalue) FROM stdin;
\.


--
-- Data for Name: advancemeasurement; Type: TABLE DATA; Schema: public; Owner: naval
--

COPY advancemeasurement (id, version, date, value, advance_assignment_id, communicationdate) FROM stdin;
\.


--
-- Data for Name: advancetype; Type: TABLE DATA; Schema: public; Owner: naval
--

COPY advancetype (id, version, unitname, defaultmaxvalue, updatable, unitprecision, active, percentage, qualityform) FROM stdin;
404	4	children	100.0000	f	0.0100	t	t	f
405	3	percentage	100.0000	f	0.0100	t	t	f
406	2	units	2147483647.0000	f	1.0000	t	f	f
407	1	subcontractor	100.0000	f	0.0100	t	t	f
\.


--
-- Data for Name: all_criterions; Type: TABLE DATA; Schema: public; Owner: naval
--

COPY all_criterions (generic_resource_allocation_id, criterion_id) FROM stdin;
\.


--
-- Data for Name: assignment_function; Type: TABLE DATA; Schema: public; Owner: naval
--

COPY assignment_function (id, version) FROM stdin;
\.


--
-- Data for Name: basecalendar; Type: TABLE DATA; Schema: public; Owner: naval
--

COPY basecalendar (id, version, code, name) FROM stdin;
506	1	3685c980-1006-4691-9d35-dc3684d0f439	Coruña
505	2	a2957eea-18ba-45e4-af65-b57878f18fce	Default
507	1	687f7478-4ba3-48bc-8f2f-47fbb9a4b87c	Pontevedra
508	3	9ebb3471-4ea4-4dc4-9ee6-3acb1e030ff5	\N
509	1	f693644e-9653-400a-8994-92456bd7affb	\N
510	1	5b04864e-7bdc-451e-a822-a0f89d3d927b	\N
511	1	8f51e287-69b5-4a9e-97e4-7c87f1d67b95	\N
512	1	7e7467f5-84e5-4468-a73a-6154ffe58afb	\N
513	1	975f39aa-d63b-4d12-a327-0383de72ebad	\N
514	1	85bd3e44-ddd2-4209-822a-28b5ac23e70c	\N
515	1	3e625c59-01c6-4067-aaa2-e90a8a6b5a1a	\N
516	1	88380002-93e7-4af9-97a9-49cce67d8e70	\N
\.


--
-- Data for Name: calendaravailability; Type: TABLE DATA; Schema: public; Owner: naval
--

COPY calendaravailability (id, version, startdate, enddate, base_calendar_id, position_in_calendar) FROM stdin;
1717	3	2010-07-12	\N	508	0
1718	1	2010-07-12	\N	509	0
1719	1	2010-07-12	\N	510	0
1720	1	2010-07-12	\N	511	0
1721	1	2010-07-12	\N	512	0
1722	1	2010-07-12	\N	513	0
1723	1	2010-07-12	\N	514	0
1724	1	2010-07-12	\N	515	0
1725	1	2010-07-12	\N	516	0
\.


--
-- Data for Name: calendardata; Type: TABLE DATA; Schema: public; Owner: naval
--

COPY calendardata (id, version, code, parent, expiringdate, base_calendar_id, position_in_calendar) FROM stdin;
607	1	322764bb-28a8-49dd-98d9-18a1f61edb69	505	\N	506	0
606	2	97b3fa4e-1e75-4d81-a3d4-c14ec4caacf1	\N	\N	505	0
608	1	e38efe1b-4767-491f-890c-409a85c81d96	505	\N	507	0
609	3	3e2adf2c-2bbd-49f4-ba22-72403ff05910	507	\N	508	0
610	1	742ad580-c08b-441c-a7e3-2be6c32fbdef	507	\N	509	0
611	1	058ef40c-1891-4acb-ad04-cdfb710a99fb	507	\N	510	0
612	1	6ca93742-05de-4eef-97d1-2df17a094579	507	\N	511	0
613	1	c204b9a7-221f-4cef-aee9-1ff813e70242	507	\N	512	0
614	1	4b782780-6be9-4df4-aa4c-fe91f5cbe4ed	507	\N	513	0
615	1	684cfe4b-abdc-4b95-8b4f-f14f0010a13b	505	\N	514	0
616	1	9219ade6-468f-46de-9a73-ea378267f373	507	\N	515	0
617	1	e2f1eb07-ed0e-451f-b432-7e7eb28da9ea	507	\N	516	0
\.


--
-- Data for Name: calendarexception; Type: TABLE DATA; Schema: public; Owner: naval
--

COPY calendarexception (id, version, code, date, hours, calendar_exception_id, base_calendar_id) FROM stdin;
1515	1	9f017846-8e68-4aa4-988e-9cfb183f791a	2010-02-19	8	1014	506
1516	1	76d2195a-a186-4c88-910d-9ad3e5db52f4	2010-10-07	8	1014	506
1517	1	20960850-d15a-4298-aafb-a71264df4a7b	2010-12-08	8	1014	505
1518	1	d5ae718b-65e9-45b7-922b-d79b9739e729	2009-03-19	8	1014	505
1519	1	d3e465c6-9bd3-4772-80b1-387647c99ac1	2010-01-06	8	1014	505
1520	1	255e0c62-620b-4a89-bd96-61006bcbf0a2	2009-01-06	8	1014	505
1521	1	2b3a041b-7967-42bf-96d8-ecfe89a350a3	2010-03-19	8	1014	505
1522	1	38a902d2-7902-4cba-bf3f-ee615367800f	2009-01-01	8	1014	505
1523	1	5bec8848-b32a-4a51-a18e-9de5964eb071	2009-12-08	8	1014	505
1524	1	b9eabe20-7e52-4a95-a40f-745b1af5ac12	2010-12-06	8	1014	505
1525	1	c8e14103-b446-4e7f-b520-b441227a49bd	2010-01-01	8	1014	505
1526	1	11dd6cfc-57f4-470c-99e3-ee7be4700d3a	2010-02-23	8	1014	507
1527	1	7710df59-bd8a-4371-8664-94fa4f54576f	2010-08-04	8	1014	507
\.


--
-- Data for Name: calendarexceptiontype; Type: TABLE DATA; Schema: public; Owner: naval
--

COPY calendarexceptiontype (id, version, code, name, color, notassignable) FROM stdin;
1010	6	HOLIDAY	HOLIDAY	red	t
1011	5	SICK_LEAVE	SICK_LEAVE	red	t
1012	4	LEAVE	LEAVE	red	t
1013	3	STRIKE	STRIKE	red	t
1014	2	BANK_HOLIDAY	BANK_HOLIDAY	red	t
1015	1	WORKABLE_BANK_HOLIDAY	WORKABLE_BANK_HOLIDAY	orange	f
\.


--
-- Data for Name: configuration; Type: TABLE DATA; Schema: public; Owner: naval
--

COPY configuration (id, version, configuration_id, companycode, generatecodeforcriterion, generatecodeforlabel, generatecodeforworkreport, generatecodeforresources, generatecodefortypesofworkhours, generatecodeformaterialcategories, generatecodeforunittypes, expandcompanyplanningviewcharts, expandorderplanningviewcharts, expandresourceloadviewcharts) FROM stdin;
707	1	505	COMPANY_CODE	f	f	f	f	f	f	f	t	t	t
\.


--
-- Data for Name: consolidatedvalue; Type: TABLE DATA; Schema: public; Owner: naval
--

COPY consolidatedvalue (id, consolidated_value_type, version, date, value, taskenddate, consolidation_id, advance_measurement_id) FROM stdin;
\.


--
-- Data for Name: consolidation; Type: TABLE DATA; Schema: public; Owner: naval
--

COPY consolidation (id, consolidation_type, version, dir_advance_assignment_id, ind_advance_assignment_id) FROM stdin;
\.


--
-- Data for Name: cost_category; Type: TABLE DATA; Schema: public; Owner: naval
--

COPY cost_category (id, version, code, name, enabled) FROM stdin;
1313	1	b851f608-b77a-4a27-99da-914ad5eef302	Peón	t
1314	2	aa31a7e2-5c8d-4337-9943-902349ce593d	Oficial	t
\.


--
-- Data for Name: criterion; Type: TABLE DATA; Schema: public; Owner: naval
--

COPY criterion (id, version, code, name, active, id_criterion_type, parent) FROM stdin;
101	14	693c96f8-22c5-4d7b-b2a7-7822325f9180	medicalLeave	t	1	\N
102	13	1c6b250d-1012-4cf1-820f-4a37d63aa0c1	paternityLeave	t	1	\N
103	4	30ff3acb-1955-4e61-a79b-68ae688dc441	hiredResourceWorkingRelationship	t	5	\N
104	3	4b39646a-2e5a-4eb0-8d7f-a1a9b1f8010e	firedResourceWorkingRelationship	t	5	\N
105	1	081246b0-675c-4dee-8822-113a1378ca9f	Pintor	t	4	\N
106	1	7d265276-0d48-4892-9c1d-e82a8823b2d0	Capataz	t	4	\N
107	1	9375b411-4af5-4a9a-b519-9318fef9fae7	Soldador	t	4	\N
108	1	0cb672be-3c2b-406e-b129-4665b2806c29	Coruña	t	6	\N
109	1	f5719466-e0ac-4e03-99c9-752d497532be	Pontevedra	t	6	\N
\.


--
-- Data for Name: criterionrequirement; Type: TABLE DATA; Schema: public; Owner: naval
--

COPY criterionrequirement (id, criterion_requirement_type, version, hours_group_id, order_element_id, order_element_template_id, criterion_id, parent, valid) FROM stdin;
\.


--
-- Data for Name: criterionsatisfaction; Type: TABLE DATA; Schema: public; Owner: naval
--

COPY criterionsatisfaction (id, version, code, startdate, finishdate, isdeleted, criterion, resource) FROM stdin;
1818	3	6af403e8-5db6-4345-a6b3-554af44ab8c7	2010-01-12 00:00:00	\N	f	106	1617
1819	3	1fc00e6d-304e-459b-8fd2-42aa698f0489	2010-01-12 00:00:00	\N	f	109	1617
1820	1	c09d65cf-9b86-4f09-8ac1-52f25d1288b6	2010-01-01 00:00:00	\N	f	109	1619
1821	1	21b9b92f-6209-4321-9672-600c5c93661a	2010-01-01 00:00:00	\N	f	105	1619
1822	1	a62d7acb-aedd-42f9-8b59-1a302ba83236	2010-07-01 00:00:00	\N	f	105	1621
1823	1	21f16db3-c723-4ca0-8045-1722cb0ad708	2010-07-01 00:00:00	\N	f	109	1621
1824	1	d6b041ca-84c7-4e07-a6e9-1dca7784960a	2009-01-01 00:00:00	\N	f	105	1623
1825	1	2b280a26-aa30-4457-a72a-fdefe98091ee	2009-01-01 00:00:00	\N	f	109	1623
1826	1	5f3a3b0c-223b-4d9f-a38d-84be398d236b	2009-01-01 00:00:00	2010-12-31 00:00:00	f	105	1625
1827	1	ad4624d0-9ca3-4f5a-9982-1869075446ae	2009-01-01 00:00:00	2010-12-31 00:00:00	f	109	1625
1828	1	680d44b3-57f4-4c3b-b576-dc7609f2cedd	2009-01-01 00:00:00	2009-12-31 00:00:00	f	107	1627
1829	1	39d358f0-1460-4474-9e45-7bf39b69c125	2009-01-01 00:00:00	2009-12-31 00:00:00	f	109	1627
1830	1	5d5ee6cc-10f4-4d89-893d-568aa0f627a0	2009-01-01 00:00:00	\N	f	109	1629
1831	1	e17af40b-a1d8-445d-918b-a5791f5c6577	2009-01-01 00:00:00	\N	f	107	1629
1832	1	621ad988-f19c-4843-9756-b9f125e97819	2010-01-01 00:00:00	\N	f	109	1631
1833	1	fa7198dc-47e4-40fc-89c5-309bce23497d	2010-01-01 00:00:00	\N	f	107	1631
1834	1	ab9d5be4-0d89-4efc-96a1-144d2c4f1b03	2010-07-01 00:00:00	\N	f	109	1633
1835	1	23e67b60-9508-41a6-ba22-4a877b9a9b79	2010-07-01 00:00:00	\N	f	107	1633
\.


--
-- Data for Name: criteriontype; Type: TABLE DATA; Schema: public; Owner: naval
--

COPY criteriontype (id, version, code, name, description, allowsimultaneouscriterionsperresource, allowhierarchy, enabled, generatecode, resource) FROM stdin;
1	15	b65ae3c8-46dd-4272-8229-48e18d2f1d94	LEAVE	Leave	f	f	t	f	1
2	11	c6caaf5f-c991-49c0-a6d0-df60a8b626a4	CATEGORY	Professional category	t	t	t	f	1
3	9	2a491f98-9502-4231-9173-dc72bdd722b7	TRAINING	Training courses and labor training	t	t	t	f	1
5	5	d90a5adf-d687-4279-9f51-1df8b2c816a4	WORK_RELATIONSHIP	Relationship of the resource with the enterprise 	f	f	t	f	1
4	8	4974aafc-0893-4737-b466-e5af8994fcac	JOB	Job	t	t	t	f	1
6	2	ef4d832a-f4b0-47c3-84ea-06fd7f5ebb24	LOCATION_GROUP	Location where the resource work	t	f	t	f	0
\.


--
-- Data for Name: day_assignment; Type: TABLE DATA; Schema: public; Owner: naval
--

COPY day_assignment (id, day_assignment_type, version, hours, consolidated, day, resource_id, specific_container_id, generic_container_id, derived_container_id) FROM stdin;
\.


--
-- Data for Name: dependency; Type: TABLE DATA; Schema: public; Owner: naval
--

COPY dependency (id, version, origin, destination, queue_dependency, type) FROM stdin;
\.


--
-- Data for Name: derivedallocation; Type: TABLE DATA; Schema: public; Owner: naval
--

COPY derivedallocation (id, version, resource_allocation_id, configurationunit) FROM stdin;
\.


--
-- Data for Name: deriveddayassignmentscontainer; Type: TABLE DATA; Schema: public; Owner: naval
--

COPY deriveddayassignmentscontainer (id, version, derived_allocation_id, scenario) FROM stdin;
\.


--
-- Data for Name: description_values; Type: TABLE DATA; Schema: public; Owner: naval
--

COPY description_values (description_value_id, fieldname, value) FROM stdin;
\.


--
-- Data for Name: description_values_in_line; Type: TABLE DATA; Schema: public; Owner: naval
--

COPY description_values_in_line (description_value_id, fieldname, value) FROM stdin;
\.


--
-- Data for Name: directadvanceassignment; Type: TABLE DATA; Schema: public; Owner: naval
--

COPY directadvanceassignment (advance_assignment_id, direct_order_element_id, maxvalue) FROM stdin;
\.


--
-- Data for Name: external_company; Type: TABLE DATA; Schema: public; Owner: naval
--

COPY external_company (id, version, name, nif, client, subcontractor, interactswithapplications, appuri, ourcompanylogin, ourcompanypassword, companyuser) FROM stdin;
\.


--
-- Data for Name: generic_resource_allocation; Type: TABLE DATA; Schema: public; Owner: naval
--

COPY generic_resource_allocation (resource_allocation_id) FROM stdin;
\.


--
-- Data for Name: genericdayassignmentscontainer; Type: TABLE DATA; Schema: public; Owner: naval
--

COPY genericdayassignmentscontainer (id, version, resource_allocation_id, scenario) FROM stdin;
\.


--
-- Data for Name: heading_field; Type: TABLE DATA; Schema: public; Owner: naval
--

COPY heading_field (heading_id, fieldname, length, positionnumber) FROM stdin;
\.


--
-- Data for Name: hibernate_unique_key; Type: TABLE DATA; Schema: public; Owner: naval
--

COPY hibernate_unique_key (next_hi) FROM stdin;
20
\.


--
-- Data for Name: hour_cost; Type: TABLE DATA; Schema: public; Owner: naval
--

COPY hour_cost (id, version, code, pricecost, initdate, enddate, type_of_work_hours_id, cost_category_id) FROM stdin;
1414	1	5a97a149-4210-40e1-8231-9884a8917163	9.00	2009-01-01	2009-12-31	1212	1313
1415	1	b8b87f1f-decf-4b4f-877d-8e7453c512d7	10.00	2010-01-01	\N	1212	1313
1416	1	a3f684d6-fab0-4216-b80a-8c54ce77f431	15.00	2010-01-12	\N	1213	1313
1417	1	a3f32c1c-9101-4be1-a88e-fe49acea18bd	14.00	2009-01-01	2009-12-31	1213	1313
1420	1	cb5465c4-2a83-4e35-9b93-81c2cadd5aef	15.00	2010-01-01	\N	1212	1314
1421	1	ece08593-a215-466c-a29e-c8e1bdfcacfb	20.00	2010-01-01	\N	1213	1314
1418	2	ce075cec-5a1d-48b3-917c-3a4db46063ec	19.00	2009-01-01	2009-12-31	1213	1314
1419	2	ca604069-fc0c-469b-b3bb-2b4b0dfb73da	14.00	2009-01-01	2009-12-31	1212	1314
\.


--
-- Data for Name: hoursgroup; Type: TABLE DATA; Schema: public; Owner: naval
--

COPY hoursgroup (id, version, code, resourcetype, workinghours, percentage, fixedpercentage, parent_order_line, order_line_template) FROM stdin;
\.


--
-- Data for Name: hoursperday; Type: TABLE DATA; Schema: public; Owner: naval
--

COPY hoursperday (base_calendar_id, hours, day_id) FROM stdin;
606	8	0
606	8	1
606	8	2
606	8	3
606	8	4
606	0	5
606	0	6
\.


--
-- Data for Name: indirectadvanceassignment; Type: TABLE DATA; Schema: public; Owner: naval
--

COPY indirectadvanceassignment (advance_assignment_id, indirect_order_element_id) FROM stdin;
\.


--
-- Data for Name: label; Type: TABLE DATA; Schema: public; Owner: naval
--

COPY label (id, version, code, name, label_type_id) FROM stdin;
\.


--
-- Data for Name: label_type; Type: TABLE DATA; Schema: public; Owner: naval
--

COPY label_type (id, version, code, name, generatecode) FROM stdin;
\.


--
-- Data for Name: limiting_resource_queue; Type: TABLE DATA; Schema: public; Owner: naval
--

COPY limiting_resource_queue (id, version, resource_id) FROM stdin;
\.


--
-- Data for Name: limiting_resource_queue_dependency; Type: TABLE DATA; Schema: public; Owner: naval
--

COPY limiting_resource_queue_dependency (id, type, origin_queue_element_id, destiny_queue_element_id) FROM stdin;
\.


--
-- Data for Name: limiting_resource_queue_element; Type: TABLE DATA; Schema: public; Owner: naval
--

COPY limiting_resource_queue_element (id, version, resource_allocation_id, limiting_resource_queue_id, earlier_start_date_because_of_gantt, earliest_end_date_because_of_gantt, creation_timestamp, start_date, start_hour, end_date, end_hour) FROM stdin;
\.


--
-- Data for Name: line_field; Type: TABLE DATA; Schema: public; Owner: naval
--

COPY line_field (heading_id, fieldname, length, positionnumber) FROM stdin;
\.


--
-- Data for Name: machine; Type: TABLE DATA; Schema: public; Owner: naval
--

COPY machine (machine_id, name, description) FROM stdin;
\.


--
-- Data for Name: machine_configuration_unit_required_criterions; Type: TABLE DATA; Schema: public; Owner: naval
--

COPY machine_configuration_unit_required_criterions (id, criterion_id) FROM stdin;
\.


--
-- Data for Name: machineworkerassignment; Type: TABLE DATA; Schema: public; Owner: naval
--

COPY machineworkerassignment (id, version, startdate, finishdate, configuration_id, worker_id) FROM stdin;
\.


--
-- Data for Name: machineworkersconfigurationunit; Type: TABLE DATA; Schema: public; Owner: naval
--

COPY machineworkersconfigurationunit (id, version, name, alpha, machine) FROM stdin;
\.


--
-- Data for Name: material; Type: TABLE DATA; Schema: public; Owner: naval
--

COPY material (id, version, code, description, default_unit_price, unit_type, disabled, category_id) FROM stdin;
\.


--
-- Data for Name: material_assigment; Type: TABLE DATA; Schema: public; Owner: naval
--

COPY material_assigment (id, version, units, unit_price, material_id, estimated_availability, status, order_element_id) FROM stdin;
\.


--
-- Data for Name: material_assigment_template; Type: TABLE DATA; Schema: public; Owner: naval
--

COPY material_assigment_template (id, version, units, unit_price, material_id, order_element_template_id) FROM stdin;
\.


--
-- Data for Name: material_category; Type: TABLE DATA; Schema: public; Owner: naval
--

COPY material_category (id, version, code, name, generatecode, parent_id) FROM stdin;
202	1	0ac1e6a6-02ee-4e51-9f7d-b90c64b49f04	Imported materials without category	f	\N
\.


--
-- Data for Name: naval_profile; Type: TABLE DATA; Schema: public; Owner: naval
--

COPY naval_profile (id, version, profilename) FROM stdin;
\.


--
-- Data for Name: naval_user; Type: TABLE DATA; Schema: public; Owner: naval
--

COPY naval_user (id, version, loginname, password, email, disabled, lastconnectedscenario) FROM stdin;
1111	4	user	c35c71570b3f45bb21a588107e7cb946b3c50bf2cd9e885d3876de669a73df1133aabe8b69d24db37837c6f26f9e7bc35dc34ee04c8f9a51d53ed7d82859f80e	\N	f	\N
1112	3	admin	e02a1a8809e830cf7b7c875e43c16e684ed02a818c7ac25aeadd515432f908ea041447720c194d6b0ec19a1c3dd97f7b378efaab4dd8efd46de568adf3f44c9a	\N	f	\N
1113	2	wsreader	9134100ea9446b87a04cda86febe02900e53ca5af2f5b9422c5120bc3291079a7de3ea91ec72e944167e3fbcb97d35a2a904ee66bacf3727a67f7e5bf9fdaadc	\N	f	\N
1114	1	wswriter	a3d23705b1bb5ededfc890707b8e3331760206a6ceb213469fdf320dbe889170c2da17106005c5d057c51462621d7d77f33e005e6b9f1cddec6fa8c9b7a66eb8	\N	f	\N
\.


--
-- Data for Name: order_authorization; Type: TABLE DATA; Schema: public; Owner: naval
--

COPY order_authorization (id, order_authorization_subclass, version, authorizationtype, order_id, user_id, profile_id) FROM stdin;
\.


--
-- Data for Name: order_element_label; Type: TABLE DATA; Schema: public; Owner: naval
--

COPY order_element_label (order_element_id, label_id) FROM stdin;
\.


--
-- Data for Name: order_element_template_label; Type: TABLE DATA; Schema: public; Owner: naval
--

COPY order_element_template_label (order_element_template_id, label_id) FROM stdin;
\.


--
-- Data for Name: order_element_template_quality_form; Type: TABLE DATA; Schema: public; Owner: naval
--

COPY order_element_template_quality_form (order_element_template_id, quality_form_id) FROM stdin;
\.


--
-- Data for Name: order_table; Type: TABLE DATA; Schema: public; Owner: naval
--

COPY order_table (orderelementid, responsible, dependenciesconstraintshavepriority, codeautogenerated, lastorderelementsequencecode, workbudget, materialsbudget, totalhours, customerreference, externalcode, state, customer, base_calendar_id) FROM stdin;
\.


--
-- Data for Name: orderelement; Type: TABLE DATA; Schema: public; Owner: naval
--

COPY orderelement (id, version, name, description, code, initdate, deadline, lastadvancemeausurementforspreading, dirtylastadvancemeasurementforspreading, parent, template, externalcode, positionincontainer) FROM stdin;
\.


--
-- Data for Name: orderelementtemplate; Type: TABLE DATA; Schema: public; Owner: naval
--

COPY orderelementtemplate (id, version, name, description, code, startasdaysfrombeginning, deadlineasdaysfrombeginning, schedulingstatetype, parent, positionincontainer) FROM stdin;
\.


--
-- Data for Name: orderline; Type: TABLE DATA; Schema: public; Owner: naval
--

COPY orderline (orderelementid, lasthoursgroupsequencecode) FROM stdin;
\.


--
-- Data for Name: orderlinegroup; Type: TABLE DATA; Schema: public; Owner: naval
--

COPY orderlinegroup (orderelementid) FROM stdin;
\.


--
-- Data for Name: orderlinegrouptemplate; Type: TABLE DATA; Schema: public; Owner: naval
--

COPY orderlinegrouptemplate (group_template_id) FROM stdin;
\.


--
-- Data for Name: orderlinetemplate; Type: TABLE DATA; Schema: public; Owner: naval
--

COPY orderlinetemplate (order_line_template_id, lasthoursgroupsequencecode) FROM stdin;
\.


--
-- Data for Name: ordersequence; Type: TABLE DATA; Schema: public; Owner: naval
--

COPY ordersequence (id, version, prefix, lastvalue, numberofdigits, active) FROM stdin;
808	1	PREFIX	0	5	t
\.


--
-- Data for Name: ordertemplate; Type: TABLE DATA; Schema: public; Owner: naval
--

COPY ordertemplate (order_template_id, base_calendar_id) FROM stdin;
\.


--
-- Data for Name: orderversion; Type: TABLE DATA; Schema: public; Owner: naval
--

COPY orderversion (id, version, modificationbyownertimestamp, ownerscenario) FROM stdin;
\.


--
-- Data for Name: profile_roles; Type: TABLE DATA; Schema: public; Owner: naval
--

COPY profile_roles (profileid, elt) FROM stdin;
\.


--
-- Data for Name: quality_form; Type: TABLE DATA; Schema: public; Owner: naval
--

COPY quality_form (id, version, name, description, qualityformtype, reportadvance, advance_type_id) FROM stdin;
\.


--
-- Data for Name: quality_form_items; Type: TABLE DATA; Schema: public; Owner: naval
--

COPY quality_form_items (quality_form_id, name, percentage, "position", idx) FROM stdin;
\.


--
-- Data for Name: resource; Type: TABLE DATA; Schema: public; Owner: naval
--

COPY resource (id, version, code, generatecode, limited_resource, base_calendar_id) FROM stdin;
1617	3	166106cf-5fce-4a4a-bd1f-249029b3b565	t	f	508
1619	1	3d74c082-2c65-4ecf-95e8-5e631b45d35e	t	f	509
1621	1	0e516c97-8345-4091-8a0a-d9ad456c2fdd	t	f	510
1623	1	5d577cbe-be59-4f8f-b4af-5d15d958dc4e	t	f	511
1625	1	eac99541-ed3b-401d-8794-9b160f7ff8cc	t	f	512
1627	1	1849779f-4419-44dd-98a0-3612d34743e3	t	f	513
1629	1	c02f823a-a30c-4dae-af8d-3d978ac3c6d2	t	f	514
1631	1	2d3f15fc-8c78-41d6-81fa-2ca777a3e908	t	f	515
1633	1	c4180e03-c387-4d38-b216-f0cbee9250ae	t	f	516
\.


--
-- Data for Name: resourceallocation; Type: TABLE DATA; Schema: public; Owner: naval
--

COPY resourceallocation (id, version, resourcesperday, intended_total_hours, originaltotalassignment, task, assignment_function) FROM stdin;
\.


--
-- Data for Name: resourcecalendar; Type: TABLE DATA; Schema: public; Owner: naval
--

COPY resourcecalendar (base_calendar_id, capacity) FROM stdin;
508	1
509	1
510	1
511	1
512	1
513	1
514	1
515	1
516	1
\.


--
-- Data for Name: resources_cost_category_assignment; Type: TABLE DATA; Schema: public; Owner: naval
--

COPY resources_cost_category_assignment (id, version, code, initdate, enddate, cost_category_id, resource_id) FROM stdin;
1919	2	99727b20-ab7a-4eab-a4da-b501fa288928	2010-01-12	\N	1314	1617
1920	1	051ebe17-84e7-4989-8879-e246654d5338	2010-01-01	\N	1313	1619
1921	1	c2552ab2-1eaf-4f9a-a842-e9e4d44a2a8d	2010-07-01	\N	1313	1621
1922	1	98a2b0f1-2f53-4b7e-92d2-c257e6fb9fba	2009-01-01	\N	1313	1623
1923	1	3a7db51d-fc3f-41dd-82be-fbf1f22efdb8	2009-01-01	2009-12-31	1313	1625
1924	1	9ccfbe1c-3101-4bb1-ab9d-54ddafb93dba	2009-01-01	2009-12-31	1313	1627
1925	1	ceb97381-5921-48d4-b395-2d76fd5e8a70	2009-01-01	\N	1313	1629
1926	1	d6bc3bc8-cb0a-493b-9c2e-e8d300053a61	2010-01-01	\N	1313	1631
1927	1	fd2b6257-c3df-4b43-b821-ab5015d4a8b3	2010-07-01	\N	1313	1633
\.


--
-- Data for Name: scenario; Type: TABLE DATA; Schema: public; Owner: naval
--

COPY scenario (id, version, name, description, lastnotownedreassignationstimestamp, predecessor) FROM stdin;
909	0	master	\N	\N	\N
\.


--
-- Data for Name: scenario_orders; Type: TABLE DATA; Schema: public; Owner: naval
--

COPY scenario_orders (order_id, order_version_id, scenario_id) FROM stdin;
\.


--
-- Data for Name: scheduling_states_by_order_version; Type: TABLE DATA; Schema: public; Owner: naval
--

COPY scheduling_states_by_order_version (order_element_id, scheduling_state_for_version_id, order_version_id) FROM stdin;
\.


--
-- Data for Name: schedulingdataforversion; Type: TABLE DATA; Schema: public; Owner: naval
--

COPY schedulingdataforversion (id, version, schedulingstatetype, order_element_id) FROM stdin;
\.


--
-- Data for Name: specific_resource_allocation; Type: TABLE DATA; Schema: public; Owner: naval
--

COPY specific_resource_allocation (resource_allocation_id, resource) FROM stdin;
\.


--
-- Data for Name: specificdayassignmentscontainer; Type: TABLE DATA; Schema: public; Owner: naval
--

COPY specificdayassignmentscontainer (id, version, resource_allocation_id, scenario) FROM stdin;
\.


--
-- Data for Name: stretches; Type: TABLE DATA; Schema: public; Owner: naval
--

COPY stretches (assignment_function_id, date, lengthpercentage, amountworkpercentage, stretch_position) FROM stdin;
\.


--
-- Data for Name: stretchesfunction; Type: TABLE DATA; Schema: public; Owner: naval
--

COPY stretchesfunction (assignment_function_id, type) FROM stdin;
\.


--
-- Data for Name: subcontractedtaskdata; Type: TABLE DATA; Schema: public; Owner: naval
--

COPY subcontractedtaskdata (id, version, externalcompany, subcontratationdate, subcontractcommunicationdate, workdescription, subcontractprice, subcontractedcode, nodewithoutchildrenexported, labelsexported, materialassignmentsexported, hoursgroupsexported, state) FROM stdin;
\.


--
-- Data for Name: task; Type: TABLE DATA; Schema: public; Owner: naval
--

COPY task (task_element_id, calculatedvalue, startconstrainttype, constraintdate, subcontrated_task_data_id, priority) FROM stdin;
\.


--
-- Data for Name: task_quality_form; Type: TABLE DATA; Schema: public; Owner: naval
--

COPY task_quality_form (id, version, quality_form_id, order_element_id, reportadvance) FROM stdin;
\.


--
-- Data for Name: task_quality_form_items; Type: TABLE DATA; Schema: public; Owner: naval
--

COPY task_quality_form_items (task_quality_form_id, name, percentage, "position", passed, date, idx) FROM stdin;
\.


--
-- Data for Name: task_source_hours_groups; Type: TABLE DATA; Schema: public; Owner: naval
--

COPY task_source_hours_groups (task_source_id, hours_group_id) FROM stdin;
\.


--
-- Data for Name: taskelement; Type: TABLE DATA; Schema: public; Owner: naval
--

COPY taskelement (id, version, name, notes, startdate, enddate, deadline, advance_percentage, parent, base_calendar_id, positioninparent) FROM stdin;
\.


--
-- Data for Name: taskgroup; Type: TABLE DATA; Schema: public; Owner: naval
--

COPY taskgroup (task_element_id) FROM stdin;
\.


--
-- Data for Name: taskmilestone; Type: TABLE DATA; Schema: public; Owner: naval
--

COPY taskmilestone (task_element_id) FROM stdin;
\.


--
-- Data for Name: tasksource; Type: TABLE DATA; Schema: public; Owner: naval
--

COPY tasksource (id, version, schedulingdata) FROM stdin;
\.


--
-- Data for Name: type_of_work_hours; Type: TABLE DATA; Schema: public; Owner: naval
--

COPY type_of_work_hours (id, version, name, code, defaultprice, enabled, generatecode) FROM stdin;
1212	1	ordinaria	9788e5d7-f09b-4d9e-a899-3424cd87c61b	10.00	t	t
1213	1	extra	127c91d7-4c88-49b7-8964-c07bd4ae5e73	15.00	t	t
\.


--
-- Data for Name: unit_type; Type: TABLE DATA; Schema: public; Owner: naval
--

COPY unit_type (id, version, code, measure, generatecode) FROM stdin;
303	1	74e270ce-6726-499c-9246-74d69199a5d9	units	f
304	1	2e32f5d2-9825-45b8-a938-b497ea9059e6	kg	f
305	1	3d20afc2-c98b-40c5-bd30-46fbfb72d5c9	km	f
306	1	21c95559-268e-418e-9a5a-1a99dc88bda7	l	f
307	1	33b3f555-08bf-455a-a674-7fdc18e28d63	m	f
308	1	d1c68031-ae71-4c5a-8ea7-33f90c9a75b2	m2	f
309	1	15b80125-7d86-4cfd-8e7a-f8afcbccd3bd	m3	f
310	1	3a10ea04-42ee-452f-b7ba-b7c61d15d806	tn	f
\.


--
-- Data for Name: user_profiles; Type: TABLE DATA; Schema: public; Owner: naval
--

COPY user_profiles (user_id, profile_id) FROM stdin;
\.


--
-- Data for Name: user_roles; Type: TABLE DATA; Schema: public; Owner: naval
--

COPY user_roles (userid, elt) FROM stdin;
1112	ROLE_READ_ALL_ORDERS
1112	ROLE_EDIT_ALL_ORDERS
1112	ROLE_ADMINISTRATION
1112	ROLE_CREATE_ORDER
1113	ROLE_WS_READER
1114	ROLE_WS_WRITER
1114	ROLE_WS_READER
\.


--
-- Data for Name: virtualworker; Type: TABLE DATA; Schema: public; Owner: naval
--

COPY virtualworker (virtualworker_id, observations) FROM stdin;
\.


--
-- Data for Name: work_report; Type: TABLE DATA; Schema: public; Owner: naval
--

COPY work_report (id, version, code, date, generatecode, work_report_type_id, resource_id, order_element_id) FROM stdin;
\.


--
-- Data for Name: work_report_label_type_assigment; Type: TABLE DATA; Schema: public; Owner: naval
--

COPY work_report_label_type_assigment (id, version, labelssharedbylines, positionnumber, label_type_id, label_id, work_report_type_id) FROM stdin;
\.


--
-- Data for Name: work_report_line; Type: TABLE DATA; Schema: public; Owner: naval
--

COPY work_report_line (id, version, code, numhours, date, clockstart, clockfinish, work_report_id, resource_id, order_element_id, type_work_hours_id) FROM stdin;
\.


--
-- Data for Name: work_report_type; Type: TABLE DATA; Schema: public; Owner: naval
--

COPY work_report_type (id, version, name, code, dateissharedbylines, resourceissharedinlines, orderelementissharedinlines, hoursmanagement) FROM stdin;
\.


--
-- Data for Name: worker; Type: TABLE DATA; Schema: public; Owner: naval
--

COPY worker (worker_id, firstname, surname, nif) FROM stdin;
1617	Capataz	Pontevedrés 1	12341234
1619	Pintor	Pontevedrés 1	1234651345
1621	Pintor	Pontevedrés 2	62345154
1623	Pintor	Pontevedrés 3	123415
1625	Pintor	Pontevedrés 4	123451261
1627	Soldador	Pontevedrés 1	721456271
1629	Soldador	Pontevedrés 2	8123046
1631	Soldador	Pontevedrés 3	61272828
1633	Soldador	Pontevedrés 4	167182899
\.


--
-- Data for Name: workreports_labels; Type: TABLE DATA; Schema: public; Owner: naval
--

COPY workreports_labels (work_report_id, label_id) FROM stdin;
\.


--
-- Data for Name: workreportslines_labels; Type: TABLE DATA; Schema: public; Owner: naval
--

COPY workreportslines_labels (work_report_line_id, label_id) FROM stdin;
\.


--
-- Name: advanceassignment_pkey; Type: CONSTRAINT; Schema: public; Owner: naval; Tablespace: 
--

ALTER TABLE ONLY advanceassignment
    ADD CONSTRAINT advanceassignment_pkey PRIMARY KEY (id);


--
-- Name: advanceassignmenttemplate_pkey; Type: CONSTRAINT; Schema: public; Owner: naval; Tablespace: 
--

ALTER TABLE ONLY advanceassignmenttemplate
    ADD CONSTRAINT advanceassignmenttemplate_pkey PRIMARY KEY (id);


--
-- Name: advancemeasurement_pkey; Type: CONSTRAINT; Schema: public; Owner: naval; Tablespace: 
--

ALTER TABLE ONLY advancemeasurement
    ADD CONSTRAINT advancemeasurement_pkey PRIMARY KEY (id);


--
-- Name: advancetype_pkey; Type: CONSTRAINT; Schema: public; Owner: naval; Tablespace: 
--

ALTER TABLE ONLY advancetype
    ADD CONSTRAINT advancetype_pkey PRIMARY KEY (id);


--
-- Name: advancetype_unitname_key; Type: CONSTRAINT; Schema: public; Owner: naval; Tablespace: 
--

ALTER TABLE ONLY advancetype
    ADD CONSTRAINT advancetype_unitname_key UNIQUE (unitname);


--
-- Name: all_criterions_pkey; Type: CONSTRAINT; Schema: public; Owner: naval; Tablespace: 
--

ALTER TABLE ONLY all_criterions
    ADD CONSTRAINT all_criterions_pkey PRIMARY KEY (generic_resource_allocation_id, criterion_id);


--
-- Name: assignment_function_pkey; Type: CONSTRAINT; Schema: public; Owner: naval; Tablespace: 
--

ALTER TABLE ONLY assignment_function
    ADD CONSTRAINT assignment_function_pkey PRIMARY KEY (id);


--
-- Name: basecalendar_code_key; Type: CONSTRAINT; Schema: public; Owner: naval; Tablespace: 
--

ALTER TABLE ONLY basecalendar
    ADD CONSTRAINT basecalendar_code_key UNIQUE (code);


--
-- Name: basecalendar_pkey; Type: CONSTRAINT; Schema: public; Owner: naval; Tablespace: 
--

ALTER TABLE ONLY basecalendar
    ADD CONSTRAINT basecalendar_pkey PRIMARY KEY (id);


--
-- Name: calendaravailability_pkey; Type: CONSTRAINT; Schema: public; Owner: naval; Tablespace: 
--

ALTER TABLE ONLY calendaravailability
    ADD CONSTRAINT calendaravailability_pkey PRIMARY KEY (id);


--
-- Name: calendardata_code_key; Type: CONSTRAINT; Schema: public; Owner: naval; Tablespace: 
--

ALTER TABLE ONLY calendardata
    ADD CONSTRAINT calendardata_code_key UNIQUE (code);


--
-- Name: calendardata_pkey; Type: CONSTRAINT; Schema: public; Owner: naval; Tablespace: 
--

ALTER TABLE ONLY calendardata
    ADD CONSTRAINT calendardata_pkey PRIMARY KEY (id);


--
-- Name: calendarexception_code_key; Type: CONSTRAINT; Schema: public; Owner: naval; Tablespace: 
--

ALTER TABLE ONLY calendarexception
    ADD CONSTRAINT calendarexception_code_key UNIQUE (code);


--
-- Name: calendarexception_pkey; Type: CONSTRAINT; Schema: public; Owner: naval; Tablespace: 
--

ALTER TABLE ONLY calendarexception
    ADD CONSTRAINT calendarexception_pkey PRIMARY KEY (id);


--
-- Name: calendarexceptiontype_code_key; Type: CONSTRAINT; Schema: public; Owner: naval; Tablespace: 
--

ALTER TABLE ONLY calendarexceptiontype
    ADD CONSTRAINT calendarexceptiontype_code_key UNIQUE (code);


--
-- Name: calendarexceptiontype_name_key; Type: CONSTRAINT; Schema: public; Owner: naval; Tablespace: 
--

ALTER TABLE ONLY calendarexceptiontype
    ADD CONSTRAINT calendarexceptiontype_name_key UNIQUE (name);


--
-- Name: calendarexceptiontype_pkey; Type: CONSTRAINT; Schema: public; Owner: naval; Tablespace: 
--

ALTER TABLE ONLY calendarexceptiontype
    ADD CONSTRAINT calendarexceptiontype_pkey PRIMARY KEY (id);


--
-- Name: configuration_pkey; Type: CONSTRAINT; Schema: public; Owner: naval; Tablespace: 
--

ALTER TABLE ONLY configuration
    ADD CONSTRAINT configuration_pkey PRIMARY KEY (id);


--
-- Name: consolidatedvalue_pkey; Type: CONSTRAINT; Schema: public; Owner: naval; Tablespace: 
--

ALTER TABLE ONLY consolidatedvalue
    ADD CONSTRAINT consolidatedvalue_pkey PRIMARY KEY (id);


--
-- Name: consolidation_pkey; Type: CONSTRAINT; Schema: public; Owner: naval; Tablespace: 
--

ALTER TABLE ONLY consolidation
    ADD CONSTRAINT consolidation_pkey PRIMARY KEY (id);


--
-- Name: cost_category_code_key; Type: CONSTRAINT; Schema: public; Owner: naval; Tablespace: 
--

ALTER TABLE ONLY cost_category
    ADD CONSTRAINT cost_category_code_key UNIQUE (code);


--
-- Name: cost_category_name_key; Type: CONSTRAINT; Schema: public; Owner: naval; Tablespace: 
--

ALTER TABLE ONLY cost_category
    ADD CONSTRAINT cost_category_name_key UNIQUE (name);


--
-- Name: cost_category_pkey; Type: CONSTRAINT; Schema: public; Owner: naval; Tablespace: 
--

ALTER TABLE ONLY cost_category
    ADD CONSTRAINT cost_category_pkey PRIMARY KEY (id);


--
-- Name: criterion_code_key; Type: CONSTRAINT; Schema: public; Owner: naval; Tablespace: 
--

ALTER TABLE ONLY criterion
    ADD CONSTRAINT criterion_code_key UNIQUE (code);


--
-- Name: criterion_name_key; Type: CONSTRAINT; Schema: public; Owner: naval; Tablespace: 
--

ALTER TABLE ONLY criterion
    ADD CONSTRAINT criterion_name_key UNIQUE (name, id_criterion_type);


--
-- Name: criterion_pkey; Type: CONSTRAINT; Schema: public; Owner: naval; Tablespace: 
--

ALTER TABLE ONLY criterion
    ADD CONSTRAINT criterion_pkey PRIMARY KEY (id);


--
-- Name: criterionrequirement_pkey; Type: CONSTRAINT; Schema: public; Owner: naval; Tablespace: 
--

ALTER TABLE ONLY criterionrequirement
    ADD CONSTRAINT criterionrequirement_pkey PRIMARY KEY (id);


--
-- Name: criterionsatisfaction_code_key; Type: CONSTRAINT; Schema: public; Owner: naval; Tablespace: 
--

ALTER TABLE ONLY criterionsatisfaction
    ADD CONSTRAINT criterionsatisfaction_code_key UNIQUE (code);


--
-- Name: criterionsatisfaction_pkey; Type: CONSTRAINT; Schema: public; Owner: naval; Tablespace: 
--

ALTER TABLE ONLY criterionsatisfaction
    ADD CONSTRAINT criterionsatisfaction_pkey PRIMARY KEY (id);


--
-- Name: criteriontype_code_key; Type: CONSTRAINT; Schema: public; Owner: naval; Tablespace: 
--

ALTER TABLE ONLY criteriontype
    ADD CONSTRAINT criteriontype_code_key UNIQUE (code);


--
-- Name: criteriontype_name_key; Type: CONSTRAINT; Schema: public; Owner: naval; Tablespace: 
--

ALTER TABLE ONLY criteriontype
    ADD CONSTRAINT criteriontype_name_key UNIQUE (name);


--
-- Name: criteriontype_pkey; Type: CONSTRAINT; Schema: public; Owner: naval; Tablespace: 
--

ALTER TABLE ONLY criteriontype
    ADD CONSTRAINT criteriontype_pkey PRIMARY KEY (id);


--
-- Name: day_assignment_pkey; Type: CONSTRAINT; Schema: public; Owner: naval; Tablespace: 
--

ALTER TABLE ONLY day_assignment
    ADD CONSTRAINT day_assignment_pkey PRIMARY KEY (id);


--
-- Name: dependency_pkey; Type: CONSTRAINT; Schema: public; Owner: naval; Tablespace: 
--

ALTER TABLE ONLY dependency
    ADD CONSTRAINT dependency_pkey PRIMARY KEY (id);


--
-- Name: derivedallocation_pkey; Type: CONSTRAINT; Schema: public; Owner: naval; Tablespace: 
--

ALTER TABLE ONLY derivedallocation
    ADD CONSTRAINT derivedallocation_pkey PRIMARY KEY (id);


--
-- Name: deriveddayassignmentscontainer_pkey; Type: CONSTRAINT; Schema: public; Owner: naval; Tablespace: 
--

ALTER TABLE ONLY deriveddayassignmentscontainer
    ADD CONSTRAINT deriveddayassignmentscontainer_pkey PRIMARY KEY (id);


--
-- Name: directadvanceassignment_pkey; Type: CONSTRAINT; Schema: public; Owner: naval; Tablespace: 
--

ALTER TABLE ONLY directadvanceassignment
    ADD CONSTRAINT directadvanceassignment_pkey PRIMARY KEY (advance_assignment_id);


--
-- Name: external_company_name_key; Type: CONSTRAINT; Schema: public; Owner: naval; Tablespace: 
--

ALTER TABLE ONLY external_company
    ADD CONSTRAINT external_company_name_key UNIQUE (name);


--
-- Name: external_company_nif_key; Type: CONSTRAINT; Schema: public; Owner: naval; Tablespace: 
--

ALTER TABLE ONLY external_company
    ADD CONSTRAINT external_company_nif_key UNIQUE (nif);


--
-- Name: external_company_pkey; Type: CONSTRAINT; Schema: public; Owner: naval; Tablespace: 
--

ALTER TABLE ONLY external_company
    ADD CONSTRAINT external_company_pkey PRIMARY KEY (id);


--
-- Name: generic_resource_allocation_pkey; Type: CONSTRAINT; Schema: public; Owner: naval; Tablespace: 
--

ALTER TABLE ONLY generic_resource_allocation
    ADD CONSTRAINT generic_resource_allocation_pkey PRIMARY KEY (resource_allocation_id);


--
-- Name: genericdayassignmentscontainer_pkey; Type: CONSTRAINT; Schema: public; Owner: naval; Tablespace: 
--

ALTER TABLE ONLY genericdayassignmentscontainer
    ADD CONSTRAINT genericdayassignmentscontainer_pkey PRIMARY KEY (id);


--
-- Name: hour_cost_code_key; Type: CONSTRAINT; Schema: public; Owner: naval; Tablespace: 
--

ALTER TABLE ONLY hour_cost
    ADD CONSTRAINT hour_cost_code_key UNIQUE (code);


--
-- Name: hour_cost_pkey; Type: CONSTRAINT; Schema: public; Owner: naval; Tablespace: 
--

ALTER TABLE ONLY hour_cost
    ADD CONSTRAINT hour_cost_pkey PRIMARY KEY (id);


--
-- Name: hoursgroup_pkey; Type: CONSTRAINT; Schema: public; Owner: naval; Tablespace: 
--

ALTER TABLE ONLY hoursgroup
    ADD CONSTRAINT hoursgroup_pkey PRIMARY KEY (id);


--
-- Name: hoursperday_pkey; Type: CONSTRAINT; Schema: public; Owner: naval; Tablespace: 
--

ALTER TABLE ONLY hoursperday
    ADD CONSTRAINT hoursperday_pkey PRIMARY KEY (base_calendar_id, day_id);


--
-- Name: indirectadvanceassignment_pkey; Type: CONSTRAINT; Schema: public; Owner: naval; Tablespace: 
--

ALTER TABLE ONLY indirectadvanceassignment
    ADD CONSTRAINT indirectadvanceassignment_pkey PRIMARY KEY (advance_assignment_id);


--
-- Name: label_code_key; Type: CONSTRAINT; Schema: public; Owner: naval; Tablespace: 
--

ALTER TABLE ONLY label
    ADD CONSTRAINT label_code_key UNIQUE (code);


--
-- Name: label_name_key; Type: CONSTRAINT; Schema: public; Owner: naval; Tablespace: 
--

ALTER TABLE ONLY label
    ADD CONSTRAINT label_name_key UNIQUE (name, label_type_id);


--
-- Name: label_pkey; Type: CONSTRAINT; Schema: public; Owner: naval; Tablespace: 
--

ALTER TABLE ONLY label
    ADD CONSTRAINT label_pkey PRIMARY KEY (id);


--
-- Name: label_type_code_key; Type: CONSTRAINT; Schema: public; Owner: naval; Tablespace: 
--

ALTER TABLE ONLY label_type
    ADD CONSTRAINT label_type_code_key UNIQUE (code);


--
-- Name: label_type_name_key; Type: CONSTRAINT; Schema: public; Owner: naval; Tablespace: 
--

ALTER TABLE ONLY label_type
    ADD CONSTRAINT label_type_name_key UNIQUE (name);


--
-- Name: label_type_pkey; Type: CONSTRAINT; Schema: public; Owner: naval; Tablespace: 
--

ALTER TABLE ONLY label_type
    ADD CONSTRAINT label_type_pkey PRIMARY KEY (id);


--
-- Name: limiting_resource_queue_dependency_pkey; Type: CONSTRAINT; Schema: public; Owner: naval; Tablespace: 
--

ALTER TABLE ONLY limiting_resource_queue_dependency
    ADD CONSTRAINT limiting_resource_queue_dependency_pkey PRIMARY KEY (id);


--
-- Name: limiting_resource_queue_element_pkey; Type: CONSTRAINT; Schema: public; Owner: naval; Tablespace: 
--

ALTER TABLE ONLY limiting_resource_queue_element
    ADD CONSTRAINT limiting_resource_queue_element_pkey PRIMARY KEY (id);


--
-- Name: limiting_resource_queue_element_resource_allocation_id_key; Type: CONSTRAINT; Schema: public; Owner: naval; Tablespace: 
--

ALTER TABLE ONLY limiting_resource_queue_element
    ADD CONSTRAINT limiting_resource_queue_element_resource_allocation_id_key UNIQUE (resource_allocation_id);


--
-- Name: limiting_resource_queue_pkey; Type: CONSTRAINT; Schema: public; Owner: naval; Tablespace: 
--

ALTER TABLE ONLY limiting_resource_queue
    ADD CONSTRAINT limiting_resource_queue_pkey PRIMARY KEY (id);


--
-- Name: limiting_resource_queue_resource_id_key; Type: CONSTRAINT; Schema: public; Owner: naval; Tablespace: 
--

ALTER TABLE ONLY limiting_resource_queue
    ADD CONSTRAINT limiting_resource_queue_resource_id_key UNIQUE (resource_id);


--
-- Name: machine_configuration_unit_required_criterions_pkey; Type: CONSTRAINT; Schema: public; Owner: naval; Tablespace: 
--

ALTER TABLE ONLY machine_configuration_unit_required_criterions
    ADD CONSTRAINT machine_configuration_unit_required_criterions_pkey PRIMARY KEY (id, criterion_id);


--
-- Name: machine_pkey; Type: CONSTRAINT; Schema: public; Owner: naval; Tablespace: 
--

ALTER TABLE ONLY machine
    ADD CONSTRAINT machine_pkey PRIMARY KEY (machine_id);


--
-- Name: machineworkerassignment_pkey; Type: CONSTRAINT; Schema: public; Owner: naval; Tablespace: 
--

ALTER TABLE ONLY machineworkerassignment
    ADD CONSTRAINT machineworkerassignment_pkey PRIMARY KEY (id);


--
-- Name: machineworkersconfigurationunit_pkey; Type: CONSTRAINT; Schema: public; Owner: naval; Tablespace: 
--

ALTER TABLE ONLY machineworkersconfigurationunit
    ADD CONSTRAINT machineworkersconfigurationunit_pkey PRIMARY KEY (id);


--
-- Name: material_assigment_pkey; Type: CONSTRAINT; Schema: public; Owner: naval; Tablespace: 
--

ALTER TABLE ONLY material_assigment
    ADD CONSTRAINT material_assigment_pkey PRIMARY KEY (id);


--
-- Name: material_assigment_template_pkey; Type: CONSTRAINT; Schema: public; Owner: naval; Tablespace: 
--

ALTER TABLE ONLY material_assigment_template
    ADD CONSTRAINT material_assigment_template_pkey PRIMARY KEY (id);


--
-- Name: material_category_code_key; Type: CONSTRAINT; Schema: public; Owner: naval; Tablespace: 
--

ALTER TABLE ONLY material_category
    ADD CONSTRAINT material_category_code_key UNIQUE (code);


--
-- Name: material_category_pkey; Type: CONSTRAINT; Schema: public; Owner: naval; Tablespace: 
--

ALTER TABLE ONLY material_category
    ADD CONSTRAINT material_category_pkey PRIMARY KEY (id);


--
-- Name: material_code_key; Type: CONSTRAINT; Schema: public; Owner: naval; Tablespace: 
--

ALTER TABLE ONLY material
    ADD CONSTRAINT material_code_key UNIQUE (code);


--
-- Name: material_pkey; Type: CONSTRAINT; Schema: public; Owner: naval; Tablespace: 
--

ALTER TABLE ONLY material
    ADD CONSTRAINT material_pkey PRIMARY KEY (id);


--
-- Name: naval_profile_pkey; Type: CONSTRAINT; Schema: public; Owner: naval; Tablespace: 
--

ALTER TABLE ONLY naval_profile
    ADD CONSTRAINT naval_profile_pkey PRIMARY KEY (id);


--
-- Name: naval_profile_profilename_key; Type: CONSTRAINT; Schema: public; Owner: naval; Tablespace: 
--

ALTER TABLE ONLY naval_profile
    ADD CONSTRAINT naval_profile_profilename_key UNIQUE (profilename);


--
-- Name: naval_user_loginname_key; Type: CONSTRAINT; Schema: public; Owner: naval; Tablespace: 
--

ALTER TABLE ONLY naval_user
    ADD CONSTRAINT naval_user_loginname_key UNIQUE (loginname);


--
-- Name: naval_user_pkey; Type: CONSTRAINT; Schema: public; Owner: naval; Tablespace: 
--

ALTER TABLE ONLY naval_user
    ADD CONSTRAINT naval_user_pkey PRIMARY KEY (id);


--
-- Name: order_authorization_pkey; Type: CONSTRAINT; Schema: public; Owner: naval; Tablespace: 
--

ALTER TABLE ONLY order_authorization
    ADD CONSTRAINT order_authorization_pkey PRIMARY KEY (id);


--
-- Name: order_element_label_pkey; Type: CONSTRAINT; Schema: public; Owner: naval; Tablespace: 
--

ALTER TABLE ONLY order_element_label
    ADD CONSTRAINT order_element_label_pkey PRIMARY KEY (order_element_id, label_id);


--
-- Name: order_element_template_label_pkey; Type: CONSTRAINT; Schema: public; Owner: naval; Tablespace: 
--

ALTER TABLE ONLY order_element_template_label
    ADD CONSTRAINT order_element_template_label_pkey PRIMARY KEY (order_element_template_id, label_id);


--
-- Name: order_element_template_quality_form_pkey; Type: CONSTRAINT; Schema: public; Owner: naval; Tablespace: 
--

ALTER TABLE ONLY order_element_template_quality_form
    ADD CONSTRAINT order_element_template_quality_form_pkey PRIMARY KEY (order_element_template_id, quality_form_id);


--
-- Name: order_table_pkey; Type: CONSTRAINT; Schema: public; Owner: naval; Tablespace: 
--

ALTER TABLE ONLY order_table
    ADD CONSTRAINT order_table_pkey PRIMARY KEY (orderelementid);


--
-- Name: orderelement_code_key; Type: CONSTRAINT; Schema: public; Owner: naval; Tablespace: 
--

ALTER TABLE ONLY orderelement
    ADD CONSTRAINT orderelement_code_key UNIQUE (code);


--
-- Name: orderelement_pkey; Type: CONSTRAINT; Schema: public; Owner: naval; Tablespace: 
--

ALTER TABLE ONLY orderelement
    ADD CONSTRAINT orderelement_pkey PRIMARY KEY (id);


--
-- Name: orderelementtemplate_pkey; Type: CONSTRAINT; Schema: public; Owner: naval; Tablespace: 
--

ALTER TABLE ONLY orderelementtemplate
    ADD CONSTRAINT orderelementtemplate_pkey PRIMARY KEY (id);


--
-- Name: orderline_pkey; Type: CONSTRAINT; Schema: public; Owner: naval; Tablespace: 
--

ALTER TABLE ONLY orderline
    ADD CONSTRAINT orderline_pkey PRIMARY KEY (orderelementid);


--
-- Name: orderlinegroup_pkey; Type: CONSTRAINT; Schema: public; Owner: naval; Tablespace: 
--

ALTER TABLE ONLY orderlinegroup
    ADD CONSTRAINT orderlinegroup_pkey PRIMARY KEY (orderelementid);


--
-- Name: orderlinegrouptemplate_pkey; Type: CONSTRAINT; Schema: public; Owner: naval; Tablespace: 
--

ALTER TABLE ONLY orderlinegrouptemplate
    ADD CONSTRAINT orderlinegrouptemplate_pkey PRIMARY KEY (group_template_id);


--
-- Name: orderlinetemplate_pkey; Type: CONSTRAINT; Schema: public; Owner: naval; Tablespace: 
--

ALTER TABLE ONLY orderlinetemplate
    ADD CONSTRAINT orderlinetemplate_pkey PRIMARY KEY (order_line_template_id);


--
-- Name: ordersequence_pkey; Type: CONSTRAINT; Schema: public; Owner: naval; Tablespace: 
--

ALTER TABLE ONLY ordersequence
    ADD CONSTRAINT ordersequence_pkey PRIMARY KEY (id);


--
-- Name: ordertemplate_pkey; Type: CONSTRAINT; Schema: public; Owner: naval; Tablespace: 
--

ALTER TABLE ONLY ordertemplate
    ADD CONSTRAINT ordertemplate_pkey PRIMARY KEY (order_template_id);


--
-- Name: orderversion_pkey; Type: CONSTRAINT; Schema: public; Owner: naval; Tablespace: 
--

ALTER TABLE ONLY orderversion
    ADD CONSTRAINT orderversion_pkey PRIMARY KEY (id);


--
-- Name: quality_form_items_pkey; Type: CONSTRAINT; Schema: public; Owner: naval; Tablespace: 
--

ALTER TABLE ONLY quality_form_items
    ADD CONSTRAINT quality_form_items_pkey PRIMARY KEY (quality_form_id, idx);


--
-- Name: quality_form_name_key; Type: CONSTRAINT; Schema: public; Owner: naval; Tablespace: 
--

ALTER TABLE ONLY quality_form
    ADD CONSTRAINT quality_form_name_key UNIQUE (name);


--
-- Name: quality_form_pkey; Type: CONSTRAINT; Schema: public; Owner: naval; Tablespace: 
--

ALTER TABLE ONLY quality_form
    ADD CONSTRAINT quality_form_pkey PRIMARY KEY (id);


--
-- Name: resource_base_calendar_id_key; Type: CONSTRAINT; Schema: public; Owner: naval; Tablespace: 
--

ALTER TABLE ONLY resource
    ADD CONSTRAINT resource_base_calendar_id_key UNIQUE (base_calendar_id);


--
-- Name: resource_code_key; Type: CONSTRAINT; Schema: public; Owner: naval; Tablespace: 
--

ALTER TABLE ONLY resource
    ADD CONSTRAINT resource_code_key UNIQUE (code);


--
-- Name: resource_pkey; Type: CONSTRAINT; Schema: public; Owner: naval; Tablespace: 
--

ALTER TABLE ONLY resource
    ADD CONSTRAINT resource_pkey PRIMARY KEY (id);


--
-- Name: resourceallocation_pkey; Type: CONSTRAINT; Schema: public; Owner: naval; Tablespace: 
--

ALTER TABLE ONLY resourceallocation
    ADD CONSTRAINT resourceallocation_pkey PRIMARY KEY (id);


--
-- Name: resourcecalendar_pkey; Type: CONSTRAINT; Schema: public; Owner: naval; Tablespace: 
--

ALTER TABLE ONLY resourcecalendar
    ADD CONSTRAINT resourcecalendar_pkey PRIMARY KEY (base_calendar_id);


--
-- Name: resources_cost_category_assignment_code_key; Type: CONSTRAINT; Schema: public; Owner: naval; Tablespace: 
--

ALTER TABLE ONLY resources_cost_category_assignment
    ADD CONSTRAINT resources_cost_category_assignment_code_key UNIQUE (code);


--
-- Name: resources_cost_category_assignment_pkey; Type: CONSTRAINT; Schema: public; Owner: naval; Tablespace: 
--

ALTER TABLE ONLY resources_cost_category_assignment
    ADD CONSTRAINT resources_cost_category_assignment_pkey PRIMARY KEY (id);


--
-- Name: scenario_orders_pkey; Type: CONSTRAINT; Schema: public; Owner: naval; Tablespace: 
--

ALTER TABLE ONLY scenario_orders
    ADD CONSTRAINT scenario_orders_pkey PRIMARY KEY (scenario_id, order_id);


--
-- Name: scenario_pkey; Type: CONSTRAINT; Schema: public; Owner: naval; Tablespace: 
--

ALTER TABLE ONLY scenario
    ADD CONSTRAINT scenario_pkey PRIMARY KEY (id);


--
-- Name: scheduling_states_by_order_version_pkey; Type: CONSTRAINT; Schema: public; Owner: naval; Tablespace: 
--

ALTER TABLE ONLY scheduling_states_by_order_version
    ADD CONSTRAINT scheduling_states_by_order_version_pkey PRIMARY KEY (order_element_id, order_version_id);


--
-- Name: schedulingdataforversion_pkey; Type: CONSTRAINT; Schema: public; Owner: naval; Tablespace: 
--

ALTER TABLE ONLY schedulingdataforversion
    ADD CONSTRAINT schedulingdataforversion_pkey PRIMARY KEY (id);


--
-- Name: specific_resource_allocation_pkey; Type: CONSTRAINT; Schema: public; Owner: naval; Tablespace: 
--

ALTER TABLE ONLY specific_resource_allocation
    ADD CONSTRAINT specific_resource_allocation_pkey PRIMARY KEY (resource_allocation_id);


--
-- Name: specificdayassignmentscontainer_pkey; Type: CONSTRAINT; Schema: public; Owner: naval; Tablespace: 
--

ALTER TABLE ONLY specificdayassignmentscontainer
    ADD CONSTRAINT specificdayassignmentscontainer_pkey PRIMARY KEY (id);


--
-- Name: stretches_pkey; Type: CONSTRAINT; Schema: public; Owner: naval; Tablespace: 
--

ALTER TABLE ONLY stretches
    ADD CONSTRAINT stretches_pkey PRIMARY KEY (assignment_function_id, stretch_position);


--
-- Name: stretchesfunction_pkey; Type: CONSTRAINT; Schema: public; Owner: naval; Tablespace: 
--

ALTER TABLE ONLY stretchesfunction
    ADD CONSTRAINT stretchesfunction_pkey PRIMARY KEY (assignment_function_id);


--
-- Name: subcontractedtaskdata_pkey; Type: CONSTRAINT; Schema: public; Owner: naval; Tablespace: 
--

ALTER TABLE ONLY subcontractedtaskdata
    ADD CONSTRAINT subcontractedtaskdata_pkey PRIMARY KEY (id);


--
-- Name: task_pkey; Type: CONSTRAINT; Schema: public; Owner: naval; Tablespace: 
--

ALTER TABLE ONLY task
    ADD CONSTRAINT task_pkey PRIMARY KEY (task_element_id);


--
-- Name: task_quality_form_items_pkey; Type: CONSTRAINT; Schema: public; Owner: naval; Tablespace: 
--

ALTER TABLE ONLY task_quality_form_items
    ADD CONSTRAINT task_quality_form_items_pkey PRIMARY KEY (task_quality_form_id, idx);


--
-- Name: task_quality_form_pkey; Type: CONSTRAINT; Schema: public; Owner: naval; Tablespace: 
--

ALTER TABLE ONLY task_quality_form
    ADD CONSTRAINT task_quality_form_pkey PRIMARY KEY (id);


--
-- Name: task_source_hours_groups_pkey; Type: CONSTRAINT; Schema: public; Owner: naval; Tablespace: 
--

ALTER TABLE ONLY task_source_hours_groups
    ADD CONSTRAINT task_source_hours_groups_pkey PRIMARY KEY (task_source_id, hours_group_id);


--
-- Name: task_subcontrated_task_data_id_key; Type: CONSTRAINT; Schema: public; Owner: naval; Tablespace: 
--

ALTER TABLE ONLY task
    ADD CONSTRAINT task_subcontrated_task_data_id_key UNIQUE (subcontrated_task_data_id);


--
-- Name: taskelement_pkey; Type: CONSTRAINT; Schema: public; Owner: naval; Tablespace: 
--

ALTER TABLE ONLY taskelement
    ADD CONSTRAINT taskelement_pkey PRIMARY KEY (id);


--
-- Name: taskgroup_pkey; Type: CONSTRAINT; Schema: public; Owner: naval; Tablespace: 
--

ALTER TABLE ONLY taskgroup
    ADD CONSTRAINT taskgroup_pkey PRIMARY KEY (task_element_id);


--
-- Name: taskmilestone_pkey; Type: CONSTRAINT; Schema: public; Owner: naval; Tablespace: 
--

ALTER TABLE ONLY taskmilestone
    ADD CONSTRAINT taskmilestone_pkey PRIMARY KEY (task_element_id);


--
-- Name: tasksource_pkey; Type: CONSTRAINT; Schema: public; Owner: naval; Tablespace: 
--

ALTER TABLE ONLY tasksource
    ADD CONSTRAINT tasksource_pkey PRIMARY KEY (id);


--
-- Name: tasksource_schedulingdata_key; Type: CONSTRAINT; Schema: public; Owner: naval; Tablespace: 
--

ALTER TABLE ONLY tasksource
    ADD CONSTRAINT tasksource_schedulingdata_key UNIQUE (schedulingdata);


--
-- Name: type_of_work_hours_code_key; Type: CONSTRAINT; Schema: public; Owner: naval; Tablespace: 
--

ALTER TABLE ONLY type_of_work_hours
    ADD CONSTRAINT type_of_work_hours_code_key UNIQUE (code);


--
-- Name: type_of_work_hours_name_key; Type: CONSTRAINT; Schema: public; Owner: naval; Tablespace: 
--

ALTER TABLE ONLY type_of_work_hours
    ADD CONSTRAINT type_of_work_hours_name_key UNIQUE (name);


--
-- Name: type_of_work_hours_pkey; Type: CONSTRAINT; Schema: public; Owner: naval; Tablespace: 
--

ALTER TABLE ONLY type_of_work_hours
    ADD CONSTRAINT type_of_work_hours_pkey PRIMARY KEY (id);


--
-- Name: unit_type_code_key; Type: CONSTRAINT; Schema: public; Owner: naval; Tablespace: 
--

ALTER TABLE ONLY unit_type
    ADD CONSTRAINT unit_type_code_key UNIQUE (code);


--
-- Name: unit_type_pkey; Type: CONSTRAINT; Schema: public; Owner: naval; Tablespace: 
--

ALTER TABLE ONLY unit_type
    ADD CONSTRAINT unit_type_pkey PRIMARY KEY (id);


--
-- Name: user_profiles_pkey; Type: CONSTRAINT; Schema: public; Owner: naval; Tablespace: 
--

ALTER TABLE ONLY user_profiles
    ADD CONSTRAINT user_profiles_pkey PRIMARY KEY (user_id, profile_id);


--
-- Name: virtualworker_pkey; Type: CONSTRAINT; Schema: public; Owner: naval; Tablespace: 
--

ALTER TABLE ONLY virtualworker
    ADD CONSTRAINT virtualworker_pkey PRIMARY KEY (virtualworker_id);


--
-- Name: work_report_code_key; Type: CONSTRAINT; Schema: public; Owner: naval; Tablespace: 
--

ALTER TABLE ONLY work_report
    ADD CONSTRAINT work_report_code_key UNIQUE (code);


--
-- Name: work_report_label_type_assigment_pkey; Type: CONSTRAINT; Schema: public; Owner: naval; Tablespace: 
--

ALTER TABLE ONLY work_report_label_type_assigment
    ADD CONSTRAINT work_report_label_type_assigment_pkey PRIMARY KEY (id);


--
-- Name: work_report_line_code_key; Type: CONSTRAINT; Schema: public; Owner: naval; Tablespace: 
--

ALTER TABLE ONLY work_report_line
    ADD CONSTRAINT work_report_line_code_key UNIQUE (code);


--
-- Name: work_report_line_pkey; Type: CONSTRAINT; Schema: public; Owner: naval; Tablespace: 
--

ALTER TABLE ONLY work_report_line
    ADD CONSTRAINT work_report_line_pkey PRIMARY KEY (id);


--
-- Name: work_report_pkey; Type: CONSTRAINT; Schema: public; Owner: naval; Tablespace: 
--

ALTER TABLE ONLY work_report
    ADD CONSTRAINT work_report_pkey PRIMARY KEY (id);


--
-- Name: work_report_type_code_key; Type: CONSTRAINT; Schema: public; Owner: naval; Tablespace: 
--

ALTER TABLE ONLY work_report_type
    ADD CONSTRAINT work_report_type_code_key UNIQUE (code);


--
-- Name: work_report_type_name_key; Type: CONSTRAINT; Schema: public; Owner: naval; Tablespace: 
--

ALTER TABLE ONLY work_report_type
    ADD CONSTRAINT work_report_type_name_key UNIQUE (name);


--
-- Name: work_report_type_pkey; Type: CONSTRAINT; Schema: public; Owner: naval; Tablespace: 
--

ALTER TABLE ONLY work_report_type
    ADD CONSTRAINT work_report_type_pkey PRIMARY KEY (id);


--
-- Name: worker_pkey; Type: CONSTRAINT; Schema: public; Owner: naval; Tablespace: 
--

ALTER TABLE ONLY worker
    ADD CONSTRAINT worker_pkey PRIMARY KEY (worker_id);


--
-- Name: workreports_labels_pkey; Type: CONSTRAINT; Schema: public; Owner: naval; Tablespace: 
--

ALTER TABLE ONLY workreports_labels
    ADD CONSTRAINT workreports_labels_pkey PRIMARY KEY (work_report_id, label_id);


--
-- Name: workreportslines_labels_pkey; Type: CONSTRAINT; Schema: public; Owner: naval; Tablespace: 
--

ALTER TABLE ONLY workreportslines_labels
    ADD CONSTRAINT workreportslines_labels_pkey PRIMARY KEY (work_report_line_id, label_id);


--
-- Name: idx_advanceassigmenttemplate_on_template; Type: INDEX; Schema: public; Owner: naval; Tablespace: 
--

CREATE INDEX idx_advanceassigmenttemplate_on_template ON advanceassignmenttemplate USING btree (order_element_template_id);


--
-- Name: idx_calculatedconsolidatedvalue_on_calculatedconsolidation; Type: INDEX; Schema: public; Owner: naval; Tablespace: 
--

CREATE INDEX idx_calculatedconsolidatedvalue_on_calculatedconsolidation ON consolidatedvalue USING btree (consolidation_id);


--
-- Name: idx_calendardata_on_basecalendar; Type: INDEX; Schema: public; Owner: naval; Tablespace: 
--

CREATE INDEX idx_calendardata_on_basecalendar ON calendardata USING btree (base_calendar_id);


--
-- Name: idx_calendarexception_on_basecalendar; Type: INDEX; Schema: public; Owner: naval; Tablespace: 
--

CREATE INDEX idx_calendarexception_on_basecalendar ON calendarexception USING btree (base_calendar_id);


--
-- Name: idx_criterion_on_parent; Type: INDEX; Schema: public; Owner: naval; Tablespace: 
--

CREATE INDEX idx_criterion_on_parent ON criterion USING btree (parent);


--
-- Name: idx_criterionrequirement_on_hoursgroup; Type: INDEX; Schema: public; Owner: naval; Tablespace: 
--

CREATE INDEX idx_criterionrequirement_on_hoursgroup ON criterionrequirement USING btree (hours_group_id);


--
-- Name: idx_criterionrequirement_on_orderelement; Type: INDEX; Schema: public; Owner: naval; Tablespace: 
--

CREATE INDEX idx_criterionrequirement_on_orderelement ON criterionrequirement USING btree (order_element_id);


--
-- Name: idx_criterionsatisfaction_on_resource; Type: INDEX; Schema: public; Owner: naval; Tablespace: 
--

CREATE INDEX idx_criterionsatisfaction_on_resource ON criterionsatisfaction USING btree (resource);


--
-- Name: idx_dependency_on_taskelement_origin; Type: INDEX; Schema: public; Owner: naval; Tablespace: 
--

CREATE INDEX idx_dependency_on_taskelement_origin ON dependency USING btree (origin);


--
-- Name: idx_directadvanceassigment_on_orderelement; Type: INDEX; Schema: public; Owner: naval; Tablespace: 
--

CREATE INDEX idx_directadvanceassigment_on_orderelement ON directadvanceassignment USING btree (direct_order_element_id);


--
-- Name: idx_hourcost_on_category; Type: INDEX; Schema: public; Owner: naval; Tablespace: 
--

CREATE INDEX idx_hourcost_on_category ON hour_cost USING btree (cost_category_id);


--
-- Name: idx_hoursgroup_on_orderlinetemplate; Type: INDEX; Schema: public; Owner: naval; Tablespace: 
--

CREATE INDEX idx_hoursgroup_on_orderlinetemplate ON hoursgroup USING btree (order_line_template);


--
-- Name: idx_hoursgroup_on_parentorderline; Type: INDEX; Schema: public; Owner: naval; Tablespace: 
--

CREATE INDEX idx_hoursgroup_on_parentorderline ON hoursgroup USING btree (parent_order_line);


--
-- Name: idx_indirectadvanceassigment_on_orderelement; Type: INDEX; Schema: public; Owner: naval; Tablespace: 
--

CREATE INDEX idx_indirectadvanceassigment_on_orderelement ON indirectadvanceassignment USING btree (indirect_order_element_id);


--
-- Name: idx_label_on_labeltype; Type: INDEX; Schema: public; Owner: naval; Tablespace: 
--

CREATE INDEX idx_label_on_labeltype ON label USING btree (label_type_id);


--
-- Name: idx_material_assigment_on_orderelement; Type: INDEX; Schema: public; Owner: naval; Tablespace: 
--

CREATE INDEX idx_material_assigment_on_orderelement ON material_assigment USING btree (order_element_id);


--
-- Name: idx_material_on_category; Type: INDEX; Schema: public; Owner: naval; Tablespace: 
--

CREATE INDEX idx_material_on_category ON material USING btree (category_id);


--
-- Name: idx_materialassigmenttemplate_on_orderelement; Type: INDEX; Schema: public; Owner: naval; Tablespace: 
--

CREATE INDEX idx_materialassigmenttemplate_on_orderelement ON material_assigment_template USING btree (order_element_template_id);


--
-- Name: idx_materialcategory_on_parent; Type: INDEX; Schema: public; Owner: naval; Tablespace: 
--

CREATE INDEX idx_materialcategory_on_parent ON material_category USING btree (parent_id);


--
-- Name: idx_noncalculatedconsolidatedvalue_on_noncalculatedconsolidatio; Type: INDEX; Schema: public; Owner: naval; Tablespace: 
--

CREATE INDEX idx_noncalculatedconsolidatedvalue_on_noncalculatedconsolidatio ON consolidatedvalue USING btree (consolidation_id);


--
-- Name: idx_orderelement_on_parent; Type: INDEX; Schema: public; Owner: naval; Tablespace: 
--

CREATE INDEX idx_orderelement_on_parent ON orderelement USING btree (parent);


--
-- Name: idx_orderelement_on_template; Type: INDEX; Schema: public; Owner: naval; Tablespace: 
--

CREATE INDEX idx_orderelement_on_template ON orderelement USING btree (template);


--
-- Name: idx_orderelement_on_workreport; Type: INDEX; Schema: public; Owner: naval; Tablespace: 
--

CREATE INDEX idx_orderelement_on_workreport ON work_report USING btree (order_element_id);


--
-- Name: idx_orderelement_on_workreportline; Type: INDEX; Schema: public; Owner: naval; Tablespace: 
--

CREATE INDEX idx_orderelement_on_workreportline ON work_report_line USING btree (order_element_id);


--
-- Name: idx_orderelementtemplate_on_parent; Type: INDEX; Schema: public; Owner: naval; Tablespace: 
--

CREATE INDEX idx_orderelementtemplate_on_parent ON orderelementtemplate USING btree (parent);


--
-- Name: idx_profile_on_profileroles; Type: INDEX; Schema: public; Owner: naval; Tablespace: 
--

CREATE INDEX idx_profile_on_profileroles ON profile_roles USING btree (profileid);


--
-- Name: idx_qualityform_on_qualityformitems; Type: INDEX; Schema: public; Owner: naval; Tablespace: 
--

CREATE INDEX idx_qualityform_on_qualityformitems ON quality_form_items USING btree (quality_form_id);


--
-- Name: idx_queuedependency_on_destinyqueue; Type: INDEX; Schema: public; Owner: naval; Tablespace: 
--

CREATE INDEX idx_queuedependency_on_destinyqueue ON limiting_resource_queue_dependency USING btree (destiny_queue_element_id);


--
-- Name: idx_queuedependency_on_originqueue; Type: INDEX; Schema: public; Owner: naval; Tablespace: 
--

CREATE INDEX idx_queuedependency_on_originqueue ON limiting_resource_queue_dependency USING btree (origin_queue_element_id);


--
-- Name: idx_resource_on_workreport; Type: INDEX; Schema: public; Owner: naval; Tablespace: 
--

CREATE INDEX idx_resource_on_workreport ON work_report USING btree (resource_id);


--
-- Name: idx_resource_on_workreportline; Type: INDEX; Schema: public; Owner: naval; Tablespace: 
--

CREATE INDEX idx_resource_on_workreportline ON work_report_line USING btree (resource_id);


--
-- Name: idx_resourceallocation_on_task; Type: INDEX; Schema: public; Owner: naval; Tablespace: 
--

CREATE INDEX idx_resourceallocation_on_task ON resourceallocation USING btree (task);


--
-- Name: idx_resourcecostcategoryassigment_on_resource; Type: INDEX; Schema: public; Owner: naval; Tablespace: 
--

CREATE INDEX idx_resourcecostcategoryassigment_on_resource ON resources_cost_category_assignment USING btree (resource_id);


--
-- Name: idx_resourcequeueelement_on_resourcequeue; Type: INDEX; Schema: public; Owner: naval; Tablespace: 
--

CREATE INDEX idx_resourcequeueelement_on_resourcequeue ON limiting_resource_queue_element USING btree (limiting_resource_queue_id);


--
-- Name: idx_taskelement_on_taskgroup; Type: INDEX; Schema: public; Owner: naval; Tablespace: 
--

CREATE INDEX idx_taskelement_on_taskgroup ON taskelement USING btree (parent);


--
-- Name: idx_taskqualityform_on_orderelement; Type: INDEX; Schema: public; Owner: naval; Tablespace: 
--

CREATE INDEX idx_taskqualityform_on_orderelement ON task_quality_form USING btree (order_element_id);


--
-- Name: idx_taskqualityform_on_taskqualityformitems; Type: INDEX; Schema: public; Owner: naval; Tablespace: 
--

CREATE INDEX idx_taskqualityform_on_taskqualityformitems ON task_quality_form_items USING btree (task_quality_form_id);


--
-- Name: idx_typeofworkhours_on_workreportline; Type: INDEX; Schema: public; Owner: naval; Tablespace: 
--

CREATE INDEX idx_typeofworkhours_on_workreportline ON work_report_line USING btree (type_work_hours_id);


--
-- Name: idx_user_on_userprofiles; Type: INDEX; Schema: public; Owner: naval; Tablespace: 
--

CREATE INDEX idx_user_on_userprofiles ON user_profiles USING btree (user_id);


--
-- Name: idx_user_on_userroles; Type: INDEX; Schema: public; Owner: naval; Tablespace: 
--

CREATE INDEX idx_user_on_userroles ON user_roles USING btree (userid);


--
-- Name: idx_workreport_on_workreportline; Type: INDEX; Schema: public; Owner: naval; Tablespace: 
--

CREATE INDEX idx_workreport_on_workreportline ON work_report_line USING btree (work_report_id);


--
-- Name: fk109ac09e8b37665c; Type: FK CONSTRAINT; Schema: public; Owner: naval
--

ALTER TABLE ONLY task_quality_form
    ADD CONSTRAINT fk109ac09e8b37665c FOREIGN KEY (quality_form_id) REFERENCES quality_form(id);


--
-- Name: fk109ac09eefda874f; Type: FK CONSTRAINT; Schema: public; Owner: naval
--

ALTER TABLE ONLY task_quality_form
    ADD CONSTRAINT fk109ac09eefda874f FOREIGN KEY (order_element_id) REFERENCES orderelement(id);


--
-- Name: fk1961a43d415884f6; Type: FK CONSTRAINT; Schema: public; Owner: naval
--

ALTER TABLE ONLY heading_field
    ADD CONSTRAINT fk1961a43d415884f6 FOREIGN KEY (heading_id) REFERENCES work_report_type(id);


--
-- Name: fk1a95a222131853a1; Type: FK CONSTRAINT; Schema: public; Owner: naval
--

ALTER TABLE ONLY work_report
    ADD CONSTRAINT fk1a95a222131853a1 FOREIGN KEY (work_report_type_id) REFERENCES work_report_type(id);


--
-- Name: fk1a95a22248d21790; Type: FK CONSTRAINT; Schema: public; Owner: naval
--

ALTER TABLE ONLY work_report
    ADD CONSTRAINT fk1a95a22248d21790 FOREIGN KEY (resource_id) REFERENCES resource(id);


--
-- Name: fk1a95a222efda874f; Type: FK CONSTRAINT; Schema: public; Owner: naval
--

ALTER TABLE ONLY work_report
    ADD CONSTRAINT fk1a95a222efda874f FOREIGN KEY (order_element_id) REFERENCES orderelement(id);


--
-- Name: fk1a9afa91a44abee3; Type: FK CONSTRAINT; Schema: public; Owner: naval
--

ALTER TABLE ONLY calendarexception
    ADD CONSTRAINT fk1a9afa91a44abee3 FOREIGN KEY (base_calendar_id) REFERENCES basecalendar(id);


--
-- Name: fk1a9afa91adad7e51; Type: FK CONSTRAINT; Schema: public; Owner: naval
--

ALTER TABLE ONLY calendarexception
    ADD CONSTRAINT fk1a9afa91adad7e51 FOREIGN KEY (calendar_exception_id) REFERENCES calendarexceptiontype(id);


--
-- Name: fk1ccb0f7419b9dfde; Type: FK CONSTRAINT; Schema: public; Owner: naval
--

ALTER TABLE ONLY material_assigment_template
    ADD CONSTRAINT fk1ccb0f7419b9dfde FOREIGN KEY (order_element_template_id) REFERENCES orderelementtemplate(id);


--
-- Name: fk1ccb0f74b5c68337; Type: FK CONSTRAINT; Schema: public; Owner: naval
--

ALTER TABLE ONLY material_assigment_template
    ADD CONSTRAINT fk1ccb0f74b5c68337 FOREIGN KEY (material_id) REFERENCES material(id);


--
-- Name: fk1fc5f45575ed79ba; Type: FK CONSTRAINT; Schema: public; Owner: naval
--

ALTER TABLE ONLY limiting_resource_queue_element
    ADD CONSTRAINT fk1fc5f45575ed79ba FOREIGN KEY (resource_allocation_id) REFERENCES resourceallocation(id);


--
-- Name: fk1fc5f455bd2209e8; Type: FK CONSTRAINT; Schema: public; Owner: naval
--

ALTER TABLE ONLY limiting_resource_queue_element
    ADD CONSTRAINT fk1fc5f455bd2209e8 FOREIGN KEY (limiting_resource_queue_id) REFERENCES limiting_resource_queue(id);


--
-- Name: fk27a9a54936bb8c; Type: FK CONSTRAINT; Schema: public; Owner: naval
--

ALTER TABLE ONLY task
    ADD CONSTRAINT fk27a9a54936bb8c FOREIGN KEY (task_element_id) REFERENCES taskelement(id);


--
-- Name: fk27a9a55b595a0; Type: FK CONSTRAINT; Schema: public; Owner: naval
--

ALTER TABLE ONLY task
    ADD CONSTRAINT fk27a9a55b595a0 FOREIGN KEY (subcontrated_task_data_id) REFERENCES subcontractedtaskdata(id);


--
-- Name: fk2999e7e5421c7cf4; Type: FK CONSTRAINT; Schema: public; Owner: naval
--

ALTER TABLE ONLY specificdayassignmentscontainer
    ADD CONSTRAINT fk2999e7e5421c7cf4 FOREIGN KEY (scenario) REFERENCES scenario(id);


--
-- Name: fk2999e7e57518838c; Type: FK CONSTRAINT; Schema: public; Owner: naval
--

ALTER TABLE ONLY specificdayassignmentscontainer
    ADD CONSTRAINT fk2999e7e57518838c FOREIGN KEY (resource_allocation_id) REFERENCES specific_resource_allocation(resource_allocation_id);


--
-- Name: fk29d0015519b9dfde; Type: FK CONSTRAINT; Schema: public; Owner: naval
--

ALTER TABLE ONLY order_element_template_quality_form
    ADD CONSTRAINT fk29d0015519b9dfde FOREIGN KEY (order_element_template_id) REFERENCES orderelementtemplate(id);


--
-- Name: fk29d001558b37665c; Type: FK CONSTRAINT; Schema: public; Owner: naval
--

ALTER TABLE ONLY order_element_template_quality_form
    ADD CONSTRAINT fk29d001558b37665c FOREIGN KEY (quality_form_id) REFERENCES quality_form(id);


--
-- Name: fk3a79eb0219b9dfde; Type: FK CONSTRAINT; Schema: public; Owner: naval
--

ALTER TABLE ONLY criterionrequirement
    ADD CONSTRAINT fk3a79eb0219b9dfde FOREIGN KEY (order_element_template_id) REFERENCES orderelementtemplate(id);


--
-- Name: fk3a79eb0261f02c44; Type: FK CONSTRAINT; Schema: public; Owner: naval
--

ALTER TABLE ONLY criterionrequirement
    ADD CONSTRAINT fk3a79eb0261f02c44 FOREIGN KEY (criterion_id) REFERENCES criterion(id);


--
-- Name: fk3a79eb02e036cfed; Type: FK CONSTRAINT; Schema: public; Owner: naval
--

ALTER TABLE ONLY criterionrequirement
    ADD CONSTRAINT fk3a79eb02e036cfed FOREIGN KEY (hours_group_id) REFERENCES hoursgroup(id);


--
-- Name: fk3a79eb02efda874f; Type: FK CONSTRAINT; Schema: public; Owner: naval
--

ALTER TABLE ONLY criterionrequirement
    ADD CONSTRAINT fk3a79eb02efda874f FOREIGN KEY (order_element_id) REFERENCES orderelement(id);


--
-- Name: fk3a79eb02f41d57f2; Type: FK CONSTRAINT; Schema: public; Owner: naval
--

ALTER TABLE ONLY criterionrequirement
    ADD CONSTRAINT fk3a79eb02f41d57f2 FOREIGN KEY (parent) REFERENCES criterionrequirement(id);


--
-- Name: fk3afdc2bd75ed79ba; Type: FK CONSTRAINT; Schema: public; Owner: naval
--

ALTER TABLE ONLY derivedallocation
    ADD CONSTRAINT fk3afdc2bd75ed79ba FOREIGN KEY (resource_allocation_id) REFERENCES resourceallocation(id);


--
-- Name: fk3afdc2bd87b470f0; Type: FK CONSTRAINT; Schema: public; Owner: naval
--

ALTER TABLE ONLY derivedallocation
    ADD CONSTRAINT fk3afdc2bd87b470f0 FOREIGN KEY (configurationunit) REFERENCES machineworkersconfigurationunit(id);


--
-- Name: fk3d1ffd21218d7620; Type: FK CONSTRAINT; Schema: public; Owner: naval
--

ALTER TABLE ONLY indirectadvanceassignment
    ADD CONSTRAINT fk3d1ffd21218d7620 FOREIGN KEY (indirect_order_element_id) REFERENCES orderelement(id);


--
-- Name: fk3d1ffd212f2d3aec; Type: FK CONSTRAINT; Schema: public; Owner: naval
--

ALTER TABLE ONLY indirectadvanceassignment
    ADD CONSTRAINT fk3d1ffd212f2d3aec FOREIGN KEY (advance_assignment_id) REFERENCES advanceassignment(id);


--
-- Name: fk3d1ffd218202350f; Type: FK CONSTRAINT; Schema: public; Owner: naval
--

ALTER TABLE ONLY indirectadvanceassignment
    ADD CONSTRAINT fk3d1ffd218202350f FOREIGN KEY (indirect_order_element_id) REFERENCES orderlinegroup(orderelementid);


--
-- Name: fk3f30d9ad8c4c676c; Type: FK CONSTRAINT; Schema: public; Owner: naval
--

ALTER TABLE ONLY criterionsatisfaction
    ADD CONSTRAINT fk3f30d9ad8c4c676c FOREIGN KEY (criterion) REFERENCES criterion(id);


--
-- Name: fk3f30d9adeae850b2; Type: FK CONSTRAINT; Schema: public; Owner: naval
--

ALTER TABLE ONLY criterionsatisfaction
    ADD CONSTRAINT fk3f30d9adeae850b2 FOREIGN KEY (resource) REFERENCES resource(id);


--
-- Name: fk401dc6acffeb5538; Type: FK CONSTRAINT; Schema: public; Owner: naval
--

ALTER TABLE ONLY machineworkersconfigurationunit
    ADD CONSTRAINT fk401dc6acffeb5538 FOREIGN KEY (machine) REFERENCES machine(machine_id);


--
-- Name: fk407955279578651e; Type: FK CONSTRAINT; Schema: public; Owner: naval
--

ALTER TABLE ONLY material
    ADD CONSTRAINT fk407955279578651e FOREIGN KEY (category_id) REFERENCES material_category(id);


--
-- Name: fk40795527f11b2d0; Type: FK CONSTRAINT; Schema: public; Owner: naval
--

ALTER TABLE ONLY material
    ADD CONSTRAINT fk40795527f11b2d0 FOREIGN KEY (unit_type) REFERENCES unit_type(id);


--
-- Name: fk41e073ae15671e92; Type: FK CONSTRAINT; Schema: public; Owner: naval
--

ALTER TABLE ONLY resourceallocation
    ADD CONSTRAINT fk41e073ae15671e92 FOREIGN KEY (assignment_function) REFERENCES assignment_function(id);


--
-- Name: fk41e073aeff61540d; Type: FK CONSTRAINT; Schema: public; Owner: naval
--

ALTER TABLE ONLY resourceallocation
    ADD CONSTRAINT fk41e073aeff61540d FOREIGN KEY (task) REFERENCES task(task_element_id);


--
-- Name: fk44d86d4707cd777; Type: FK CONSTRAINT; Schema: public; Owner: naval
--

ALTER TABLE ONLY label
    ADD CONSTRAINT fk44d86d4707cd777 FOREIGN KEY (label_type_id) REFERENCES label_type(id);


--
-- Name: fk4a1d42dc9fb7fc18; Type: FK CONSTRAINT; Schema: public; Owner: naval
--

ALTER TABLE ONLY orderlinetemplate
    ADD CONSTRAINT fk4a1d42dc9fb7fc18 FOREIGN KEY (order_line_template_id) REFERENCES orderelementtemplate(id);


--
-- Name: fk4d68b9c89a4a7d90; Type: FK CONSTRAINT; Schema: public; Owner: naval
--

ALTER TABLE ONLY ordertemplate
    ADD CONSTRAINT fk4d68b9c89a4a7d90 FOREIGN KEY (order_template_id) REFERENCES orderlinegrouptemplate(group_template_id);


--
-- Name: fk4d68b9c8a44abee3; Type: FK CONSTRAINT; Schema: public; Owner: naval
--

ALTER TABLE ONLY ordertemplate
    ADD CONSTRAINT fk4d68b9c8a44abee3 FOREIGN KEY (base_calendar_id) REFERENCES basecalendar(id);


--
-- Name: fk5280da49161d6c65; Type: FK CONSTRAINT; Schema: public; Owner: naval
--

ALTER TABLE ONLY virtualworker
    ADD CONSTRAINT fk5280da49161d6c65 FOREIGN KEY (virtualworker_id) REFERENCES worker(worker_id);


--
-- Name: fk53cd4dcaa2380ca7; Type: FK CONSTRAINT; Schema: public; Owner: naval
--

ALTER TABLE ONLY orderversion
    ADD CONSTRAINT fk53cd4dcaa2380ca7 FOREIGN KEY (ownerscenario) REFERENCES scenario(id);


--
-- Name: fk5863798ca44abee3; Type: FK CONSTRAINT; Schema: public; Owner: naval
--

ALTER TABLE ONLY resourcecalendar
    ADD CONSTRAINT fk5863798ca44abee3 FOREIGN KEY (base_calendar_id) REFERENCES basecalendar(id);


--
-- Name: fk593d3b4b1a5e11f8; Type: FK CONSTRAINT; Schema: public; Owner: naval
--

ALTER TABLE ONLY stretchesfunction
    ADD CONSTRAINT fk593d3b4b1a5e11f8 FOREIGN KEY (assignment_function_id) REFERENCES assignment_function(id);


--
-- Name: fk5948535228f2695; Type: FK CONSTRAINT; Schema: public; Owner: naval
--

ALTER TABLE ONLY limiting_resource_queue_dependency
    ADD CONSTRAINT fk5948535228f2695 FOREIGN KEY (origin_queue_element_id) REFERENCES limiting_resource_queue_element(id);


--
-- Name: fk59485352e42f8d29; Type: FK CONSTRAINT; Schema: public; Owner: naval
--

ALTER TABLE ONLY limiting_resource_queue_dependency
    ADD CONSTRAINT fk59485352e42f8d29 FOREIGN KEY (destiny_queue_element_id) REFERENCES limiting_resource_queue_element(id);


--
-- Name: fk5c13eccf415884f6; Type: FK CONSTRAINT; Schema: public; Owner: naval
--

ALTER TABLE ONLY line_field
    ADD CONSTRAINT fk5c13eccf415884f6 FOREIGN KEY (heading_id) REFERENCES work_report_type(id);


--
-- Name: fk6017744297b1c209; Type: FK CONSTRAINT; Schema: public; Owner: naval
--

ALTER TABLE ONLY orderline
    ADD CONSTRAINT fk6017744297b1c209 FOREIGN KEY (orderelementid) REFERENCES orderelement(id);


--
-- Name: fk62b2994b4936bb8c; Type: FK CONSTRAINT; Schema: public; Owner: naval
--

ALTER TABLE ONLY taskmilestone
    ADD CONSTRAINT fk62b2994b4936bb8c FOREIGN KEY (task_element_id) REFERENCES taskelement(id);


--
-- Name: fk698876da1b8e7cf2; Type: FK CONSTRAINT; Schema: public; Owner: naval
--

ALTER TABLE ONLY deriveddayassignmentscontainer
    ADD CONSTRAINT fk698876da1b8e7cf2 FOREIGN KEY (derived_allocation_id) REFERENCES derivedallocation(id);


--
-- Name: fk698876da421c7cf4; Type: FK CONSTRAINT; Schema: public; Owner: naval
--

ALTER TABLE ONLY deriveddayassignmentscontainer
    ADD CONSTRAINT fk698876da421c7cf4 FOREIGN KEY (scenario) REFERENCES scenario(id);


--
-- Name: fk70d5d997a44abee3; Type: FK CONSTRAINT; Schema: public; Owner: naval
--

ALTER TABLE ONLY taskelement
    ADD CONSTRAINT fk70d5d997a44abee3 FOREIGN KEY (base_calendar_id) REFERENCES basecalendar(id);


--
-- Name: fk70d5d997a5f3c581; Type: FK CONSTRAINT; Schema: public; Owner: naval
--

ALTER TABLE ONLY taskelement
    ADD CONSTRAINT fk70d5d997a5f3c581 FOREIGN KEY (parent) REFERENCES taskgroup(task_element_id);


--
-- Name: fk711ace7423b85cf1; Type: FK CONSTRAINT; Schema: public; Owner: naval
--

ALTER TABLE ONLY scenario_orders
    ADD CONSTRAINT fk711ace7423b85cf1 FOREIGN KEY (order_version_id) REFERENCES orderversion(id);


--
-- Name: fk711ace7487287288; Type: FK CONSTRAINT; Schema: public; Owner: naval
--

ALTER TABLE ONLY scenario_orders
    ADD CONSTRAINT fk711ace7487287288 FOREIGN KEY (order_id) REFERENCES order_table(orderelementid);


--
-- Name: fk711ace74c0fb9d8e; Type: FK CONSTRAINT; Schema: public; Owner: naval
--

ALTER TABLE ONLY scenario_orders
    ADD CONSTRAINT fk711ace74c0fb9d8e FOREIGN KEY (scenario_id) REFERENCES scenario(id);


--
-- Name: fk7540af6b1545e7a; Type: FK CONSTRAINT; Schema: public; Owner: naval
--

ALTER TABLE ONLY dependency
    ADD CONSTRAINT fk7540af6b1545e7a FOREIGN KEY (origin) REFERENCES taskelement(id);


--
-- Name: fk7540af6b9e788f90; Type: FK CONSTRAINT; Schema: public; Owner: naval
--

ALTER TABLE ONLY dependency
    ADD CONSTRAINT fk7540af6b9e788f90 FOREIGN KEY (queue_dependency) REFERENCES limiting_resource_queue_dependency(id);


--
-- Name: fk7540af6be838f362; Type: FK CONSTRAINT; Schema: public; Owner: naval
--

ALTER TABLE ONLY dependency
    ADD CONSTRAINT fk7540af6be838f362 FOREIGN KEY (destination) REFERENCES taskelement(id);


--
-- Name: fk75a2f39d4ec080cf; Type: FK CONSTRAINT; Schema: public; Owner: naval
--

ALTER TABLE ONLY order_table
    ADD CONSTRAINT fk75a2f39d4ec080cf FOREIGN KEY (customer) REFERENCES external_company(id);


--
-- Name: fk75a2f39da44abee3; Type: FK CONSTRAINT; Schema: public; Owner: naval
--

ALTER TABLE ONLY order_table
    ADD CONSTRAINT fk75a2f39da44abee3 FOREIGN KEY (base_calendar_id) REFERENCES basecalendar(id);


--
-- Name: fk75a2f39df82680f8; Type: FK CONSTRAINT; Schema: public; Owner: naval
--

ALTER TABLE ONLY order_table
    ADD CONSTRAINT fk75a2f39df82680f8 FOREIGN KEY (orderelementid) REFERENCES orderlinegroup(orderelementid);


--
-- Name: fk7980035061f02c44; Type: FK CONSTRAINT; Schema: public; Owner: naval
--

ALTER TABLE ONLY all_criterions
    ADD CONSTRAINT fk7980035061f02c44 FOREIGN KEY (criterion_id) REFERENCES criterion(id);


--
-- Name: fk79800350b1524a73; Type: FK CONSTRAINT; Schema: public; Owner: naval
--

ALTER TABLE ONLY all_criterions
    ADD CONSTRAINT fk79800350b1524a73 FOREIGN KEY (generic_resource_allocation_id) REFERENCES generic_resource_allocation(resource_allocation_id);


--
-- Name: fk7d2eeb5d97b1c209; Type: FK CONSTRAINT; Schema: public; Owner: naval
--

ALTER TABLE ONLY orderlinegroup
    ADD CONSTRAINT fk7d2eeb5d97b1c209 FOREIGN KEY (orderelementid) REFERENCES orderelement(id);


--
-- Name: fk7daad5cd5078e161; Type: FK CONSTRAINT; Schema: public; Owner: naval
--

ALTER TABLE ONLY workreportslines_labels
    ADD CONSTRAINT fk7daad5cd5078e161 FOREIGN KEY (work_report_line_id) REFERENCES work_report_line(id);


--
-- Name: fk7daad5cdc1c2746e; Type: FK CONSTRAINT; Schema: public; Owner: naval
--

ALTER TABLE ONLY workreportslines_labels
    ADD CONSTRAINT fk7daad5cdc1c2746e FOREIGN KEY (label_id) REFERENCES label(id);


--
-- Name: fk7e57469848d21790; Type: FK CONSTRAINT; Schema: public; Owner: naval
--

ALTER TABLE ONLY limiting_resource_queue
    ADD CONSTRAINT fk7e57469848d21790 FOREIGN KEY (resource_id) REFERENCES resource(id);


--
-- Name: fk808010cfb216ed4c; Type: FK CONSTRAINT; Schema: public; Owner: naval
--

ALTER TABLE ONLY advanceassignment
    ADD CONSTRAINT fk808010cfb216ed4c FOREIGN KEY (advance_type_id) REFERENCES advancetype(id);


--
-- Name: fk80e79bda4936bb8c; Type: FK CONSTRAINT; Schema: public; Owner: naval
--

ALTER TABLE ONLY taskgroup
    ADD CONSTRAINT fk80e79bda4936bb8c FOREIGN KEY (task_element_id) REFERENCES taskelement(id);


--
-- Name: fk8217a424b216ed4c; Type: FK CONSTRAINT; Schema: public; Owner: naval
--

ALTER TABLE ONLY quality_form
    ADD CONSTRAINT fk8217a424b216ed4c FOREIGN KEY (advance_type_id) REFERENCES advancetype(id);


--
-- Name: fk82ca26e5fec79eb0; Type: FK CONSTRAINT; Schema: public; Owner: naval
--

ALTER TABLE ONLY description_values
    ADD CONSTRAINT fk82ca26e5fec79eb0 FOREIGN KEY (description_value_id) REFERENCES work_report(id);


--
-- Name: fk8746516b53669f2; Type: FK CONSTRAINT; Schema: public; Owner: naval
--

ALTER TABLE ONLY material_category
    ADD CONSTRAINT fk8746516b53669f2 FOREIGN KEY (parent_id) REFERENCES material_category(id);


--
-- Name: fk8ca5223648d21790; Type: FK CONSTRAINT; Schema: public; Owner: naval
--

ALTER TABLE ONLY resources_cost_category_assignment
    ADD CONSTRAINT fk8ca5223648d21790 FOREIGN KEY (resource_id) REFERENCES resource(id);


--
-- Name: fk8ca52236c29ad8eb; Type: FK CONSTRAINT; Schema: public; Owner: naval
--

ALTER TABLE ONLY resources_cost_category_assignment
    ADD CONSTRAINT fk8ca52236c29ad8eb FOREIGN KEY (cost_category_id) REFERENCES cost_category(id);


--
-- Name: fk8e542e8114a5c61; Type: FK CONSTRAINT; Schema: public; Owner: naval
--

ALTER TABLE ONLY criterion
    ADD CONSTRAINT fk8e542e8114a5c61 FOREIGN KEY (id_criterion_type) REFERENCES criteriontype(id);


--
-- Name: fk8e542e813a156175; Type: FK CONSTRAINT; Schema: public; Owner: naval
--

ALTER TABLE ONLY criterion
    ADD CONSTRAINT fk8e542e813a156175 FOREIGN KEY (parent) REFERENCES criterion(id);


--
-- Name: fk9469dc27937680b7; Type: FK CONSTRAINT; Schema: public; Owner: naval
--

ALTER TABLE ONLY machine
    ADD CONSTRAINT fk9469dc27937680b7 FOREIGN KEY (machine_id) REFERENCES resource(id);


--
-- Name: fk95548d7861f02c44; Type: FK CONSTRAINT; Schema: public; Owner: naval
--

ALTER TABLE ONLY machine_configuration_unit_required_criterions
    ADD CONSTRAINT fk95548d7861f02c44 FOREIGN KEY (criterion_id) REFERENCES criterion(id);


--
-- Name: fk95548d7875999a91; Type: FK CONSTRAINT; Schema: public; Owner: naval
--

ALTER TABLE ONLY machine_configuration_unit_required_criterions
    ADD CONSTRAINT fk95548d7875999a91 FOREIGN KEY (id) REFERENCES machineworkersconfigurationunit(id);


--
-- Name: fk991fdde5567ad13; Type: FK CONSTRAINT; Schema: public; Owner: naval
--

ALTER TABLE ONLY user_profiles
    ADD CONSTRAINT fk991fdde5567ad13 FOREIGN KEY (user_id) REFERENCES naval_user(id);


--
-- Name: fk991fddeedc4db41; Type: FK CONSTRAINT; Schema: public; Owner: naval
--

ALTER TABLE ONLY user_profiles
    ADD CONSTRAINT fk991fddeedc4db41 FOREIGN KEY (profile_id) REFERENCES naval_profile(id);


--
-- Name: fk9ac73f9e40901220; Type: FK CONSTRAINT; Schema: public; Owner: naval
--

ALTER TABLE ONLY worker
    ADD CONSTRAINT fk9ac73f9e40901220 FOREIGN KEY (worker_id) REFERENCES resource(id);


--
-- Name: fk9bb0b28841638aab; Type: FK CONSTRAINT; Schema: public; Owner: naval
--

ALTER TABLE ONLY orderelementtemplate
    ADD CONSTRAINT fk9bb0b28841638aab FOREIGN KEY (parent) REFERENCES orderlinegrouptemplate(group_template_id);


--
-- Name: fka01aabd9a44abee3; Type: FK CONSTRAINT; Schema: public; Owner: naval
--

ALTER TABLE ONLY calendaravailability
    ADD CONSTRAINT fka01aabd9a44abee3 FOREIGN KEY (base_calendar_id) REFERENCES basecalendar(id);


--
-- Name: fka01fe4ee8c80ccb7; Type: FK CONSTRAINT; Schema: public; Owner: naval
--

ALTER TABLE ONLY task_source_hours_groups
    ADD CONSTRAINT fka01fe4ee8c80ccb7 FOREIGN KEY (task_source_id) REFERENCES tasksource(id);


--
-- Name: fka01fe4eee036cfed; Type: FK CONSTRAINT; Schema: public; Owner: naval
--

ALTER TABLE ONLY task_source_hours_groups
    ADD CONSTRAINT fka01fe4eee036cfed FOREIGN KEY (hours_group_id) REFERENCES hoursgroup(id);


--
-- Name: fka04a45b123b85cf1; Type: FK CONSTRAINT; Schema: public; Owner: naval
--

ALTER TABLE ONLY scheduling_states_by_order_version
    ADD CONSTRAINT fka04a45b123b85cf1 FOREIGN KEY (order_version_id) REFERENCES orderversion(id);


--
-- Name: fka04a45b19bfe55d0; Type: FK CONSTRAINT; Schema: public; Owner: naval
--

ALTER TABLE ONLY scheduling_states_by_order_version
    ADD CONSTRAINT fka04a45b19bfe55d0 FOREIGN KEY (scheduling_state_for_version_id) REFERENCES schedulingdataforversion(id);


--
-- Name: fka04a45b1efda874f; Type: FK CONSTRAINT; Schema: public; Owner: naval
--

ALTER TABLE ONLY scheduling_states_by_order_version
    ADD CONSTRAINT fka04a45b1efda874f FOREIGN KEY (order_element_id) REFERENCES orderelement(id);


--
-- Name: fka2d2a4d6cc119699; Type: FK CONSTRAINT; Schema: public; Owner: naval
--

ALTER TABLE ONLY configuration
    ADD CONSTRAINT fka2d2a4d6cc119699 FOREIGN KEY (configuration_id) REFERENCES basecalendar(id);


--
-- Name: fka87c31085567ad13; Type: FK CONSTRAINT; Schema: public; Owner: naval
--

ALTER TABLE ONLY order_authorization
    ADD CONSTRAINT fka87c31085567ad13 FOREIGN KEY (user_id) REFERENCES naval_user(id);


--
-- Name: fka87c310887287288; Type: FK CONSTRAINT; Schema: public; Owner: naval
--

ALTER TABLE ONLY order_authorization
    ADD CONSTRAINT fka87c310887287288 FOREIGN KEY (order_id) REFERENCES order_table(orderelementid);


--
-- Name: fka87c3108edc4db41; Type: FK CONSTRAINT; Schema: public; Owner: naval
--

ALTER TABLE ONLY order_authorization
    ADD CONSTRAINT fka87c3108edc4db41 FOREIGN KEY (profile_id) REFERENCES naval_profile(id);


--
-- Name: fka9542ec319b9dfde; Type: FK CONSTRAINT; Schema: public; Owner: naval
--

ALTER TABLE ONLY order_element_template_label
    ADD CONSTRAINT fka9542ec319b9dfde FOREIGN KEY (order_element_template_id) REFERENCES orderelementtemplate(id);


--
-- Name: fka9542ec3c1c2746e; Type: FK CONSTRAINT; Schema: public; Owner: naval
--

ALTER TABLE ONLY order_element_template_label
    ADD CONSTRAINT fka9542ec3c1c2746e FOREIGN KEY (label_id) REFERENCES label(id);


--
-- Name: fkab89a5edefda874f; Type: FK CONSTRAINT; Schema: public; Owner: naval
--

ALTER TABLE ONLY schedulingdataforversion
    ADD CONSTRAINT fkab89a5edefda874f FOREIGN KEY (order_element_id) REFERENCES orderelement(id);


--
-- Name: fkadeba4bf87fa6b5d; Type: FK CONSTRAINT; Schema: public; Owner: naval
--

ALTER TABLE ONLY task_quality_form_items
    ADD CONSTRAINT fkadeba4bf87fa6b5d FOREIGN KEY (task_quality_form_id) REFERENCES task_quality_form(id);


--
-- Name: fkb05e6e203d72bc6f; Type: FK CONSTRAINT; Schema: public; Owner: naval
--

ALTER TABLE ONLY tasksource
    ADD CONSTRAINT fkb05e6e203d72bc6f FOREIGN KEY (id) REFERENCES taskelement(id);


--
-- Name: fkb05e6e209a2c0abd; Type: FK CONSTRAINT; Schema: public; Owner: naval
--

ALTER TABLE ONLY tasksource
    ADD CONSTRAINT fkb05e6e209a2c0abd FOREIGN KEY (schedulingdata) REFERENCES schedulingdataforversion(id);


--
-- Name: fkbb2f91fa2f2d3aec; Type: FK CONSTRAINT; Schema: public; Owner: naval
--

ALTER TABLE ONLY advancemeasurement
    ADD CONSTRAINT fkbb2f91fa2f2d3aec FOREIGN KEY (advance_assignment_id) REFERENCES advanceassignment(id);


--
-- Name: fkbb2f91faa9e53843; Type: FK CONSTRAINT; Schema: public; Owner: naval
--

ALTER TABLE ONLY advancemeasurement
    ADD CONSTRAINT fkbb2f91faa9e53843 FOREIGN KEY (advance_assignment_id) REFERENCES directadvanceassignment(advance_assignment_id);


--
-- Name: fkbb493f5019256004; Type: FK CONSTRAINT; Schema: public; Owner: naval
--

ALTER TABLE ONLY day_assignment
    ADD CONSTRAINT fkbb493f5019256004 FOREIGN KEY (generic_container_id) REFERENCES genericdayassignmentscontainer(id);


--
-- Name: fkbb493f5048d21790; Type: FK CONSTRAINT; Schema: public; Owner: naval
--

ALTER TABLE ONLY day_assignment
    ADD CONSTRAINT fkbb493f5048d21790 FOREIGN KEY (resource_id) REFERENCES resource(id);


--
-- Name: fkbb493f50510e7a78; Type: FK CONSTRAINT; Schema: public; Owner: naval
--

ALTER TABLE ONLY day_assignment
    ADD CONSTRAINT fkbb493f50510e7a78 FOREIGN KEY (derived_container_id) REFERENCES deriveddayassignmentscontainer(id);


--
-- Name: fkbb493f50756348a8; Type: FK CONSTRAINT; Schema: public; Owner: naval
--

ALTER TABLE ONLY day_assignment
    ADD CONSTRAINT fkbb493f50756348a8 FOREIGN KEY (specific_container_id) REFERENCES specificdayassignmentscontainer(id);


--
-- Name: fkc001d52efd5e49bc; Type: FK CONSTRAINT; Schema: public; Owner: naval
--

ALTER TABLE ONLY hoursperday
    ADD CONSTRAINT fkc001d52efd5e49bc FOREIGN KEY (base_calendar_id) REFERENCES calendardata(id);


--
-- Name: fkc5b10467f3909054; Type: FK CONSTRAINT; Schema: public; Owner: naval
--

ALTER TABLE ONLY profile_roles
    ADD CONSTRAINT fkc5b10467f3909054 FOREIGN KEY (profileid) REFERENCES naval_profile(id);


--
-- Name: fkc6c799292c57f12a; Type: FK CONSTRAINT; Schema: public; Owner: naval
--

ALTER TABLE ONLY user_roles
    ADD CONSTRAINT fkc6c799292c57f12a FOREIGN KEY (userid) REFERENCES naval_user(id);


--
-- Name: fkcf1f2cd01ed629ea; Type: FK CONSTRAINT; Schema: public; Owner: naval
--

ALTER TABLE ONLY hoursgroup
    ADD CONSTRAINT fkcf1f2cd01ed629ea FOREIGN KEY (parent_order_line) REFERENCES orderline(orderelementid);


--
-- Name: fkcf1f2cd08bdc6ac6; Type: FK CONSTRAINT; Schema: public; Owner: naval
--

ALTER TABLE ONLY hoursgroup
    ADD CONSTRAINT fkcf1f2cd08bdc6ac6 FOREIGN KEY (order_line_template) REFERENCES orderlinetemplate(order_line_template_id);


--
-- Name: fkd06071e0421c7cf4; Type: FK CONSTRAINT; Schema: public; Owner: naval
--

ALTER TABLE ONLY genericdayassignmentscontainer
    ADD CONSTRAINT fkd06071e0421c7cf4 FOREIGN KEY (scenario) REFERENCES scenario(id);


--
-- Name: fkd06071e0ee970b; Type: FK CONSTRAINT; Schema: public; Owner: naval
--

ALTER TABLE ONLY genericdayassignmentscontainer
    ADD CONSTRAINT fkd06071e0ee970b FOREIGN KEY (resource_allocation_id) REFERENCES generic_resource_allocation(resource_allocation_id);


--
-- Name: fkd3056ef7ddc82952; Type: FK CONSTRAINT; Schema: public; Owner: naval
--

ALTER TABLE ONLY orderlinegrouptemplate
    ADD CONSTRAINT fkd3056ef7ddc82952 FOREIGN KEY (group_template_id) REFERENCES orderelementtemplate(id);


--
-- Name: fkd59fd7b0fd99606d; Type: FK CONSTRAINT; Schema: public; Owner: naval
--

ALTER TABLE ONLY scenario
    ADD CONSTRAINT fkd59fd7b0fd99606d FOREIGN KEY (predecessor) REFERENCES scenario(id);


--
-- Name: fkd7d7eb1286b2de7a; Type: FK CONSTRAINT; Schema: public; Owner: naval
--

ALTER TABLE ONLY machineworkerassignment
    ADD CONSTRAINT fkd7d7eb1286b2de7a FOREIGN KEY (configuration_id) REFERENCES machineworkersconfigurationunit(id);


--
-- Name: fkd7d7eb129bebcf10; Type: FK CONSTRAINT; Schema: public; Owner: naval
--

ALTER TABLE ONLY machineworkerassignment
    ADD CONSTRAINT fkd7d7eb129bebcf10 FOREIGN KEY (worker_id) REFERENCES worker(worker_id);


--
-- Name: fkd9f8f120131853a1; Type: FK CONSTRAINT; Schema: public; Owner: naval
--

ALTER TABLE ONLY work_report_label_type_assigment
    ADD CONSTRAINT fkd9f8f120131853a1 FOREIGN KEY (work_report_type_id) REFERENCES work_report_type(id);


--
-- Name: fkd9f8f120707cd777; Type: FK CONSTRAINT; Schema: public; Owner: naval
--

ALTER TABLE ONLY work_report_label_type_assigment
    ADD CONSTRAINT fkd9f8f120707cd777 FOREIGN KEY (label_type_id) REFERENCES label_type(id);


--
-- Name: fkd9f8f120c1c2746e; Type: FK CONSTRAINT; Schema: public; Owner: naval
--

ALTER TABLE ONLY work_report_label_type_assigment
    ADD CONSTRAINT fkd9f8f120c1c2746e FOREIGN KEY (label_id) REFERENCES label(id);


--
-- Name: fkdbbb4fee1e635c19; Type: FK CONSTRAINT; Schema: public; Owner: naval
--

ALTER TABLE ONLY orderelement
    ADD CONSTRAINT fkdbbb4fee1e635c19 FOREIGN KEY (parent) REFERENCES orderlinegroup(orderelementid);


--
-- Name: fkdbbb4feed97bcc8c; Type: FK CONSTRAINT; Schema: public; Owner: naval
--

ALTER TABLE ONLY orderelement
    ADD CONSTRAINT fkdbbb4feed97bcc8c FOREIGN KEY (template) REFERENCES orderelementtemplate(id);


--
-- Name: fkdfdb026919b9dfde; Type: FK CONSTRAINT; Schema: public; Owner: naval
--

ALTER TABLE ONLY advanceassignmenttemplate
    ADD CONSTRAINT fkdfdb026919b9dfde FOREIGN KEY (order_element_template_id) REFERENCES orderelementtemplate(id);


--
-- Name: fkdfdb0269b216ed4c; Type: FK CONSTRAINT; Schema: public; Owner: naval
--

ALTER TABLE ONLY advanceassignmenttemplate
    ADD CONSTRAINT fkdfdb0269b216ed4c FOREIGN KEY (advance_type_id) REFERENCES advancetype(id);


--
-- Name: fke203860c1c2746e; Type: FK CONSTRAINT; Schema: public; Owner: naval
--

ALTER TABLE ONLY order_element_label
    ADD CONSTRAINT fke203860c1c2746e FOREIGN KEY (label_id) REFERENCES label(id);


--
-- Name: fke203860efda874f; Type: FK CONSTRAINT; Schema: public; Owner: naval
--

ALTER TABLE ONLY order_element_label
    ADD CONSTRAINT fke203860efda874f FOREIGN KEY (order_element_id) REFERENCES orderelement(id);


--
-- Name: fke3758148c29ad8eb; Type: FK CONSTRAINT; Schema: public; Owner: naval
--

ALTER TABLE ONLY hour_cost
    ADD CONSTRAINT fke3758148c29ad8eb FOREIGN KEY (cost_category_id) REFERENCES cost_category(id);


--
-- Name: fke3758148d5b6184d; Type: FK CONSTRAINT; Schema: public; Owner: naval
--

ALTER TABLE ONLY hour_cost
    ADD CONSTRAINT fke3758148d5b6184d FOREIGN KEY (type_of_work_hours_id) REFERENCES type_of_work_hours(id);


--
-- Name: fke562c7e93fee60cc; Type: FK CONSTRAINT; Schema: public; Owner: naval
--

ALTER TABLE ONLY external_company
    ADD CONSTRAINT fke562c7e93fee60cc FOREIGN KEY (companyuser) REFERENCES naval_user(id);


--
-- Name: fke9754bc58b37665c; Type: FK CONSTRAINT; Schema: public; Owner: naval
--

ALTER TABLE ONLY quality_form_items
    ADD CONSTRAINT fke9754bc58b37665c FOREIGN KEY (quality_form_id) REFERENCES quality_form(id);


--
-- Name: fkeb02c3f148d21790; Type: FK CONSTRAINT; Schema: public; Owner: naval
--

ALTER TABLE ONLY work_report_line
    ADD CONSTRAINT fkeb02c3f148d21790 FOREIGN KEY (resource_id) REFERENCES resource(id);


--
-- Name: fkeb02c3f1e7e1020b; Type: FK CONSTRAINT; Schema: public; Owner: naval
--

ALTER TABLE ONLY work_report_line
    ADD CONSTRAINT fkeb02c3f1e7e1020b FOREIGN KEY (type_work_hours_id) REFERENCES type_of_work_hours(id);


--
-- Name: fkeb02c3f1efda874f; Type: FK CONSTRAINT; Schema: public; Owner: naval
--

ALTER TABLE ONLY work_report_line
    ADD CONSTRAINT fkeb02c3f1efda874f FOREIGN KEY (order_element_id) REFERENCES orderelement(id);


--
-- Name: fkeb02c3f1f1a3177c; Type: FK CONSTRAINT; Schema: public; Owner: naval
--

ALTER TABLE ONLY work_report_line
    ADD CONSTRAINT fkeb02c3f1f1a3177c FOREIGN KEY (work_report_id) REFERENCES work_report(id);


--
-- Name: fkecc6114019960f43; Type: FK CONSTRAINT; Schema: public; Owner: naval
--

ALTER TABLE ONLY subcontractedtaskdata
    ADD CONSTRAINT fkecc6114019960f43 FOREIGN KEY (externalcompany) REFERENCES external_company(id);


--
-- Name: fkee374673ae0677b8; Type: FK CONSTRAINT; Schema: public; Owner: naval
--

ALTER TABLE ONLY stretches
    ADD CONSTRAINT fkee374673ae0677b8 FOREIGN KEY (assignment_function_id) REFERENCES stretchesfunction(assignment_function_id);


--
-- Name: fkeeedb0fc4cd98327; Type: FK CONSTRAINT; Schema: public; Owner: naval
--

ALTER TABLE ONLY naval_user
    ADD CONSTRAINT fkeeedb0fc4cd98327 FOREIGN KEY (lastconnectedscenario) REFERENCES scenario(id);


--
-- Name: fkef86282edc874c20; Type: FK CONSTRAINT; Schema: public; Owner: naval
--

ALTER TABLE ONLY resource
    ADD CONSTRAINT fkef86282edc874c20 FOREIGN KEY (base_calendar_id) REFERENCES resourcecalendar(base_calendar_id);


--
-- Name: fkf0e8572475ed79ba; Type: FK CONSTRAINT; Schema: public; Owner: naval
--

ALTER TABLE ONLY specific_resource_allocation
    ADD CONSTRAINT fkf0e8572475ed79ba FOREIGN KEY (resource_allocation_id) REFERENCES resourceallocation(id);


--
-- Name: fkf0e85724eae850b2; Type: FK CONSTRAINT; Schema: public; Owner: naval
--

ALTER TABLE ONLY specific_resource_allocation
    ADD CONSTRAINT fkf0e85724eae850b2 FOREIGN KEY (resource) REFERENCES resource(id);


--
-- Name: fkf2a5f7475c390c4; Type: FK CONSTRAINT; Schema: public; Owner: naval
--

ALTER TABLE ONLY description_values_in_line
    ADD CONSTRAINT fkf2a5f7475c390c4 FOREIGN KEY (description_value_id) REFERENCES work_report_line(id);


--
-- Name: fkf436a4163ae24ff8; Type: FK CONSTRAINT; Schema: public; Owner: naval
--

ALTER TABLE ONLY consolidatedvalue
    ADD CONSTRAINT fkf436a4163ae24ff8 FOREIGN KEY (consolidation_id) REFERENCES consolidation(id);


--
-- Name: fkf436a416b96bba28; Type: FK CONSTRAINT; Schema: public; Owner: naval
--

ALTER TABLE ONLY consolidatedvalue
    ADD CONSTRAINT fkf436a416b96bba28 FOREIGN KEY (advance_measurement_id) REFERENCES advancemeasurement(id);


--
-- Name: fkf436a416cec54333; Type: FK CONSTRAINT; Schema: public; Owner: naval
--

ALTER TABLE ONLY consolidatedvalue
    ADD CONSTRAINT fkf436a416cec54333 FOREIGN KEY (consolidation_id) REFERENCES consolidation(id);


--
-- Name: fkf4bee4287fa34e3f; Type: FK CONSTRAINT; Schema: public; Owner: naval
--

ALTER TABLE ONLY calendardata
    ADD CONSTRAINT fkf4bee4287fa34e3f FOREIGN KEY (parent) REFERENCES basecalendar(id);


--
-- Name: fkf4bee428a44abee3; Type: FK CONSTRAINT; Schema: public; Owner: naval
--

ALTER TABLE ONLY calendardata
    ADD CONSTRAINT fkf4bee428a44abee3 FOREIGN KEY (base_calendar_id) REFERENCES basecalendar(id);


--
-- Name: fkf788b34975ed79ba; Type: FK CONSTRAINT; Schema: public; Owner: naval
--

ALTER TABLE ONLY generic_resource_allocation
    ADD CONSTRAINT fkf788b34975ed79ba FOREIGN KEY (resource_allocation_id) REFERENCES resourceallocation(id);


--
-- Name: fkf8df3e0c430ea1de; Type: FK CONSTRAINT; Schema: public; Owner: naval
--

ALTER TABLE ONLY consolidation
    ADD CONSTRAINT fkf8df3e0c430ea1de FOREIGN KEY (ind_advance_assignment_id) REFERENCES indirectadvanceassignment(advance_assignment_id);


--
-- Name: fkf8df3e0c9f1d6611; Type: FK CONSTRAINT; Schema: public; Owner: naval
--

ALTER TABLE ONLY consolidation
    ADD CONSTRAINT fkf8df3e0c9f1d6611 FOREIGN KEY (dir_advance_assignment_id) REFERENCES directadvanceassignment(advance_assignment_id);


--
-- Name: fkf8df3e0cff2b2ba3; Type: FK CONSTRAINT; Schema: public; Owner: naval
--

ALTER TABLE ONLY consolidation
    ADD CONSTRAINT fkf8df3e0cff2b2ba3 FOREIGN KEY (id) REFERENCES task(task_element_id);


--
-- Name: fkfc7b7be62f2d3aec; Type: FK CONSTRAINT; Schema: public; Owner: naval
--

ALTER TABLE ONLY directadvanceassignment
    ADD CONSTRAINT fkfc7b7be62f2d3aec FOREIGN KEY (advance_assignment_id) REFERENCES advanceassignment(id);


--
-- Name: fkfc7b7be6a1127ce5; Type: FK CONSTRAINT; Schema: public; Owner: naval
--

ALTER TABLE ONLY directadvanceassignment
    ADD CONSTRAINT fkfc7b7be6a1127ce5 FOREIGN KEY (direct_order_element_id) REFERENCES orderelement(id);


--
-- Name: fkfd423ff0c1c2746e; Type: FK CONSTRAINT; Schema: public; Owner: naval
--

ALTER TABLE ONLY workreports_labels
    ADD CONSTRAINT fkfd423ff0c1c2746e FOREIGN KEY (label_id) REFERENCES label(id);


--
-- Name: fkfd423ff0f1a3177c; Type: FK CONSTRAINT; Schema: public; Owner: naval
--

ALTER TABLE ONLY workreports_labels
    ADD CONSTRAINT fkfd423ff0f1a3177c FOREIGN KEY (work_report_id) REFERENCES work_report(id);


--
-- Name: fkfd509405b5c68337; Type: FK CONSTRAINT; Schema: public; Owner: naval
--

ALTER TABLE ONLY material_assigment
    ADD CONSTRAINT fkfd509405b5c68337 FOREIGN KEY (material_id) REFERENCES material(id);


--
-- Name: fkfd509405efda874f; Type: FK CONSTRAINT; Schema: public; Owner: naval
--

ALTER TABLE ONLY material_assigment
    ADD CONSTRAINT fkfd509405efda874f FOREIGN KEY (order_element_id) REFERENCES orderelement(id);


--
-- Name: public; Type: ACL; Schema: -; Owner: postgres
--

REVOKE ALL ON SCHEMA public FROM PUBLIC;
REVOKE ALL ON SCHEMA public FROM postgres;
GRANT ALL ON SCHEMA public TO postgres;
GRANT ALL ON SCHEMA public TO PUBLIC;


--
-- PostgreSQL database dump complete
--

