--
-- PostgreSQL database dump
--

SET statement_timeout = 0;
SET client_encoding = 'UTF8';
SET standard_conforming_strings = off;
SET check_function_bodies = false;
SET client_min_messages = warning;
SET escape_string_warning = off;

SET search_path = public, pg_catalog;

SET default_tablespace = '';

SET default_with_oids = false;

--
-- Name: advanceassignment; Type: TABLE; Schema: public; Owner: naval; Tablespace: 
--

CREATE TABLE advanceassignment (
    id bigint NOT NULL,
    version bigint NOT NULL,
    reportglobaladvance boolean,
    advance_type_id bigint
);


ALTER TABLE public.advanceassignment OWNER TO naval;

--
-- Name: advanceassignmenttemplate; Type: TABLE; Schema: public; Owner: naval; Tablespace: 
--

CREATE TABLE advanceassignmenttemplate (
    id bigint NOT NULL,
    version bigint NOT NULL,
    advance_type_id bigint,
    order_element_template_id bigint,
    reportglobaladvance boolean,
    maxvalue numeric(19,2)
);


ALTER TABLE public.advanceassignmenttemplate OWNER TO naval;

--
-- Name: advancemeasurement; Type: TABLE; Schema: public; Owner: naval; Tablespace: 
--

CREATE TABLE advancemeasurement (
    id bigint NOT NULL,
    version bigint NOT NULL,
    date date,
    value numeric(19,2),
    advance_assignment_id bigint,
    communicationdate timestamp without time zone
);


ALTER TABLE public.advancemeasurement OWNER TO naval;

--
-- Name: advancetype; Type: TABLE; Schema: public; Owner: naval; Tablespace: 
--

CREATE TABLE advancetype (
    id bigint NOT NULL,
    version bigint NOT NULL,
    unitname character varying(255),
    defaultmaxvalue numeric(19,4),
    updatable boolean,
    unitprecision numeric(19,4),
    active boolean,
    percentage boolean,
    qualityform boolean
);


ALTER TABLE public.advancetype OWNER TO naval;

--
-- Name: all_criterions; Type: TABLE; Schema: public; Owner: naval; Tablespace: 
--

CREATE TABLE all_criterions (
    generic_resource_allocation_id bigint NOT NULL,
    criterion_id bigint NOT NULL
);


ALTER TABLE public.all_criterions OWNER TO naval;

--
-- Name: assignment_function; Type: TABLE; Schema: public; Owner: naval; Tablespace: 
--

CREATE TABLE assignment_function (
    id bigint NOT NULL,
    version bigint NOT NULL
);


ALTER TABLE public.assignment_function OWNER TO naval;

--
-- Name: basecalendar; Type: TABLE; Schema: public; Owner: naval; Tablespace: 
--

CREATE TABLE basecalendar (
    id bigint NOT NULL,
    version bigint NOT NULL,
    code character varying(255) NOT NULL,
    name character varying(255)
);


ALTER TABLE public.basecalendar OWNER TO naval;

--
-- Name: calendaravailability; Type: TABLE; Schema: public; Owner: naval; Tablespace: 
--

CREATE TABLE calendaravailability (
    id bigint NOT NULL,
    version bigint NOT NULL,
    startdate date,
    enddate date,
    base_calendar_id bigint,
    position_in_calendar integer
);


ALTER TABLE public.calendaravailability OWNER TO naval;

--
-- Name: calendardata; Type: TABLE; Schema: public; Owner: naval; Tablespace: 
--

CREATE TABLE calendardata (
    id bigint NOT NULL,
    version bigint NOT NULL,
    code character varying(255) NOT NULL,
    parent bigint,
    expiringdate date,
    base_calendar_id bigint,
    position_in_calendar integer
);


ALTER TABLE public.calendardata OWNER TO naval;

--
-- Name: calendarexception; Type: TABLE; Schema: public; Owner: naval; Tablespace: 
--

CREATE TABLE calendarexception (
    id bigint NOT NULL,
    version bigint NOT NULL,
    code character varying(255) NOT NULL,
    date date,
    duration integer,
    calendar_exception_id bigint,
    base_calendar_id bigint
);


ALTER TABLE public.calendarexception OWNER TO naval;

--
-- Name: calendarexceptiontype; Type: TABLE; Schema: public; Owner: naval; Tablespace: 
--

CREATE TABLE calendarexceptiontype (
    id bigint NOT NULL,
    version bigint NOT NULL,
    code character varying(255) NOT NULL,
    name character varying(255),
    color character varying(255),
    notassignable boolean,
    duration integer
);


ALTER TABLE public.calendarexceptiontype OWNER TO naval;

--
-- Name: configuration; Type: TABLE; Schema: public; Owner: naval; Tablespace: 
--

CREATE TABLE configuration (
    id bigint NOT NULL,
    version bigint NOT NULL,
    configuration_id bigint,
    companycode character varying(255),
    generatecodeforcriterion boolean NOT NULL,
    generatecodeforlabel boolean NOT NULL,
    generatecodeforworkreport boolean NOT NULL,
    generatecodeforresources boolean NOT NULL,
    generatecodefortypesofworkhours boolean NOT NULL,
    generatecodeformaterialcategories boolean NOT NULL,
    generatecodeforunittypes boolean NOT NULL,
    expandcompanyplanningviewcharts boolean NOT NULL,
    expandorderplanningviewcharts boolean NOT NULL,
    expandresourceloadviewcharts boolean NOT NULL,
    montecarlomethodtabvisible boolean
);


ALTER TABLE public.configuration OWNER TO naval;

--
-- Name: consolidatedvalue; Type: TABLE; Schema: public; Owner: naval; Tablespace: 
--

CREATE TABLE consolidatedvalue (
    id bigint NOT NULL,
    consolidated_value_type character varying(255) NOT NULL,
    version bigint NOT NULL,
    date date,
    value numeric(19,2),
    taskenddate date,
    consolidation_id bigint,
    advance_measurement_id bigint
);


ALTER TABLE public.consolidatedvalue OWNER TO naval;

--
-- Name: consolidation; Type: TABLE; Schema: public; Owner: naval; Tablespace: 
--

CREATE TABLE consolidation (
    id bigint NOT NULL,
    consolidation_type character varying(255) NOT NULL,
    version bigint NOT NULL,
    dir_advance_assignment_id bigint,
    ind_advance_assignment_id bigint
);


ALTER TABLE public.consolidation OWNER TO naval;

--
-- Name: cost_category; Type: TABLE; Schema: public; Owner: naval; Tablespace: 
--

CREATE TABLE cost_category (
    id bigint NOT NULL,
    version bigint NOT NULL,
    code character varying(255) NOT NULL,
    name character varying(255),
    enabled boolean
);


ALTER TABLE public.cost_category OWNER TO naval;

--
-- Name: criterion; Type: TABLE; Schema: public; Owner: naval; Tablespace: 
--

CREATE TABLE criterion (
    id bigint NOT NULL,
    version bigint NOT NULL,
    code character varying(255) NOT NULL,
    name character varying(255),
    predefinedcriterioninternalname character varying(255),
    active boolean,
    id_criterion_type bigint NOT NULL,
    parent bigint
);


ALTER TABLE public.criterion OWNER TO naval;

--
-- Name: criterionrequirement; Type: TABLE; Schema: public; Owner: naval; Tablespace: 
--

CREATE TABLE criterionrequirement (
    id bigint NOT NULL,
    criterion_requirement_type character varying(255) NOT NULL,
    version bigint NOT NULL,
    hours_group_id bigint,
    order_element_id bigint,
    order_element_template_id bigint,
    criterion_id bigint,
    parent bigint,
    valid boolean
);


ALTER TABLE public.criterionrequirement OWNER TO naval;

--
-- Name: criterionsatisfaction; Type: TABLE; Schema: public; Owner: naval; Tablespace: 
--

CREATE TABLE criterionsatisfaction (
    id bigint NOT NULL,
    version bigint NOT NULL,
    code character varying(255) NOT NULL,
    startdate timestamp without time zone NOT NULL,
    finishdate timestamp without time zone,
    isdeleted boolean,
    criterion bigint NOT NULL,
    resource bigint NOT NULL
);


ALTER TABLE public.criterionsatisfaction OWNER TO naval;

--
-- Name: criteriontype; Type: TABLE; Schema: public; Owner: naval; Tablespace: 
--

CREATE TABLE criteriontype (
    id bigint NOT NULL,
    version bigint NOT NULL,
    code character varying(255) NOT NULL,
    name character varying(255),
    predefinedtypeinternalname character varying(255),
    description character varying(255),
    allowsimultaneouscriterionsperresource boolean,
    allowhierarchy boolean,
    enabled boolean,
    generatecode boolean NOT NULL,
    resource integer
);


ALTER TABLE public.criteriontype OWNER TO naval;

--
-- Name: day_assignment; Type: TABLE; Schema: public; Owner: naval; Tablespace: 
--

CREATE TABLE day_assignment (
    id bigint NOT NULL,
    day_assignment_type character varying(255) NOT NULL,
    version bigint NOT NULL,
    duration integer NOT NULL,
    consolidated boolean,
    day date NOT NULL,
    resource_id bigint NOT NULL,
    specific_container_id bigint,
    generic_container_id bigint,
    derived_container_id bigint
);


ALTER TABLE public.day_assignment OWNER TO naval;

--
-- Name: dependency; Type: TABLE; Schema: public; Owner: naval; Tablespace: 
--

CREATE TABLE dependency (
    id bigint NOT NULL,
    version bigint NOT NULL,
    origin bigint,
    destination bigint,
    queue_dependency bigint,
    type integer
);


ALTER TABLE public.dependency OWNER TO naval;

--
-- Name: derivedallocation; Type: TABLE; Schema: public; Owner: naval; Tablespace: 
--

CREATE TABLE derivedallocation (
    id bigint NOT NULL,
    version bigint NOT NULL,
    resource_allocation_id bigint,
    configurationunit bigint NOT NULL
);


ALTER TABLE public.derivedallocation OWNER TO naval;

--
-- Name: deriveddayassignmentscontainer; Type: TABLE; Schema: public; Owner: naval; Tablespace: 
--

CREATE TABLE deriveddayassignmentscontainer (
    id bigint NOT NULL,
    version bigint NOT NULL,
    derived_allocation_id bigint,
    scenario bigint
);


ALTER TABLE public.deriveddayassignmentscontainer OWNER TO naval;

--
-- Name: description_values; Type: TABLE; Schema: public; Owner: naval; Tablespace: 
--

CREATE TABLE description_values (
    description_value_id bigint NOT NULL,
    fieldname character varying(255),
    value character varying(255)
);


ALTER TABLE public.description_values OWNER TO naval;

--
-- Name: description_values_in_line; Type: TABLE; Schema: public; Owner: naval; Tablespace: 
--

CREATE TABLE description_values_in_line (
    description_value_id bigint NOT NULL,
    fieldname character varying(255),
    value character varying(255)
);


ALTER TABLE public.description_values_in_line OWNER TO naval;

--
-- Name: directadvanceassignment; Type: TABLE; Schema: public; Owner: naval; Tablespace: 
--

CREATE TABLE directadvanceassignment (
    advance_assignment_id bigint NOT NULL,
    direct_order_element_id bigint,
    maxvalue numeric(19,2)
);


ALTER TABLE public.directadvanceassignment OWNER TO naval;

--
-- Name: effortperday; Type: TABLE; Schema: public; Owner: naval; Tablespace: 
--

CREATE TABLE effortperday (
    base_calendar_id bigint NOT NULL,
    effort integer,
    day_id integer NOT NULL
);


ALTER TABLE public.effortperday OWNER TO naval;

--
-- Name: external_company; Type: TABLE; Schema: public; Owner: naval; Tablespace: 
--

CREATE TABLE external_company (
    id bigint NOT NULL,
    version bigint NOT NULL,
    name character varying(255),
    nif character varying(255),
    client boolean,
    subcontractor boolean,
    interactswithapplications boolean,
    appuri character varying(255),
    ourcompanylogin character varying(255),
    ourcompanypassword character varying(255),
    companyuser bigint
);


ALTER TABLE public.external_company OWNER TO naval;

--
-- Name: generic_resource_allocation; Type: TABLE; Schema: public; Owner: naval; Tablespace: 
--

CREATE TABLE generic_resource_allocation (
    resource_allocation_id bigint NOT NULL,
    resourcetype integer
);


ALTER TABLE public.generic_resource_allocation OWNER TO naval;

--
-- Name: genericdayassignmentscontainer; Type: TABLE; Schema: public; Owner: naval; Tablespace: 
--

CREATE TABLE genericdayassignmentscontainer (
    id bigint NOT NULL,
    version bigint NOT NULL,
    resource_allocation_id bigint,
    scenario bigint,
    startdate date,
    durationstartinfirstday integer,
    enddate date,
    durationinlastday integer
);


ALTER TABLE public.genericdayassignmentscontainer OWNER TO naval;

--
-- Name: heading_field; Type: TABLE; Schema: public; Owner: naval; Tablespace: 
--

CREATE TABLE heading_field (
    heading_id bigint NOT NULL,
    fieldname character varying(255),
    length integer,
    positionnumber integer
);


ALTER TABLE public.heading_field OWNER TO naval;

--
-- Name: hibernate_unique_key; Type: TABLE; Schema: public; Owner: naval; Tablespace: 
--

CREATE TABLE hibernate_unique_key (
    next_hi integer
);


ALTER TABLE public.hibernate_unique_key OWNER TO naval;

--
-- Name: hour_cost; Type: TABLE; Schema: public; Owner: naval; Tablespace: 
--

CREATE TABLE hour_cost (
    id bigint NOT NULL,
    version bigint NOT NULL,
    code character varying(255) NOT NULL,
    pricecost numeric(19,2),
    initdate date,
    enddate date,
    type_of_work_hours_id bigint,
    cost_category_id bigint
);


ALTER TABLE public.hour_cost OWNER TO naval;

--
-- Name: hoursgroup; Type: TABLE; Schema: public; Owner: naval; Tablespace: 
--

CREATE TABLE hoursgroup (
    id bigint NOT NULL,
    version bigint NOT NULL,
    code character varying(255) NOT NULL,
    resourcetype character varying(255),
    workinghours integer NOT NULL,
    percentage numeric(19,2),
    fixedpercentage boolean,
    parent_order_line bigint,
    order_line_template bigint
);


ALTER TABLE public.hoursgroup OWNER TO naval;

--
-- Name: indirectadvanceassignment; Type: TABLE; Schema: public; Owner: naval; Tablespace: 
--

CREATE TABLE indirectadvanceassignment (
    advance_assignment_id bigint NOT NULL,
    indirect_order_element_id bigint
);


ALTER TABLE public.indirectadvanceassignment OWNER TO naval;

--
-- Name: label; Type: TABLE; Schema: public; Owner: naval; Tablespace: 
--

CREATE TABLE label (
    id bigint NOT NULL,
    version bigint NOT NULL,
    code character varying(255) NOT NULL,
    name character varying(255),
    label_type_id bigint
);


ALTER TABLE public.label OWNER TO naval;

--
-- Name: label_type; Type: TABLE; Schema: public; Owner: naval; Tablespace: 
--

CREATE TABLE label_type (
    id bigint NOT NULL,
    version bigint NOT NULL,
    code character varying(255) NOT NULL,
    name character varying(255),
    generatecode boolean NOT NULL
);


ALTER TABLE public.label_type OWNER TO naval;

--
-- Name: limiting_resource_queue; Type: TABLE; Schema: public; Owner: naval; Tablespace: 
--

CREATE TABLE limiting_resource_queue (
    id bigint NOT NULL,
    version bigint NOT NULL,
    resource_id bigint
);


ALTER TABLE public.limiting_resource_queue OWNER TO naval;

--
-- Name: limiting_resource_queue_dependency; Type: TABLE; Schema: public; Owner: naval; Tablespace: 
--

CREATE TABLE limiting_resource_queue_dependency (
    id bigint NOT NULL,
    type integer,
    origin_queue_element_id bigint,
    destiny_queue_element_id bigint
);


ALTER TABLE public.limiting_resource_queue_dependency OWNER TO naval;

--
-- Name: limiting_resource_queue_element; Type: TABLE; Schema: public; Owner: naval; Tablespace: 
--

CREATE TABLE limiting_resource_queue_element (
    id bigint NOT NULL,
    version bigint NOT NULL,
    resource_allocation_id bigint,
    limiting_resource_queue_id bigint,
    earlier_start_date_because_of_gantt timestamp without time zone,
    earliest_end_date_because_of_gantt timestamp without time zone,
    creation_timestamp bigint,
    start_date date,
    start_hour integer,
    end_date date,
    end_hour integer
);


ALTER TABLE public.limiting_resource_queue_element OWNER TO naval;

--
-- Name: line_field; Type: TABLE; Schema: public; Owner: naval; Tablespace: 
--

CREATE TABLE line_field (
    heading_id bigint NOT NULL,
    fieldname character varying(255),
    length integer,
    positionnumber integer
);


ALTER TABLE public.line_field OWNER TO naval;

--
-- Name: machine; Type: TABLE; Schema: public; Owner: naval; Tablespace: 
--

CREATE TABLE machine (
    machine_id bigint NOT NULL,
    name character varying(255),
    description character varying(255)
);


ALTER TABLE public.machine OWNER TO naval;

--
-- Name: machine_configuration_unit_required_criterions; Type: TABLE; Schema: public; Owner: naval; Tablespace: 
--

CREATE TABLE machine_configuration_unit_required_criterions (
    id bigint NOT NULL,
    criterion_id bigint NOT NULL
);


ALTER TABLE public.machine_configuration_unit_required_criterions OWNER TO naval;

--
-- Name: machineworkerassignment; Type: TABLE; Schema: public; Owner: naval; Tablespace: 
--

CREATE TABLE machineworkerassignment (
    id bigint NOT NULL,
    version bigint NOT NULL,
    startdate timestamp without time zone,
    finishdate timestamp without time zone,
    configuration_id bigint NOT NULL,
    worker_id bigint
);


ALTER TABLE public.machineworkerassignment OWNER TO naval;

--
-- Name: machineworkersconfigurationunit; Type: TABLE; Schema: public; Owner: naval; Tablespace: 
--

CREATE TABLE machineworkersconfigurationunit (
    id bigint NOT NULL,
    version bigint NOT NULL,
    name character varying(255) NOT NULL,
    alpha numeric(19,2) NOT NULL,
    machine bigint NOT NULL
);


ALTER TABLE public.machineworkersconfigurationunit OWNER TO naval;

--
-- Name: material; Type: TABLE; Schema: public; Owner: naval; Tablespace: 
--

CREATE TABLE material (
    id bigint NOT NULL,
    version bigint NOT NULL,
    code character varying(255) NOT NULL,
    description character varying(255),
    default_unit_price numeric(19,2),
    unit_type bigint,
    disabled boolean,
    category_id bigint
);


ALTER TABLE public.material OWNER TO naval;

--
-- Name: material_assigment; Type: TABLE; Schema: public; Owner: naval; Tablespace: 
--

CREATE TABLE material_assigment (
    id bigint NOT NULL,
    version bigint NOT NULL,
    units double precision,
    unit_price numeric(19,2),
    material_id bigint,
    estimated_availability timestamp without time zone,
    status integer,
    order_element_id bigint
);


ALTER TABLE public.material_assigment OWNER TO naval;

--
-- Name: material_assigment_template; Type: TABLE; Schema: public; Owner: naval; Tablespace: 
--

CREATE TABLE material_assigment_template (
    id bigint NOT NULL,
    version bigint NOT NULL,
    units double precision,
    unit_price numeric(19,2),
    material_id bigint,
    order_element_template_id bigint
);


ALTER TABLE public.material_assigment_template OWNER TO naval;

--
-- Name: material_category; Type: TABLE; Schema: public; Owner: naval; Tablespace: 
--

CREATE TABLE material_category (
    id bigint NOT NULL,
    version bigint NOT NULL,
    code character varying(255) NOT NULL,
    name character varying(255),
    generatecode boolean NOT NULL,
    parent_id bigint
);


ALTER TABLE public.material_category OWNER TO naval;

--
-- Name: naval_profile; Type: TABLE; Schema: public; Owner: naval; Tablespace: 
--

CREATE TABLE naval_profile (
    id bigint NOT NULL,
    version bigint NOT NULL,
    profilename character varying(255) NOT NULL
);


ALTER TABLE public.naval_profile OWNER TO naval;

--
-- Name: naval_user; Type: TABLE; Schema: public; Owner: naval; Tablespace: 
--

CREATE TABLE naval_user (
    id bigint NOT NULL,
    version bigint NOT NULL,
    loginname character varying(255) NOT NULL,
    password character varying(255) NOT NULL,
    email character varying(255),
    disabled boolean,
    lastconnectedscenario bigint
);


ALTER TABLE public.naval_user OWNER TO naval;

--
-- Name: order_authorization; Type: TABLE; Schema: public; Owner: naval; Tablespace: 
--

CREATE TABLE order_authorization (
    id bigint NOT NULL,
    order_authorization_subclass character varying(255) NOT NULL,
    version bigint NOT NULL,
    authorizationtype character varying(255) NOT NULL,
    order_id bigint,
    user_id bigint,
    profile_id bigint
);


ALTER TABLE public.order_authorization OWNER TO naval;

--
-- Name: order_element_label; Type: TABLE; Schema: public; Owner: naval; Tablespace: 
--

CREATE TABLE order_element_label (
    order_element_id bigint NOT NULL,
    label_id bigint NOT NULL
);


ALTER TABLE public.order_element_label OWNER TO naval;

--
-- Name: order_element_template_label; Type: TABLE; Schema: public; Owner: naval; Tablespace: 
--

CREATE TABLE order_element_template_label (
    order_element_template_id bigint NOT NULL,
    label_id bigint NOT NULL
);


ALTER TABLE public.order_element_template_label OWNER TO naval;

--
-- Name: order_element_template_quality_form; Type: TABLE; Schema: public; Owner: naval; Tablespace: 
--

CREATE TABLE order_element_template_quality_form (
    order_element_template_id bigint NOT NULL,
    quality_form_id bigint NOT NULL
);


ALTER TABLE public.order_element_template_quality_form OWNER TO naval;

--
-- Name: order_table; Type: TABLE; Schema: public; Owner: naval; Tablespace: 
--

CREATE TABLE order_table (
    orderelementid bigint NOT NULL,
    responsible character varying(255),
    dependenciesconstraintshavepriority boolean,
    codeautogenerated boolean,
    lastorderelementsequencecode integer,
    workbudget numeric(19,2),
    materialsbudget numeric(19,2),
    totalhours integer,
    customerreference character varying(255),
    externalcode character varying(255),
    state integer,
    customer bigint,
    base_calendar_id bigint
);


ALTER TABLE public.order_table OWNER TO naval;

--
-- Name: orderelement; Type: TABLE; Schema: public; Owner: naval; Tablespace: 
--

CREATE TABLE orderelement (
    id bigint NOT NULL,
    version bigint NOT NULL,
    name character varying(255),
    description character varying(255),
    code character varying(255),
    initdate timestamp without time zone,
    deadline timestamp without time zone,
    lastadvancemeausurementforspreading numeric(19,2),
    dirtylastadvancemeasurementforspreading boolean,
    parent bigint,
    template bigint,
    externalcode character varying(255),
    sum_charged_hours_id bigint,
    positionincontainer integer
);


ALTER TABLE public.orderelement OWNER TO naval;

--
-- Name: orderelementtemplate; Type: TABLE; Schema: public; Owner: naval; Tablespace: 
--

CREATE TABLE orderelementtemplate (
    id bigint NOT NULL,
    version bigint NOT NULL,
    name character varying(255),
    description character varying(255),
    code character varying(255),
    startasdaysfrombeginning integer,
    deadlineasdaysfrombeginning integer,
    schedulingstatetype integer,
    parent bigint,
    positionincontainer integer
);


ALTER TABLE public.orderelementtemplate OWNER TO naval;

--
-- Name: orderline; Type: TABLE; Schema: public; Owner: naval; Tablespace: 
--

CREATE TABLE orderline (
    orderelementid bigint NOT NULL,
    lasthoursgroupsequencecode integer
);


ALTER TABLE public.orderline OWNER TO naval;

--
-- Name: orderlinegroup; Type: TABLE; Schema: public; Owner: naval; Tablespace: 
--

CREATE TABLE orderlinegroup (
    orderelementid bigint NOT NULL
);


ALTER TABLE public.orderlinegroup OWNER TO naval;

--
-- Name: orderlinegrouptemplate; Type: TABLE; Schema: public; Owner: naval; Tablespace: 
--

CREATE TABLE orderlinegrouptemplate (
    group_template_id bigint NOT NULL
);


ALTER TABLE public.orderlinegrouptemplate OWNER TO naval;

--
-- Name: orderlinetemplate; Type: TABLE; Schema: public; Owner: naval; Tablespace: 
--

CREATE TABLE orderlinetemplate (
    order_line_template_id bigint NOT NULL,
    lasthoursgroupsequencecode integer
);


ALTER TABLE public.orderlinetemplate OWNER TO naval;

--
-- Name: ordersequence; Type: TABLE; Schema: public; Owner: naval; Tablespace: 
--

CREATE TABLE ordersequence (
    id bigint NOT NULL,
    version bigint NOT NULL,
    prefix character varying(255),
    lastvalue integer,
    numberofdigits integer,
    active boolean
);


ALTER TABLE public.ordersequence OWNER TO naval;

--
-- Name: ordertemplate; Type: TABLE; Schema: public; Owner: naval; Tablespace: 
--

CREATE TABLE ordertemplate (
    order_template_id bigint NOT NULL,
    base_calendar_id bigint
);


ALTER TABLE public.ordertemplate OWNER TO naval;

--
-- Name: orderversion; Type: TABLE; Schema: public; Owner: naval; Tablespace: 
--

CREATE TABLE orderversion (
    id bigint NOT NULL,
    version bigint NOT NULL,
    modificationbyownertimestamp timestamp without time zone,
    ownerscenario bigint
);


ALTER TABLE public.orderversion OWNER TO naval;

--
-- Name: profile_roles; Type: TABLE; Schema: public; Owner: naval; Tablespace: 
--

CREATE TABLE profile_roles (
    profileid bigint NOT NULL,
    elt character varying(255)
);


ALTER TABLE public.profile_roles OWNER TO naval;

--
-- Name: quality_form; Type: TABLE; Schema: public; Owner: naval; Tablespace: 
--

CREATE TABLE quality_form (
    id bigint NOT NULL,
    version bigint NOT NULL,
    name character varying(255),
    description character varying(255),
    qualityformtype integer,
    reportadvance boolean,
    advance_type_id bigint
);


ALTER TABLE public.quality_form OWNER TO naval;

--
-- Name: quality_form_items; Type: TABLE; Schema: public; Owner: naval; Tablespace: 
--

CREATE TABLE quality_form_items (
    quality_form_id bigint NOT NULL,
    name character varying(255),
    percentage numeric(19,2),
    "position" integer,
    idx integer NOT NULL
);


ALTER TABLE public.quality_form_items OWNER TO naval;

--
-- Name: resource; Type: TABLE; Schema: public; Owner: naval; Tablespace: 
--

CREATE TABLE resource (
    id bigint NOT NULL,
    version bigint NOT NULL,
    code character varying(255) NOT NULL,
    generatecode boolean NOT NULL,
    limited_resource boolean NOT NULL,
    base_calendar_id bigint
);


ALTER TABLE public.resource OWNER TO naval;

--
-- Name: resourceallocation; Type: TABLE; Schema: public; Owner: naval; Tablespace: 
--

CREATE TABLE resourceallocation (
    id bigint NOT NULL,
    version bigint NOT NULL,
    resourcesperday numeric(19,2),
    intended_total_hours integer,
    originaltotalassignment integer,
    task bigint,
    assignment_function bigint
);


ALTER TABLE public.resourceallocation OWNER TO naval;

--
-- Name: resourcecalendar; Type: TABLE; Schema: public; Owner: naval; Tablespace: 
--

CREATE TABLE resourcecalendar (
    base_calendar_id bigint NOT NULL,
    capacity integer NOT NULL
);


ALTER TABLE public.resourcecalendar OWNER TO naval;

--
-- Name: resources_cost_category_assignment; Type: TABLE; Schema: public; Owner: naval; Tablespace: 
--

CREATE TABLE resources_cost_category_assignment (
    id bigint NOT NULL,
    version bigint NOT NULL,
    code character varying(255) NOT NULL,
    initdate date,
    enddate date,
    cost_category_id bigint,
    resource_id bigint
);


ALTER TABLE public.resources_cost_category_assignment OWNER TO naval;

--
-- Name: scenario; Type: TABLE; Schema: public; Owner: naval; Tablespace: 
--

CREATE TABLE scenario (
    id bigint NOT NULL,
    version bigint NOT NULL,
    name character varying(255),
    description character varying(255),
    lastnotownedreassignationstimestamp timestamp without time zone,
    predecessor bigint
);


ALTER TABLE public.scenario OWNER TO naval;

--
-- Name: scenario_orders; Type: TABLE; Schema: public; Owner: naval; Tablespace: 
--

CREATE TABLE scenario_orders (
    order_id bigint NOT NULL,
    order_version_id bigint NOT NULL,
    scenario_id bigint NOT NULL
);


ALTER TABLE public.scenario_orders OWNER TO naval;

--
-- Name: scheduling_states_by_order_version; Type: TABLE; Schema: public; Owner: naval; Tablespace: 
--

CREATE TABLE scheduling_states_by_order_version (
    order_element_id bigint NOT NULL,
    scheduling_state_for_version_id bigint NOT NULL,
    order_version_id bigint NOT NULL
);


ALTER TABLE public.scheduling_states_by_order_version OWNER TO naval;

--
-- Name: schedulingdataforversion; Type: TABLE; Schema: public; Owner: naval; Tablespace: 
--

CREATE TABLE schedulingdataforversion (
    id bigint NOT NULL,
    version bigint NOT NULL,
    schedulingstatetype integer,
    order_element_id bigint
);


ALTER TABLE public.schedulingdataforversion OWNER TO naval;

--
-- Name: specific_resource_allocation; Type: TABLE; Schema: public; Owner: naval; Tablespace: 
--

CREATE TABLE specific_resource_allocation (
    resource_allocation_id bigint NOT NULL,
    resource bigint
);


ALTER TABLE public.specific_resource_allocation OWNER TO naval;

--
-- Name: specificdayassignmentscontainer; Type: TABLE; Schema: public; Owner: naval; Tablespace: 
--

CREATE TABLE specificdayassignmentscontainer (
    id bigint NOT NULL,
    version bigint NOT NULL,
    resource_allocation_id bigint,
    scenario bigint,
    startdate date,
    durationstartinfirstday integer,
    enddate date,
    durationinlastday integer
);


ALTER TABLE public.specificdayassignmentscontainer OWNER TO naval;

--
-- Name: stretches; Type: TABLE; Schema: public; Owner: naval; Tablespace: 
--

CREATE TABLE stretches (
    assignment_function_id bigint NOT NULL,
    date date NOT NULL,
    lengthpercentage numeric(19,2) NOT NULL,
    amountworkpercentage numeric(19,2) NOT NULL,
    stretch_position integer NOT NULL
);


ALTER TABLE public.stretches OWNER TO naval;

--
-- Name: stretchesfunction; Type: TABLE; Schema: public; Owner: naval; Tablespace: 
--

CREATE TABLE stretchesfunction (
    assignment_function_id bigint NOT NULL,
    type integer
);


ALTER TABLE public.stretchesfunction OWNER TO naval;

--
-- Name: subcontractedtaskdata; Type: TABLE; Schema: public; Owner: naval; Tablespace: 
--

CREATE TABLE subcontractedtaskdata (
    id bigint NOT NULL,
    version bigint NOT NULL,
    externalcompany bigint,
    subcontratationdate timestamp without time zone,
    subcontractcommunicationdate timestamp without time zone,
    workdescription character varying(255),
    subcontractprice numeric(19,2),
    subcontractedcode character varying(255),
    nodewithoutchildrenexported boolean,
    labelsexported boolean,
    materialassignmentsexported boolean,
    hoursgroupsexported boolean,
    state integer
);


ALTER TABLE public.subcontractedtaskdata OWNER TO naval;

--
-- Name: sumchargedhours; Type: TABLE; Schema: public; Owner: naval; Tablespace: 
--

CREATE TABLE sumchargedhours (
    id bigint NOT NULL,
    version bigint NOT NULL,
    directchargedhours integer,
    indirectchargedhours integer
);


ALTER TABLE public.sumchargedhours OWNER TO naval;

--
-- Name: task; Type: TABLE; Schema: public; Owner: naval; Tablespace: 
--

CREATE TABLE task (
    task_element_id bigint NOT NULL,
    calculatedvalue integer,
    startconstrainttype integer,
    constraintdate date,
    subcontrated_task_data_id bigint,
    priority integer
);


ALTER TABLE public.task OWNER TO naval;

--
-- Name: task_quality_form; Type: TABLE; Schema: public; Owner: naval; Tablespace: 
--

CREATE TABLE task_quality_form (
    id bigint NOT NULL,
    version bigint NOT NULL,
    quality_form_id bigint,
    order_element_id bigint,
    reportadvance boolean
);


ALTER TABLE public.task_quality_form OWNER TO naval;

--
-- Name: task_quality_form_items; Type: TABLE; Schema: public; Owner: naval; Tablespace: 
--

CREATE TABLE task_quality_form_items (
    task_quality_form_id bigint NOT NULL,
    name character varying(255),
    percentage numeric(19,2),
    "position" integer,
    passed boolean,
    date timestamp without time zone,
    idx integer NOT NULL
);


ALTER TABLE public.task_quality_form_items OWNER TO naval;

--
-- Name: task_source_hours_groups; Type: TABLE; Schema: public; Owner: naval; Tablespace: 
--

CREATE TABLE task_source_hours_groups (
    task_source_id bigint NOT NULL,
    hours_group_id bigint NOT NULL
);


ALTER TABLE public.task_source_hours_groups OWNER TO naval;

--
-- Name: taskelement; Type: TABLE; Schema: public; Owner: naval; Tablespace: 
--

CREATE TABLE taskelement (
    id bigint NOT NULL,
    version bigint NOT NULL,
    name character varying(255),
    notes character varying(255),
    startdate date NOT NULL,
    startdayduration integer,
    enddate date NOT NULL,
    enddayduration integer,
    deadline date,
    advance_percentage numeric(19,4),
    sumofhoursallocated integer,
    parent bigint,
    base_calendar_id bigint,
    positioninparent integer
);


ALTER TABLE public.taskelement OWNER TO naval;

--
-- Name: taskgroup; Type: TABLE; Schema: public; Owner: naval; Tablespace: 
--

CREATE TABLE taskgroup (
    task_element_id bigint NOT NULL
);


ALTER TABLE public.taskgroup OWNER TO naval;

--
-- Name: taskmilestone; Type: TABLE; Schema: public; Owner: naval; Tablespace: 
--

CREATE TABLE taskmilestone (
    task_element_id bigint NOT NULL,
    startconstrainttype integer,
    constraintdate bytea
);


ALTER TABLE public.taskmilestone OWNER TO naval;

--
-- Name: tasksource; Type: TABLE; Schema: public; Owner: naval; Tablespace: 
--

CREATE TABLE tasksource (
    id bigint NOT NULL,
    version bigint NOT NULL,
    schedulingdata bigint
);


ALTER TABLE public.tasksource OWNER TO naval;

--
-- Name: type_of_work_hours; Type: TABLE; Schema: public; Owner: naval; Tablespace: 
--

CREATE TABLE type_of_work_hours (
    id bigint NOT NULL,
    version bigint NOT NULL,
    name character varying(255),
    code character varying(255),
    defaultprice numeric(19,2),
    enabled boolean,
    generatecode boolean NOT NULL
);


ALTER TABLE public.type_of_work_hours OWNER TO naval;

--
-- Name: unit_type; Type: TABLE; Schema: public; Owner: naval; Tablespace: 
--

CREATE TABLE unit_type (
    id bigint NOT NULL,
    version bigint NOT NULL,
    code character varying(255) NOT NULL,
    measure character varying(255),
    generatecode boolean NOT NULL
);


ALTER TABLE public.unit_type OWNER TO naval;

--
-- Name: user_profiles; Type: TABLE; Schema: public; Owner: naval; Tablespace: 
--

CREATE TABLE user_profiles (
    user_id bigint NOT NULL,
    profile_id bigint NOT NULL
);


ALTER TABLE public.user_profiles OWNER TO naval;

--
-- Name: user_roles; Type: TABLE; Schema: public; Owner: naval; Tablespace: 
--

CREATE TABLE user_roles (
    userid bigint NOT NULL,
    elt character varying(255)
);


ALTER TABLE public.user_roles OWNER TO naval;

--
-- Name: virtualworker; Type: TABLE; Schema: public; Owner: naval; Tablespace: 
--

CREATE TABLE virtualworker (
    virtualworker_id bigint NOT NULL,
    observations character varying(255)
);


ALTER TABLE public.virtualworker OWNER TO naval;

--
-- Name: work_report; Type: TABLE; Schema: public; Owner: naval; Tablespace: 
--

CREATE TABLE work_report (
    id bigint NOT NULL,
    version bigint NOT NULL,
    code character varying(255) NOT NULL,
    date timestamp without time zone,
    generatecode boolean NOT NULL,
    work_report_type_id bigint NOT NULL,
    resource_id bigint,
    order_element_id bigint
);


ALTER TABLE public.work_report OWNER TO naval;

--
-- Name: work_report_label_type_assigment; Type: TABLE; Schema: public; Owner: naval; Tablespace: 
--

CREATE TABLE work_report_label_type_assigment (
    id bigint NOT NULL,
    version bigint NOT NULL,
    labelssharedbylines boolean,
    positionnumber integer,
    label_type_id bigint,
    label_id bigint,
    work_report_type_id bigint
);


ALTER TABLE public.work_report_label_type_assigment OWNER TO naval;

--
-- Name: work_report_line; Type: TABLE; Schema: public; Owner: naval; Tablespace: 
--

CREATE TABLE work_report_line (
    id bigint NOT NULL,
    version bigint NOT NULL,
    code character varying(255) NOT NULL,
    numhours integer,
    date timestamp without time zone,
    clockstart integer,
    clockfinish integer,
    work_report_id bigint,
    resource_id bigint NOT NULL,
    order_element_id bigint NOT NULL,
    type_work_hours_id bigint NOT NULL
);


ALTER TABLE public.work_report_line OWNER TO naval;

--
-- Name: work_report_type; Type: TABLE; Schema: public; Owner: naval; Tablespace: 
--

CREATE TABLE work_report_type (
    id bigint NOT NULL,
    version bigint NOT NULL,
    name character varying(255),
    code character varying(255),
    dateissharedbylines boolean,
    resourceissharedinlines boolean,
    orderelementissharedinlines boolean,
    hoursmanagement integer
);


ALTER TABLE public.work_report_type OWNER TO naval;

--
-- Name: worker; Type: TABLE; Schema: public; Owner: naval; Tablespace: 
--

CREATE TABLE worker (
    worker_id bigint NOT NULL,
    firstname character varying(255),
    surname character varying(255),
    nif character varying(255)
);


ALTER TABLE public.worker OWNER TO naval;

--
-- Name: workreports_labels; Type: TABLE; Schema: public; Owner: naval; Tablespace: 
--

CREATE TABLE workreports_labels (
    work_report_id bigint NOT NULL,
    label_id bigint NOT NULL
);


ALTER TABLE public.workreports_labels OWNER TO naval;

--
-- Name: workreportslines_labels; Type: TABLE; Schema: public; Owner: naval; Tablespace: 
--

CREATE TABLE workreportslines_labels (
    work_report_line_id bigint NOT NULL,
    label_id bigint NOT NULL
);


ALTER TABLE public.workreportslines_labels OWNER TO naval;

--
-- Data for Name: advanceassignment; Type: TABLE DATA; Schema: public; Owner: naval
--

COPY advanceassignment (id, version, reportglobaladvance, advance_type_id) FROM stdin;
7678	3	f	1011
7679	3	t	1010
7683	3	t	1010
7682	3	f	1011
7685	3	t	1010
7684	3	f	1011
7676	5	t	1011
7677	5	t	1011
7686	3	t	1011
7680	5	t	1011
7681	5	t	1011
5052	3	f	1011
1922	8	f	1011
1923	8	t	1010
5055	2	f	1011
1920	12	t	1011
1919	12	t	1011
3131	6	t	1011
3132	6	t	1011
3133	6	t	1011
3134	6	t	1011
3135	6	t	1011
3136	6	t	1011
1924	9	t	1011
1921	12	t	1011
1925	9	t	1011
\.


--
-- Data for Name: advanceassignmenttemplate; Type: TABLE DATA; Schema: public; Owner: naval
--

COPY advanceassignmenttemplate (id, version, advance_type_id, order_element_template_id, reportglobaladvance, maxvalue) FROM stdin;
\.


--
-- Data for Name: advancemeasurement; Type: TABLE DATA; Schema: public; Owner: naval
--

COPY advancemeasurement (id, version, date, value, advance_assignment_id, communicationdate) FROM stdin;
\.


--
-- Data for Name: advancetype; Type: TABLE DATA; Schema: public; Owner: naval
--

COPY advancetype (id, version, unitname, defaultmaxvalue, updatable, unitprecision, active, percentage, qualityform) FROM stdin;
1010	4	children	100.0000	f	0.0100	t	t	f
1011	3	percentage	100.0000	f	0.0100	t	t	f
1012	2	units	2147483647.0000	f	1.0000	t	f	f
1013	1	subcontractor	100.0000	f	0.0100	t	t	f
\.


--
-- Data for Name: all_criterions; Type: TABLE DATA; Schema: public; Owner: naval
--

COPY all_criterions (generic_resource_allocation_id, criterion_id) FROM stdin;
\.


--
-- Data for Name: assignment_function; Type: TABLE DATA; Schema: public; Owner: naval
--

COPY assignment_function (id, version) FROM stdin;
\.


--
-- Data for Name: basecalendar; Type: TABLE DATA; Schema: public; Owner: naval
--

COPY basecalendar (id, version, code, name) FROM stdin;
1	1	80bd7e81-738c-4079-85f3-31540996f2ee	Default
2	1	708b358f-c5d9-479a-80ff-10aa96295499	\N
\.


--
-- Data for Name: calendaravailability; Type: TABLE DATA; Schema: public; Owner: naval
--

COPY calendaravailability (id, version, startdate, enddate, base_calendar_id, position_in_calendar) FROM stdin;
1313	1	2010-11-08	\N	2	0
\.


--
-- Data for Name: calendardata; Type: TABLE DATA; Schema: public; Owner: naval
--

COPY calendardata (id, version, code, parent, expiringdate, base_calendar_id, position_in_calendar) FROM stdin;
101	1	438e675f-63ac-4bc5-acc0-98856aeaae15	\N	\N	1	0
102	1	6a165de0-a4d5-48e7-b27a-9e3520a0cfae	1	\N	2	0
\.


--
-- Data for Name: calendarexception; Type: TABLE DATA; Schema: public; Owner: naval
--

COPY calendarexception (id, version, code, date, duration, calendar_exception_id, base_calendar_id) FROM stdin;
\.


--
-- Data for Name: calendarexceptiontype; Type: TABLE DATA; Schema: public; Owner: naval
--

COPY calendarexceptiontype (id, version, code, name, color, notassignable, duration) FROM stdin;
606	6	HOLIDAY	HOLIDAY	red	t	0
607	5	SICK_LEAVE	SICK_LEAVE	red	t	0
608	4	LEAVE	LEAVE	red	t	0
609	3	STRIKE	STRIKE	red	t	0
610	2	BANK_HOLIDAY	BANK_HOLIDAY	red	t	0
611	1	WORKABLE_BANK_HOLIDAY	WORKABLE_BANK_HOLIDAY	orange	f	0
\.


--
-- Data for Name: configuration; Type: TABLE DATA; Schema: public; Owner: naval
--

COPY configuration (id, version, configuration_id, companycode, generatecodeforcriterion, generatecodeforlabel, generatecodeforworkreport, generatecodeforresources, generatecodefortypesofworkhours, generatecodeformaterialcategories, generatecodeforunittypes, expandcompanyplanningviewcharts, expandorderplanningviewcharts, expandresourceloadviewcharts, montecarlomethodtabvisible) FROM stdin;
202	7	1	COMPANY_CODE	t	t	t	t	t	t	t	f	t	t	t
\.


--
-- Data for Name: consolidatedvalue; Type: TABLE DATA; Schema: public; Owner: naval
--

COPY consolidatedvalue (id, consolidated_value_type, version, date, value, taskenddate, consolidation_id, advance_measurement_id) FROM stdin;
\.


--
-- Data for Name: consolidation; Type: TABLE DATA; Schema: public; Owner: naval
--

COPY consolidation (id, consolidation_type, version, dir_advance_assignment_id, ind_advance_assignment_id) FROM stdin;
\.


--
-- Data for Name: cost_category; Type: TABLE DATA; Schema: public; Owner: naval
--

COPY cost_category (id, version, code, name, enabled) FROM stdin;
\.


--
-- Data for Name: criterion; Type: TABLE DATA; Schema: public; Owner: naval
--

COPY criterion (id, version, code, name, predefinedcriterioninternalname, active, id_criterion_type, parent) FROM stdin;
505	19	2fe5181f-779e-4a28-a22b-2d212c28b5e8	medicalLeave	medicalLeave	t	131072	\N
506	17	50b5e417-69b5-4a63-a026-01ab619e99bd	paternityLeave	paternityLeave	t	131072	\N
507	5	e320df2c-253a-4fc3-b07f-8b3f94bcd4e8	hiredResourceWorkingRelationship	hiredResourceWorkingRelationship	t	131077	\N
508	3	980552d5-4da7-44af-a871-5ac038502b50	firedResourceWorkingRelationship	firedResourceWorkingRelationship	t	131077	\N
\.


--
-- Data for Name: criterionrequirement; Type: TABLE DATA; Schema: public; Owner: naval
--

COPY criterionrequirement (id, criterion_requirement_type, version, hours_group_id, order_element_id, order_element_template_id, criterion_id, parent, valid) FROM stdin;
\.


--
-- Data for Name: criterionsatisfaction; Type: TABLE DATA; Schema: public; Owner: naval
--

COPY criterionsatisfaction (id, version, code, startdate, finishdate, isdeleted, criterion, resource) FROM stdin;
\.


--
-- Data for Name: criteriontype; Type: TABLE DATA; Schema: public; Owner: naval
--

COPY criteriontype (id, version, code, name, predefinedtypeinternalname, description, allowsimultaneouscriterionsperresource, allowhierarchy, enabled, generatecode, resource) FROM stdin;
131072	20	312e2be8-f378-42ce-8790-2bfeec3fdbf9	LEAVE	LEAVE	Leave	f	f	t	f	0
131073	15	25a7e75a-d719-4fd4-8e65-2cb38bfa290f	MACHINE_LOCATION_GROUP	MACHINE_LOCATION_GROUP	Location where there are machines	t	f	t	f	1
131074	13	3bcf6d11-dfef-4296-b0f8-c7aaabb7778b	CATEGORY	CATEGORY	Professional category	t	t	t	f	0
131075	11	ab78066f-2d3e-4bfd-9e3d-c6918c183538	TRAINING	TRAINING	Training courses and labor training	t	t	t	f	0
131076	9	afe5f68e-b619-4c5a-bb95-b8f0d93bd39e	JOB	JOB	Job	t	t	t	f	0
131077	7	b97ae398-c58c-44f7-bbe8-c3d5fa18fc0e	WORK_RELATIONSHIP	WORK_RELATIONSHIP	Relationship of the resource with the enterprise 	f	f	t	f	0
131078	1	fff6316d-4b9f-4f6b-8eec-7f41433476bd	LOCATION_GROUP	LOCATION_GROUP	Location where the workers work	t	f	t	f	0
\.


--
-- Data for Name: day_assignment; Type: TABLE DATA; Schema: public; Owner: naval
--

COPY day_assignment (id, day_assignment_type, version, duration, consolidated, day, resource_id, specific_container_id, generic_container_id, derived_container_id) FROM stdin;
7026	GENERIC_DAY	1	7200	f	2010-12-24	1213	\N	8082	\N
7023	GENERIC_DAY	1	0	f	2010-12-18	1213	\N	8082	\N
7024	GENERIC_DAY	1	0	f	2010-12-04	1213	\N	8082	\N
7022	GENERIC_DAY	1	28800	f	2010-12-10	1213	\N	8082	\N
7025	GENERIC_DAY	1	28800	f	2010-12-13	1213	\N	8082	\N
7028	GENERIC_DAY	1	28800	f	2010-12-23	1213	\N	8082	\N
7042	GENERIC_DAY	1	28800	f	2010-12-08	1213	\N	8082	\N
7035	GENERIC_DAY	1	28800	f	2010-12-22	1213	\N	8082	\N
7034	GENERIC_DAY	1	28800	f	2010-12-06	1213	\N	8082	\N
7046	GENERIC_DAY	1	28800	f	2010-12-07	1213	\N	8082	\N
7045	GENERIC_DAY	1	28800	f	2010-11-30	1213	\N	8082	\N
7027	GENERIC_DAY	1	28800	f	2010-12-15	1213	\N	8082	\N
7040	GENERIC_DAY	1	28800	f	2010-12-09	1213	\N	8082	\N
7039	GENERIC_DAY	1	28800	f	2010-12-01	1213	\N	8082	\N
7033	GENERIC_DAY	1	28800	f	2010-12-20	1213	\N	8082	\N
7029	GENERIC_DAY	1	28800	f	2010-12-02	1213	\N	8082	\N
7030	GENERIC_DAY	1	0	f	2010-12-19	1213	\N	8082	\N
7038	GENERIC_DAY	1	0	f	2010-12-11	1213	\N	8082	\N
7036	GENERIC_DAY	1	14400	f	2010-11-29	1213	\N	8082	\N
7037	GENERIC_DAY	1	28800	f	2010-12-03	1213	\N	8082	\N
7044	GENERIC_DAY	1	28800	f	2010-12-14	1213	\N	8082	\N
7031	GENERIC_DAY	1	28800	f	2010-12-21	1213	\N	8082	\N
7047	GENERIC_DAY	1	0	f	2010-12-05	1213	\N	8082	\N
7032	GENERIC_DAY	1	28800	f	2010-12-16	1213	\N	8082	\N
7041	GENERIC_DAY	1	0	f	2010-12-12	1213	\N	8082	\N
7043	GENERIC_DAY	1	28800	f	2010-12-17	1213	\N	8082	\N
7061	GENERIC_DAY	1	28800	f	2010-12-06	1213	\N	8083	\N
7049	GENERIC_DAY	1	21600	f	2010-12-14	1213	\N	8083	\N
7059	GENERIC_DAY	1	28800	f	2010-12-10	1213	\N	8083	\N
7062	GENERIC_DAY	1	0	f	2010-12-04	1213	\N	8083	\N
7058	GENERIC_DAY	1	28800	f	2010-12-09	1213	\N	8083	\N
7048	GENERIC_DAY	1	14400	f	2010-11-29	1213	\N	8083	\N
7051	GENERIC_DAY	1	28800	f	2010-12-01	1213	\N	8083	\N
7060	GENERIC_DAY	1	0	f	2010-12-05	1213	\N	8083	\N
7054	GENERIC_DAY	1	28800	f	2010-12-02	1213	\N	8083	\N
7056	GENERIC_DAY	1	28800	f	2010-12-03	1213	\N	8083	\N
7050	GENERIC_DAY	1	28800	f	2010-12-08	1213	\N	8083	\N
7057	GENERIC_DAY	1	28800	f	2010-12-13	1213	\N	8083	\N
7063	GENERIC_DAY	1	28800	f	2010-12-07	1213	\N	8083	\N
7052	GENERIC_DAY	1	0	f	2010-12-11	1213	\N	8083	\N
7053	GENERIC_DAY	1	0	f	2010-12-12	1213	\N	8083	\N
7055	GENERIC_DAY	1	28800	f	2010-11-30	1213	\N	8083	\N
8193	GENERIC_DAY	1	0	f	2010-11-28	1213	\N	8084	\N
7069	GENERIC_DAY	1	0	f	2010-11-14	1213	\N	8084	\N
8182	GENERIC_DAY	1	28800	f	2010-11-22	1213	\N	8084	\N
8190	GENERIC_DAY	1	28800	f	2010-11-17	1213	\N	8084	\N
7068	GENERIC_DAY	1	28800	f	2010-11-18	1213	\N	8084	\N
7067	GENERIC_DAY	1	28800	f	2010-11-24	1213	\N	8084	\N
8189	GENERIC_DAY	1	14400	f	2010-11-29	1213	\N	8084	\N
7066	GENERIC_DAY	1	28800	f	2010-11-11	1213	\N	8084	\N
8188	GENERIC_DAY	1	28800	f	2010-11-16	1213	\N	8084	\N
8186	GENERIC_DAY	1	0	f	2010-11-21	1213	\N	8084	\N
8184	GENERIC_DAY	1	28800	f	2010-11-25	1213	\N	8084	\N
8185	GENERIC_DAY	1	28800	f	2010-11-12	1213	\N	8084	\N
8192	GENERIC_DAY	1	28800	f	2010-11-23	1213	\N	8084	\N
8183	GENERIC_DAY	1	28800	f	2010-11-19	1213	\N	8084	\N
8181	GENERIC_DAY	1	28800	f	2010-11-26	1213	\N	8084	\N
8187	GENERIC_DAY	1	28800	f	2010-11-15	1213	\N	8084	\N
7064	GENERIC_DAY	1	0	f	2010-11-27	1213	\N	8084	\N
7065	GENERIC_DAY	1	0	f	2010-11-20	1213	\N	8084	\N
8191	GENERIC_DAY	1	0	f	2010-11-13	1213	\N	8084	\N
8201	GENERIC_DAY	1	28800	f	2010-11-11	1213	\N	8085	\N
8205	GENERIC_DAY	1	0	f	2010-11-20	1213	\N	8085	\N
8199	GENERIC_DAY	1	28800	f	2010-11-16	1213	\N	8085	\N
8202	GENERIC_DAY	1	28800	f	2010-11-18	1213	\N	8085	\N
8204	GENERIC_DAY	1	28800	f	2010-11-19	1213	\N	8085	\N
8195	GENERIC_DAY	1	28800	f	2010-11-12	1213	\N	8085	\N
8200	GENERIC_DAY	1	0	f	2010-11-13	1213	\N	8085	\N
8207	GENERIC_DAY	1	0	f	2010-11-21	1213	\N	8085	\N
8206	GENERIC_DAY	1	28800	f	2010-11-17	1213	\N	8085	\N
8196	GENERIC_DAY	1	0	f	2010-11-14	1213	\N	8085	\N
8203	GENERIC_DAY	1	28800	f	2010-11-22	1213	\N	8085	\N
8194	GENERIC_DAY	1	10800	f	2010-11-24	1213	\N	8085	\N
8197	GENERIC_DAY	1	28800	f	2010-11-15	1213	\N	8085	\N
8198	GENERIC_DAY	1	28800	f	2010-11-23	1213	\N	8085	\N
8208	GENERIC_DAY	0	7200	f	2010-12-14	1213	\N	8086	\N
8209	GENERIC_DAY	0	28800	f	2010-12-20	1213	\N	8086	\N
8210	GENERIC_DAY	0	0	f	2010-12-18	1213	\N	8086	\N
8211	GENERIC_DAY	0	28800	f	2010-12-24	1213	\N	8086	\N
8212	GENERIC_DAY	0	28800	f	2010-12-23	1213	\N	8086	\N
8213	GENERIC_DAY	0	7200	f	2010-12-31	1213	\N	8086	\N
8214	GENERIC_DAY	0	28800	f	2010-12-29	1213	\N	8086	\N
8215	GENERIC_DAY	0	28800	f	2010-12-30	1213	\N	8086	\N
8216	GENERIC_DAY	0	28800	f	2010-12-21	1213	\N	8086	\N
8217	GENERIC_DAY	0	0	f	2010-12-26	1213	\N	8086	\N
8218	GENERIC_DAY	0	28800	f	2010-12-16	1213	\N	8086	\N
8219	GENERIC_DAY	0	28800	f	2010-12-22	1213	\N	8086	\N
8220	GENERIC_DAY	0	0	f	2010-12-25	1213	\N	8086	\N
8221	GENERIC_DAY	0	28800	f	2010-12-17	1213	\N	8086	\N
8222	GENERIC_DAY	0	0	f	2010-12-19	1213	\N	8086	\N
8223	GENERIC_DAY	0	28800	f	2010-12-15	1213	\N	8086	\N
8224	GENERIC_DAY	0	28800	f	2010-12-28	1213	\N	8086	\N
8225	GENERIC_DAY	0	28800	f	2010-12-27	1213	\N	8086	\N
3636	GENERIC_DAY	0	0	f	2010-12-25	1213	\N	3535	\N
3637	GENERIC_DAY	0	28800	f	2011-01-03	1213	\N	3535	\N
3638	GENERIC_DAY	0	28800	f	2010-12-31	1213	\N	3535	\N
3639	GENERIC_DAY	0	28800	f	2010-12-29	1213	\N	3535	\N
3640	GENERIC_DAY	0	18000	f	2010-12-24	1213	\N	3535	\N
3641	GENERIC_DAY	0	10800	f	2011-01-07	1213	\N	3535	\N
3642	GENERIC_DAY	0	28800	f	2010-12-27	1213	\N	3535	\N
3643	GENERIC_DAY	0	28800	f	2011-01-04	1213	\N	3535	\N
3644	GENERIC_DAY	0	0	f	2011-01-02	1213	\N	3535	\N
3645	GENERIC_DAY	0	28800	f	2011-01-06	1213	\N	3535	\N
3646	GENERIC_DAY	0	0	f	2010-12-26	1213	\N	3535	\N
3647	GENERIC_DAY	0	28800	f	2010-12-30	1213	\N	3535	\N
3648	GENERIC_DAY	0	0	f	2011-01-01	1213	\N	3535	\N
3649	GENERIC_DAY	0	28800	f	2010-12-28	1213	\N	3535	\N
3650	GENERIC_DAY	0	28800	f	2011-01-05	1213	\N	3535	\N
3651	GENERIC_DAY	0	0	f	2011-03-26	1213	\N	3536	\N
3652	GENERIC_DAY	0	28800	f	2011-03-25	1213	\N	3536	\N
3653	GENERIC_DAY	0	28800	f	2011-03-30	1213	\N	3536	\N
3654	GENERIC_DAY	0	3600	f	2011-03-22	1213	\N	3536	\N
3655	GENERIC_DAY	0	0	f	2011-04-03	1213	\N	3536	\N
3656	GENERIC_DAY	0	28800	f	2011-04-01	1213	\N	3536	\N
3657	GENERIC_DAY	0	28800	f	2011-03-24	1213	\N	3536	\N
3658	GENERIC_DAY	0	0	f	2011-03-27	1213	\N	3536	\N
3659	GENERIC_DAY	0	0	f	2011-04-02	1213	\N	3536	\N
3660	GENERIC_DAY	0	28800	f	2011-03-29	1213	\N	3536	\N
3661	GENERIC_DAY	0	28800	f	2011-03-31	1213	\N	3536	\N
3662	GENERIC_DAY	0	28800	f	2011-03-23	1213	\N	3536	\N
3663	GENERIC_DAY	0	28800	f	2011-03-28	1213	\N	3536	\N
3664	GENERIC_DAY	0	18000	f	2011-04-04	1213	\N	3536	\N
3665	GENERIC_DAY	0	0	f	2011-02-13	1213	\N	3537	\N
3666	GENERIC_DAY	0	28800	f	2011-02-04	1213	\N	3537	\N
3667	GENERIC_DAY	0	28800	f	2011-02-08	1213	\N	3537	\N
3668	GENERIC_DAY	0	28800	f	2011-02-15	1213	\N	3537	\N
3669	GENERIC_DAY	0	10800	f	2011-02-18	1213	\N	3537	\N
3670	GENERIC_DAY	0	28800	f	2011-02-16	1213	\N	3537	\N
3671	GENERIC_DAY	0	0	f	2011-02-12	1213	\N	3537	\N
3672	GENERIC_DAY	0	28800	f	2011-02-07	1213	\N	3537	\N
3673	GENERIC_DAY	0	0	f	2011-02-05	1213	\N	3537	\N
3674	GENERIC_DAY	0	10800	f	2011-01-31	1213	\N	3537	\N
3675	GENERIC_DAY	0	28800	f	2011-02-01	1213	\N	3537	\N
3676	GENERIC_DAY	0	28800	f	2011-02-14	1213	\N	3537	\N
3677	GENERIC_DAY	0	28800	f	2011-02-03	1213	\N	3537	\N
3678	GENERIC_DAY	0	28800	f	2011-02-17	1213	\N	3537	\N
3679	GENERIC_DAY	0	28800	f	2011-02-09	1213	\N	3537	\N
3680	GENERIC_DAY	0	28800	f	2011-02-11	1213	\N	3537	\N
3681	GENERIC_DAY	0	28800	f	2011-02-02	1213	\N	3537	\N
3682	GENERIC_DAY	0	28800	f	2011-02-10	1213	\N	3537	\N
3683	GENERIC_DAY	0	0	f	2011-02-06	1213	\N	3537	\N
3684	GENERIC_DAY	0	28800	f	2011-02-02	1213	\N	3538	\N
3685	GENERIC_DAY	0	0	f	2011-02-19	1213	\N	3538	\N
3686	GENERIC_DAY	0	28800	f	2011-02-15	1213	\N	3538	\N
3687	GENERIC_DAY	0	28800	f	2011-02-11	1213	\N	3538	\N
3688	GENERIC_DAY	0	28800	f	2011-02-16	1213	\N	3538	\N
3689	GENERIC_DAY	0	0	f	2011-02-26	1213	\N	3538	\N
3690	GENERIC_DAY	0	28800	f	2011-02-10	1213	\N	3538	\N
3691	GENERIC_DAY	0	10800	f	2011-01-31	1213	\N	3538	\N
3692	GENERIC_DAY	0	28800	f	2011-02-23	1213	\N	3538	\N
3693	GENERIC_DAY	0	28800	f	2011-02-28	1213	\N	3538	\N
3694	GENERIC_DAY	0	0	f	2011-02-20	1213	\N	3538	\N
3695	GENERIC_DAY	0	28800	f	2011-03-03	1213	\N	3538	\N
3696	GENERIC_DAY	0	28800	f	2011-02-17	1213	\N	3538	\N
3697	GENERIC_DAY	0	28800	f	2011-02-03	1213	\N	3538	\N
3698	GENERIC_DAY	0	28800	f	2011-02-14	1213	\N	3538	\N
3699	GENERIC_DAY	0	28800	f	2011-02-25	1213	\N	3538	\N
3700	GENERIC_DAY	0	28800	f	2011-02-18	1213	\N	3538	\N
3701	GENERIC_DAY	0	28800	f	2011-02-22	1213	\N	3538	\N
3702	GENERIC_DAY	0	0	f	2011-03-05	1213	\N	3538	\N
3703	GENERIC_DAY	0	0	f	2011-02-06	1213	\N	3538	\N
3704	GENERIC_DAY	0	0	f	2011-02-27	1213	\N	3538	\N
3705	GENERIC_DAY	0	18000	f	2011-03-07	1213	\N	3538	\N
3706	GENERIC_DAY	0	28800	f	2011-03-01	1213	\N	3538	\N
3707	GENERIC_DAY	0	28800	f	2011-02-01	1213	\N	3538	\N
3708	GENERIC_DAY	0	28800	f	2011-02-09	1213	\N	3538	\N
3709	GENERIC_DAY	0	28800	f	2011-02-21	1213	\N	3538	\N
3710	GENERIC_DAY	0	28800	f	2011-02-08	1213	\N	3538	\N
3711	GENERIC_DAY	0	0	f	2011-02-13	1213	\N	3538	\N
3712	GENERIC_DAY	0	0	f	2011-02-12	1213	\N	3538	\N
3713	GENERIC_DAY	0	28800	f	2011-03-04	1213	\N	3538	\N
3714	GENERIC_DAY	0	0	f	2011-02-05	1213	\N	3538	\N
3715	GENERIC_DAY	0	0	f	2011-03-06	1213	\N	3538	\N
3716	GENERIC_DAY	0	28800	f	2011-02-24	1213	\N	3538	\N
3717	GENERIC_DAY	0	28800	f	2011-02-04	1213	\N	3538	\N
3718	GENERIC_DAY	0	28800	f	2011-03-02	1213	\N	3538	\N
3719	GENERIC_DAY	0	28800	f	2011-02-07	1213	\N	3538	\N
3720	GENERIC_DAY	0	28800	f	2011-03-09	1213	\N	3539	\N
3721	GENERIC_DAY	0	28800	f	2011-03-21	1213	\N	3539	\N
3722	GENERIC_DAY	0	10800	f	2011-03-07	1213	\N	3539	\N
3723	GENERIC_DAY	0	28800	f	2011-03-08	1213	\N	3539	\N
3724	GENERIC_DAY	0	28800	f	2011-03-16	1213	\N	3539	\N
3725	GENERIC_DAY	0	0	f	2011-03-20	1213	\N	3539	\N
3726	GENERIC_DAY	0	0	f	2011-03-13	1213	\N	3539	\N
3727	GENERIC_DAY	0	25200	f	2011-03-22	1213	\N	3539	\N
3728	GENERIC_DAY	0	28800	f	2011-03-10	1213	\N	3539	\N
3729	GENERIC_DAY	0	28800	f	2011-03-11	1213	\N	3539	\N
3730	GENERIC_DAY	0	0	f	2011-03-19	1213	\N	3539	\N
3731	GENERIC_DAY	0	28800	f	2011-03-18	1213	\N	3539	\N
3732	GENERIC_DAY	0	0	f	2011-03-12	1213	\N	3539	\N
3733	GENERIC_DAY	0	28800	f	2011-03-14	1213	\N	3539	\N
3734	GENERIC_DAY	0	28800	f	2011-03-15	1213	\N	3539	\N
3735	GENERIC_DAY	0	28800	f	2011-03-17	1213	\N	3539	\N
3736	GENERIC_DAY	0	28800	f	2011-01-13	1213	\N	3540	\N
3737	GENERIC_DAY	0	28800	f	2011-01-11	1213	\N	3540	\N
3738	GENERIC_DAY	0	28800	f	2011-01-17	1213	\N	3540	\N
3739	GENERIC_DAY	0	0	f	2011-01-30	1213	\N	3540	\N
3740	GENERIC_DAY	0	0	f	2011-01-22	1213	\N	3540	\N
3741	GENERIC_DAY	0	28800	f	2011-01-12	1213	\N	3540	\N
3742	GENERIC_DAY	0	28800	f	2011-01-21	1213	\N	3540	\N
3743	GENERIC_DAY	0	28800	f	2011-01-14	1213	\N	3540	\N
3744	GENERIC_DAY	0	28800	f	2011-01-28	1213	\N	3540	\N
3745	GENERIC_DAY	0	28800	f	2011-01-18	1213	\N	3540	\N
3746	GENERIC_DAY	0	0	f	2011-01-16	1213	\N	3540	\N
3747	GENERIC_DAY	0	0	f	2011-01-15	1213	\N	3540	\N
3748	GENERIC_DAY	0	18000	f	2011-01-07	1213	\N	3540	\N
3749	GENERIC_DAY	0	28800	f	2011-01-19	1213	\N	3540	\N
3750	GENERIC_DAY	0	0	f	2011-01-29	1213	\N	3540	\N
3751	GENERIC_DAY	0	0	f	2011-01-23	1213	\N	3540	\N
3752	GENERIC_DAY	0	18000	f	2011-01-31	1213	\N	3540	\N
3753	GENERIC_DAY	0	28800	f	2011-01-24	1213	\N	3540	\N
3754	GENERIC_DAY	0	28800	f	2011-01-26	1213	\N	3540	\N
3755	GENERIC_DAY	0	0	f	2011-01-09	1213	\N	3540	\N
3756	GENERIC_DAY	0	28800	f	2011-01-10	1213	\N	3540	\N
3757	GENERIC_DAY	0	0	f	2011-01-08	1213	\N	3540	\N
3758	GENERIC_DAY	0	28800	f	2011-01-25	1213	\N	3540	\N
3759	GENERIC_DAY	0	28800	f	2011-01-27	1213	\N	3540	\N
3760	GENERIC_DAY	0	28800	f	2011-01-20	1213	\N	3540	\N
6328	GENERIC_DAY	0	28800	f	2010-12-21	1213	\N	2427	\N
6329	GENERIC_DAY	0	28800	f	2010-12-20	1213	\N	2427	\N
6330	GENERIC_DAY	0	28800	f	2010-12-24	1213	\N	2427	\N
6331	GENERIC_DAY	0	0	f	2010-12-19	1213	\N	2427	\N
6332	GENERIC_DAY	0	7200	f	2010-12-16	1213	\N	2427	\N
6333	GENERIC_DAY	0	0	f	2010-12-18	1213	\N	2427	\N
6334	GENERIC_DAY	0	28800	f	2010-12-17	1213	\N	2427	\N
6335	GENERIC_DAY	0	28800	f	2010-12-22	1213	\N	2427	\N
6336	GENERIC_DAY	0	28800	f	2010-12-23	1213	\N	2427	\N
6337	GENERIC_DAY	0	28800	f	2010-12-21	1213	\N	2426	\N
6338	GENERIC_DAY	0	28800	f	2010-12-22	1213	\N	2426	\N
6339	GENERIC_DAY	0	28800	f	2010-12-17	1213	\N	2426	\N
6340	GENERIC_DAY	0	28800	f	2010-12-30	1213	\N	2426	\N
6341	GENERIC_DAY	0	28800	f	2010-12-28	1213	\N	2426	\N
6342	GENERIC_DAY	0	28800	f	2010-12-29	1213	\N	2426	\N
6343	GENERIC_DAY	0	0	f	2011-01-02	1213	\N	2426	\N
6344	GENERIC_DAY	0	28800	f	2010-12-20	1213	\N	2426	\N
6345	GENERIC_DAY	0	0	f	2010-12-25	1213	\N	2426	\N
6346	GENERIC_DAY	0	7200	f	2011-01-04	1213	\N	2426	\N
6347	GENERIC_DAY	0	0	f	2010-12-26	1213	\N	2426	\N
6348	GENERIC_DAY	0	28800	f	2010-12-24	1213	\N	2426	\N
6349	GENERIC_DAY	0	0	f	2010-12-19	1213	\N	2426	\N
6350	GENERIC_DAY	0	0	f	2010-12-18	1213	\N	2426	\N
6351	GENERIC_DAY	0	7200	f	2010-12-16	1213	\N	2426	\N
6352	GENERIC_DAY	0	28800	f	2010-12-23	1213	\N	2426	\N
6353	GENERIC_DAY	0	28800	f	2011-01-03	1213	\N	2426	\N
6354	GENERIC_DAY	0	0	f	2011-01-01	1213	\N	2426	\N
6355	GENERIC_DAY	0	28800	f	2010-12-31	1213	\N	2426	\N
6356	GENERIC_DAY	0	28800	f	2010-12-27	1213	\N	2426	\N
6357	GENERIC_DAY	0	28800	f	2011-01-13	1213	\N	2428	\N
6358	GENERIC_DAY	0	28800	f	2011-01-10	1213	\N	2428	\N
6359	GENERIC_DAY	0	0	f	2011-01-09	1213	\N	2428	\N
6360	GENERIC_DAY	0	28800	f	2011-01-11	1213	\N	2428	\N
6361	GENERIC_DAY	0	28800	f	2011-01-06	1213	\N	2428	\N
6362	GENERIC_DAY	0	0	f	2011-01-08	1213	\N	2428	\N
6363	GENERIC_DAY	0	28800	f	2011-01-07	1213	\N	2428	\N
6364	GENERIC_DAY	0	28800	f	2011-01-05	1213	\N	2428	\N
6365	GENERIC_DAY	0	0	f	2011-01-16	1213	\N	2428	\N
6366	GENERIC_DAY	0	21600	f	2011-01-04	1213	\N	2428	\N
6367	GENERIC_DAY	0	28800	f	2011-01-12	1213	\N	2428	\N
6368	GENERIC_DAY	0	0	f	2011-01-15	1213	\N	2428	\N
6369	GENERIC_DAY	0	18000	f	2011-01-17	1213	\N	2428	\N
6370	GENERIC_DAY	0	28800	f	2011-01-14	1213	\N	2428	\N
6459	GENERIC_DAY	0	21600	f	2010-12-02	1213	\N	2424	\N
6460	GENERIC_DAY	0	28800	f	2010-11-29	1213	\N	2424	\N
6461	GENERIC_DAY	0	28800	f	2010-11-08	1213	\N	2424	\N
6462	GENERIC_DAY	0	28800	f	2010-11-19	1213	\N	2424	\N
6463	GENERIC_DAY	0	0	f	2010-11-14	1213	\N	2424	\N
6464	GENERIC_DAY	0	0	f	2010-11-27	1213	\N	2424	\N
6465	GENERIC_DAY	0	28800	f	2010-11-25	1213	\N	2424	\N
6466	GENERIC_DAY	0	28800	f	2010-11-18	1213	\N	2424	\N
6467	GENERIC_DAY	0	28800	f	2010-12-01	1213	\N	2424	\N
6468	GENERIC_DAY	0	28800	f	2010-11-26	1213	\N	2424	\N
6469	GENERIC_DAY	0	28800	f	2010-11-10	1213	\N	2424	\N
6470	GENERIC_DAY	0	0	f	2010-11-13	1213	\N	2424	\N
6471	GENERIC_DAY	0	28800	f	2010-11-09	1213	\N	2424	\N
6472	GENERIC_DAY	0	28800	f	2010-11-12	1213	\N	2424	\N
6473	GENERIC_DAY	0	28800	f	2010-11-16	1213	\N	2424	\N
6474	GENERIC_DAY	0	0	f	2010-11-21	1213	\N	2424	\N
6475	GENERIC_DAY	0	28800	f	2010-11-24	1213	\N	2424	\N
6476	GENERIC_DAY	0	28800	f	2010-11-11	1213	\N	2424	\N
6477	GENERIC_DAY	0	28800	f	2010-11-15	1213	\N	2424	\N
6478	GENERIC_DAY	0	28800	f	2010-11-17	1213	\N	2424	\N
6479	GENERIC_DAY	0	28800	f	2010-11-23	1213	\N	2424	\N
6480	GENERIC_DAY	0	0	f	2010-11-20	1213	\N	2424	\N
6481	GENERIC_DAY	0	28800	f	2010-11-30	1213	\N	2424	\N
6482	GENERIC_DAY	0	28800	f	2010-11-22	1213	\N	2424	\N
6483	GENERIC_DAY	0	0	f	2010-11-28	1213	\N	2424	\N
6484	GENERIC_DAY	0	0	f	2010-12-11	1213	\N	2425	\N
6485	GENERIC_DAY	0	28800	f	2010-12-06	1213	\N	2425	\N
6486	GENERIC_DAY	0	28800	f	2010-12-07	1213	\N	2425	\N
6487	GENERIC_DAY	0	28800	f	2010-12-13	1213	\N	2425	\N
6488	GENERIC_DAY	0	0	f	2010-12-05	1213	\N	2425	\N
6489	GENERIC_DAY	0	28800	f	2010-12-08	1213	\N	2425	\N
6490	GENERIC_DAY	0	28800	f	2010-12-10	1213	\N	2425	\N
6491	GENERIC_DAY	0	0	f	2010-12-04	1213	\N	2425	\N
6492	GENERIC_DAY	0	28800	f	2010-12-09	1213	\N	2425	\N
6493	GENERIC_DAY	0	7200	f	2010-12-02	1213	\N	2425	\N
6494	GENERIC_DAY	0	28800	f	2010-12-14	1213	\N	2425	\N
6495	GENERIC_DAY	0	28800	f	2010-12-15	1213	\N	2425	\N
6496	GENERIC_DAY	0	0	f	2010-12-12	1213	\N	2425	\N
6497	GENERIC_DAY	0	3600	f	2010-12-16	1213	\N	2425	\N
6498	GENERIC_DAY	0	28800	f	2010-12-03	1213	\N	2425	\N
6371	GENERIC_DAY	0	28800	f	2011-01-31	1213	\N	5664	\N
6372	GENERIC_DAY	0	28800	f	2011-01-13	1213	\N	5664	\N
6373	GENERIC_DAY	0	0	f	2011-01-22	1213	\N	5664	\N
6374	GENERIC_DAY	0	28800	f	2011-01-14	1213	\N	5664	\N
6375	GENERIC_DAY	0	28800	f	2011-01-12	1213	\N	5664	\N
6376	GENERIC_DAY	0	28800	f	2011-02-02	1213	\N	5664	\N
6377	GENERIC_DAY	0	28800	f	2011-02-04	1213	\N	5664	\N
6378	GENERIC_DAY	0	0	f	2011-01-08	1213	\N	5664	\N
6379	GENERIC_DAY	0	0	f	2011-01-15	1213	\N	5664	\N
6380	GENERIC_DAY	0	28800	f	2011-01-26	1213	\N	5664	\N
6381	GENERIC_DAY	0	0	f	2011-01-29	1213	\N	5664	\N
6382	GENERIC_DAY	0	0	f	2011-02-05	1213	\N	5664	\N
6383	GENERIC_DAY	0	28800	f	2011-02-07	1213	\N	5664	\N
6384	GENERIC_DAY	0	28800	f	2011-01-27	1213	\N	5664	\N
6385	GENERIC_DAY	0	28800	f	2011-01-11	1213	\N	5664	\N
6386	GENERIC_DAY	0	28800	f	2011-02-03	1213	\N	5664	\N
6387	GENERIC_DAY	0	21600	f	2011-01-04	1213	\N	5664	\N
6388	GENERIC_DAY	0	28800	f	2011-01-25	1213	\N	5664	\N
6389	GENERIC_DAY	0	28800	f	2011-02-01	1213	\N	5664	\N
6390	GENERIC_DAY	0	7200	f	2011-02-08	1213	\N	5664	\N
6391	GENERIC_DAY	0	0	f	2011-01-23	1213	\N	5664	\N
6392	GENERIC_DAY	0	0	f	2011-01-30	1213	\N	5664	\N
6393	GENERIC_DAY	0	0	f	2011-01-16	1213	\N	5664	\N
6394	GENERIC_DAY	0	28800	f	2011-01-06	1213	\N	5664	\N
6395	GENERIC_DAY	0	28800	f	2011-01-28	1213	\N	5664	\N
6396	GENERIC_DAY	0	28800	f	2011-01-20	1213	\N	5664	\N
6397	GENERIC_DAY	0	28800	f	2011-01-19	1213	\N	5664	\N
6398	GENERIC_DAY	0	28800	f	2011-01-17	1213	\N	5664	\N
6399	GENERIC_DAY	0	0	f	2011-01-09	1213	\N	5664	\N
6400	GENERIC_DAY	0	28800	f	2011-01-21	1213	\N	5664	\N
6401	GENERIC_DAY	0	28800	f	2011-01-18	1213	\N	5664	\N
6402	GENERIC_DAY	0	28800	f	2011-01-07	1213	\N	5664	\N
6403	GENERIC_DAY	0	28800	f	2011-01-10	1213	\N	5664	\N
6404	GENERIC_DAY	0	28800	f	2011-01-05	1213	\N	5664	\N
6405	GENERIC_DAY	0	0	f	2011-02-06	1213	\N	5664	\N
6406	GENERIC_DAY	0	28800	f	2011-01-24	1213	\N	5664	\N
6407	GENERIC_DAY	0	0	f	2011-01-22	1213	\N	5665	\N
6408	GENERIC_DAY	0	0	f	2011-01-23	1213	\N	5665	\N
6409	GENERIC_DAY	0	7200	f	2011-01-25	1213	\N	5665	\N
6410	GENERIC_DAY	0	28800	f	2011-01-24	1213	\N	5665	\N
6411	GENERIC_DAY	0	28800	f	2011-01-10	1213	\N	5665	\N
6412	GENERIC_DAY	0	28800	f	2011-01-21	1213	\N	5665	\N
6413	GENERIC_DAY	0	28800	f	2011-01-11	1213	\N	5665	\N
6414	GENERIC_DAY	0	0	f	2011-01-09	1213	\N	5665	\N
6415	GENERIC_DAY	0	0	f	2011-01-15	1213	\N	5665	\N
6416	GENERIC_DAY	0	28800	f	2011-01-20	1213	\N	5665	\N
6417	GENERIC_DAY	0	28800	f	2011-01-18	1213	\N	5665	\N
6418	GENERIC_DAY	0	28800	f	2011-01-19	1213	\N	5665	\N
6419	GENERIC_DAY	0	28800	f	2011-01-12	1213	\N	5665	\N
6420	GENERIC_DAY	0	28800	f	2011-01-17	1213	\N	5665	\N
6421	GENERIC_DAY	0	0	f	2011-01-16	1213	\N	5665	\N
6422	GENERIC_DAY	0	0	f	2011-01-08	1213	\N	5665	\N
6423	GENERIC_DAY	0	28800	f	2011-01-14	1213	\N	5665	\N
6424	GENERIC_DAY	0	28800	f	2011-01-13	1213	\N	5665	\N
6425	GENERIC_DAY	0	28800	f	2010-12-22	1213	\N	5666	\N
6426	GENERIC_DAY	0	28800	f	2010-12-23	1213	\N	5666	\N
6427	GENERIC_DAY	0	7200	f	2010-12-16	1213	\N	5666	\N
6428	GENERIC_DAY	0	28800	f	2010-12-27	1213	\N	5666	\N
6429	GENERIC_DAY	0	28800	f	2011-01-06	1213	\N	5666	\N
6430	GENERIC_DAY	0	0	f	2010-12-18	1213	\N	5666	\N
6431	GENERIC_DAY	0	0	f	2010-12-19	1213	\N	5666	\N
6432	GENERIC_DAY	0	28800	f	2010-12-17	1213	\N	5666	\N
6433	GENERIC_DAY	0	28800	f	2011-01-04	1213	\N	5666	\N
6434	GENERIC_DAY	0	28800	f	2011-01-07	1213	\N	5666	\N
6435	GENERIC_DAY	0	28800	f	2010-12-20	1213	\N	5666	\N
6436	GENERIC_DAY	0	28800	f	2010-12-30	1213	\N	5666	\N
6437	GENERIC_DAY	0	0	f	2011-01-01	1213	\N	5666	\N
6438	GENERIC_DAY	0	28800	f	2010-12-31	1213	\N	5666	\N
6439	GENERIC_DAY	0	0	f	2010-12-25	1213	\N	5666	\N
6440	GENERIC_DAY	0	28800	f	2010-12-29	1213	\N	5666	\N
6441	GENERIC_DAY	0	28800	f	2010-12-24	1213	\N	5666	\N
6442	GENERIC_DAY	0	28800	f	2010-12-21	1213	\N	5666	\N
6443	GENERIC_DAY	0	28800	f	2011-01-03	1213	\N	5666	\N
6444	GENERIC_DAY	0	28800	f	2011-01-05	1213	\N	5666	\N
6445	GENERIC_DAY	0	28800	f	2010-12-28	1213	\N	5666	\N
6446	GENERIC_DAY	0	0	f	2010-12-26	1213	\N	5666	\N
6447	GENERIC_DAY	0	0	f	2011-01-02	1213	\N	5666	\N
6448	GENERIC_DAY	0	28800	f	2011-01-26	1213	\N	5667	\N
6449	GENERIC_DAY	0	28800	f	2011-01-28	1213	\N	5667	\N
6450	GENERIC_DAY	0	28800	f	2011-02-02	1213	\N	5667	\N
6451	GENERIC_DAY	0	0	f	2011-01-29	1213	\N	5667	\N
6452	GENERIC_DAY	0	28800	f	2011-02-01	1213	\N	5667	\N
6453	GENERIC_DAY	0	0	f	2011-01-30	1213	\N	5667	\N
6454	GENERIC_DAY	0	28800	f	2011-02-04	1213	\N	5667	\N
6455	GENERIC_DAY	0	21600	f	2011-01-25	1213	\N	5667	\N
6456	GENERIC_DAY	0	28800	f	2011-02-03	1213	\N	5667	\N
6457	GENERIC_DAY	0	28800	f	2011-01-31	1213	\N	5667	\N
6458	GENERIC_DAY	0	28800	f	2011-01-27	1213	\N	5667	\N
6499	GENERIC_DAY	0	28800	f	2010-12-07	1213	\N	5668	\N
6500	GENERIC_DAY	0	21600	f	2010-12-16	1213	\N	5668	\N
6501	GENERIC_DAY	0	0	f	2010-12-12	1213	\N	5668	\N
6502	GENERIC_DAY	0	7200	f	2010-12-02	1213	\N	5668	\N
6503	GENERIC_DAY	0	0	f	2010-12-11	1213	\N	5668	\N
6504	GENERIC_DAY	0	28800	f	2010-12-09	1213	\N	5668	\N
6505	GENERIC_DAY	0	28800	f	2010-12-15	1213	\N	5668	\N
6506	GENERIC_DAY	0	28800	f	2010-12-03	1213	\N	5668	\N
6507	GENERIC_DAY	0	28800	f	2010-12-14	1213	\N	5668	\N
6508	GENERIC_DAY	0	28800	f	2010-12-10	1213	\N	5668	\N
6509	GENERIC_DAY	0	0	f	2010-12-05	1213	\N	5668	\N
6510	GENERIC_DAY	0	28800	f	2010-12-13	1213	\N	5668	\N
6511	GENERIC_DAY	0	28800	f	2010-12-08	1213	\N	5668	\N
6512	GENERIC_DAY	0	28800	f	2010-12-06	1213	\N	5668	\N
6513	GENERIC_DAY	0	0	f	2010-12-04	1213	\N	5668	\N
6514	GENERIC_DAY	0	0	f	2011-02-20	1213	\N	5669	\N
6515	GENERIC_DAY	0	28800	f	2011-02-16	1213	\N	5669	\N
6516	GENERIC_DAY	0	0	f	2011-02-13	1213	\N	5669	\N
6517	GENERIC_DAY	0	28800	f	2011-02-11	1213	\N	5669	\N
6518	GENERIC_DAY	0	28800	f	2011-02-15	1213	\N	5669	\N
6519	GENERIC_DAY	0	28800	f	2011-02-17	1213	\N	5669	\N
6520	GENERIC_DAY	0	0	f	2011-02-19	1213	\N	5669	\N
6521	GENERIC_DAY	0	28800	f	2011-02-24	1213	\N	5669	\N
6522	GENERIC_DAY	0	0	f	2011-02-12	1213	\N	5669	\N
6523	GENERIC_DAY	0	28800	f	2011-02-14	1213	\N	5669	\N
6524	GENERIC_DAY	0	28800	f	2011-02-23	1213	\N	5669	\N
6525	GENERIC_DAY	0	28800	f	2011-02-18	1213	\N	5669	\N
6526	GENERIC_DAY	0	28800	f	2011-02-10	1213	\N	5669	\N
6527	GENERIC_DAY	0	28800	f	2011-02-22	1213	\N	5669	\N
6528	GENERIC_DAY	0	28800	f	2011-02-25	1213	\N	5669	\N
6529	GENERIC_DAY	0	28800	f	2011-02-09	1213	\N	5669	\N
6530	GENERIC_DAY	0	28800	f	2011-02-21	1213	\N	5669	\N
6531	GENERIC_DAY	0	21600	f	2011-02-08	1213	\N	5669	\N
\.


--
-- Data for Name: dependency; Type: TABLE DATA; Schema: public; Owner: naval
--

COPY dependency (id, version, origin, destination, queue_dependency, type) FROM stdin;
1867786	0	2024	2025	\N	0
1867788	0	2022	2025	\N	0
1867789	0	2022	5154	\N	0
1867793	0	5153	5155	\N	0
1867792	0	5155	5157	\N	0
1867785	0	5151	5158	\N	0
1867787	0	2020	2024	\N	0
1867796	0	2021	2020	\N	0
1867794	0	5152	5153	\N	0
1867790	0	5152	2022	\N	0
1867797	0	2021	5152	\N	0
1867791	0	5154	5156	\N	0
1867795	0	5157	5156	\N	0
1081466	1	3232	3233	\N	0
1081471	1	3233	3236	\N	0
1081473	1	3233	3234	\N	0
1081472	1	3234	3235	\N	0
1081468	1	3235	3237	\N	0
1081470	1	3236	3235	\N	0
2555919	2	7779	7782	\N	0
2555925	0	7781	7784	\N	0
\.


--
-- Data for Name: derivedallocation; Type: TABLE DATA; Schema: public; Owner: naval
--

COPY derivedallocation (id, version, resource_allocation_id, configurationunit) FROM stdin;
\.


--
-- Data for Name: deriveddayassignmentscontainer; Type: TABLE DATA; Schema: public; Owner: naval
--

COPY deriveddayassignmentscontainer (id, version, derived_allocation_id, scenario) FROM stdin;
\.


--
-- Data for Name: description_values; Type: TABLE DATA; Schema: public; Owner: naval
--

COPY description_values (description_value_id, fieldname, value) FROM stdin;
\.


--
-- Data for Name: description_values_in_line; Type: TABLE DATA; Schema: public; Owner: naval
--

COPY description_values_in_line (description_value_id, fieldname, value) FROM stdin;
\.


--
-- Data for Name: directadvanceassignment; Type: TABLE DATA; Schema: public; Owner: naval
--

COPY directadvanceassignment (advance_assignment_id, direct_order_element_id, maxvalue) FROM stdin;
1920	1425	100.00
1919	1424	100.00
3131	2739	100.00
3132	2740	100.00
3133	2741	100.00
3134	2742	100.00
3135	2743	100.00
3136	2744	100.00
1924	1431	100.00
1921	1426	100.00
1925	1432	100.00
7676	7087	100.00
7677	7088	100.00
7686	7094	100.00
7680	7090	100.00
7681	7091	100.00
\.


--
-- Data for Name: effortperday; Type: TABLE DATA; Schema: public; Owner: naval
--

COPY effortperday (base_calendar_id, effort, day_id) FROM stdin;
101	28800	0
101	28800	1
101	28800	2
101	28800	3
101	28800	4
101	0	5
101	0	6
\.


--
-- Data for Name: external_company; Type: TABLE DATA; Schema: public; Owner: naval
--

COPY external_company (id, version, name, nif, client, subcontractor, interactswithapplications, appuri, ourcompanylogin, ourcompanypassword, companyuser) FROM stdin;
\.


--
-- Data for Name: generic_resource_allocation; Type: TABLE DATA; Schema: public; Owner: naval
--

COPY generic_resource_allocation (resource_allocation_id, resourcetype) FROM stdin;
3434	0
3435	0
3436	0
3437	0
3438	0
3439	0
5563	0
5564	0
5565	0
5566	0
5567	0
5568	0
2326	0
2325	0
2327	0
2323	0
2324	0
7985	0
7981	0
7982	0
7983	0
7984	0
\.


--
-- Data for Name: genericdayassignmentscontainer; Type: TABLE DATA; Schema: public; Owner: naval
--

COPY genericdayassignmentscontainer (id, version, resource_allocation_id, scenario, startdate, durationstartinfirstday, enddate, durationinlastday) FROM stdin;
3535	0	3434	909	2010-12-24	10800	2011-01-07	10800
3536	0	3435	909	2011-03-22	25200	2011-04-04	18000
3537	0	3436	909	2011-01-31	18000	2011-02-18	10800
3538	0	3437	909	2011-01-31	18000	2011-03-07	18000
3539	0	3438	909	2011-03-07	18000	2011-03-22	25200
3540	0	3439	909	2011-01-07	10800	2011-01-31	18000
2427	3	2326	909	2010-12-16	21600	2010-12-25	0
2426	4	2325	909	2010-12-16	21600	2011-01-04	7200
2428	3	2327	909	2011-01-04	7200	2011-01-17	18000
2424	4	2323	909	2010-11-08	0	2010-12-02	21600
2425	4	2324	909	2010-12-02	21600	2010-12-16	3600
5664	0	5563	909	2011-01-04	7200	2011-02-08	7200
5665	0	5564	909	2011-01-08	0	2011-01-25	7200
5666	0	5565	909	2010-12-16	21600	2011-01-08	0
5667	0	5566	909	2011-01-25	7200	2011-02-05	0
5668	0	5567	909	2010-12-02	21600	2010-12-16	21600
5669	0	5568	909	2011-02-08	7200	2011-02-26	0
8082	1	7981	909	2010-11-29	14400	2010-12-24	7200
8083	1	7982	909	2010-11-29	14400	2010-12-14	21600
8084	1	7983	909	2010-11-11	0	2010-11-29	14400
8085	1	7984	909	2010-11-11	0	2010-11-24	10800
8086	0	7985	909	2010-12-14	21600	2010-12-31	7200
\.


--
-- Data for Name: heading_field; Type: TABLE DATA; Schema: public; Owner: naval
--

COPY heading_field (heading_id, fieldname, length, positionnumber) FROM stdin;
\.


--
-- Data for Name: hibernate_unique_key; Type: TABLE DATA; Schema: public; Owner: naval
--

COPY hibernate_unique_key (next_hi) FROM stdin;
93
\.


--
-- Data for Name: hour_cost; Type: TABLE DATA; Schema: public; Owner: naval
--

COPY hour_cost (id, version, code, pricecost, initdate, enddate, type_of_work_hours_id, cost_category_id) FROM stdin;
\.


--
-- Data for Name: hoursgroup; Type: TABLE DATA; Schema: public; Owner: naval
--

COPY hoursgroup (id, version, code, resourcetype, workinghours, percentage, fixedpercentage, parent_order_line, order_line_template) FROM stdin;
7482	6	PREFIX-00002-00003-00001	WORKER	100	1.00	f	7087	\N
7483	6	PREFIX-00002-00004-00001	WORKER	75	1.00	f	7088	\N
7488	3	PREFIX-00002-00007-00001	WORKER	100	1.00	f	7094	\N
7484	6	PREFIX-00002-00005-00001	WORKER	150	1.00	f	7090	\N
7485	6	PREFIX-00002-00006-00001	WORKER	90	1.00	f	7091	\N
1825	12	PREFIX-00001-00002-00001	WORKER	150	1.00	f	1425	\N
1824	12	PREFIX-00001-00001-00001	WORKER	75	1.00	f	1424	\N
3042	7	PREFIX-00001-00006-00001	WORKER	80	1.00	f	2739	\N
3043	7	PREFIX-00001-00007-00001	WORKER	130	1.00	f	2740	\N
3044	7	PREFIX-00001-00008-00001	WORKER	200	1.00	f	2741	\N
3045	7	PREFIX-00001-00009-00001	WORKER	90	1.00	f	2742	\N
3046	7	PREFIX-00001-00010-00001	WORKER	110	1.00	f	2743	\N
3047	7	PREFIX-00001-00011-00001	WORKER	70	1.00	f	2744	\N
1831	9	PREFIX-00001-00004-00001	WORKER	50	1.00	f	1431	\N
1826	12	PREFIX-00001-00003-00001	WORKER	100	1.00	f	1426	\N
1832	9	PREFIX-00001-00005-00001	WORKER	75	1.00	f	1432	\N
\.


--
-- Data for Name: indirectadvanceassignment; Type: TABLE DATA; Schema: public; Owner: naval
--

COPY indirectadvanceassignment (advance_assignment_id, indirect_order_element_id) FROM stdin;
5055	4752
5052	4749
1922	1423
1923	1423
7678	7086
7679	7086
7683	7089
7682	7089
7685	7085
7684	7085
\.


--
-- Data for Name: label; Type: TABLE DATA; Schema: public; Owner: naval
--

COPY label (id, version, code, name, label_type_id) FROM stdin;
\.


--
-- Data for Name: label_type; Type: TABLE DATA; Schema: public; Owner: naval
--

COPY label_type (id, version, code, name, generatecode) FROM stdin;
\.


--
-- Data for Name: limiting_resource_queue; Type: TABLE DATA; Schema: public; Owner: naval
--

COPY limiting_resource_queue (id, version, resource_id) FROM stdin;
\.


--
-- Data for Name: limiting_resource_queue_dependency; Type: TABLE DATA; Schema: public; Owner: naval
--

COPY limiting_resource_queue_dependency (id, type, origin_queue_element_id, destiny_queue_element_id) FROM stdin;
\.


--
-- Data for Name: limiting_resource_queue_element; Type: TABLE DATA; Schema: public; Owner: naval
--

COPY limiting_resource_queue_element (id, version, resource_allocation_id, limiting_resource_queue_id, earlier_start_date_because_of_gantt, earliest_end_date_because_of_gantt, creation_timestamp, start_date, start_hour, end_date, end_hour) FROM stdin;
\.


--
-- Data for Name: line_field; Type: TABLE DATA; Schema: public; Owner: naval
--

COPY line_field (heading_id, fieldname, length, positionnumber) FROM stdin;
\.


--
-- Data for Name: machine; Type: TABLE DATA; Schema: public; Owner: naval
--

COPY machine (machine_id, name, description) FROM stdin;
\.


--
-- Data for Name: machine_configuration_unit_required_criterions; Type: TABLE DATA; Schema: public; Owner: naval
--

COPY machine_configuration_unit_required_criterions (id, criterion_id) FROM stdin;
\.


--
-- Data for Name: machineworkerassignment; Type: TABLE DATA; Schema: public; Owner: naval
--

COPY machineworkerassignment (id, version, startdate, finishdate, configuration_id, worker_id) FROM stdin;
\.


--
-- Data for Name: machineworkersconfigurationunit; Type: TABLE DATA; Schema: public; Owner: naval
--

COPY machineworkersconfigurationunit (id, version, name, alpha, machine) FROM stdin;
\.


--
-- Data for Name: material; Type: TABLE DATA; Schema: public; Owner: naval
--

COPY material (id, version, code, description, default_unit_price, unit_type, disabled, category_id) FROM stdin;
\.


--
-- Data for Name: material_assigment; Type: TABLE DATA; Schema: public; Owner: naval
--

COPY material_assigment (id, version, units, unit_price, material_id, estimated_availability, status, order_element_id) FROM stdin;
\.


--
-- Data for Name: material_assigment_template; Type: TABLE DATA; Schema: public; Owner: naval
--

COPY material_assigment_template (id, version, units, unit_price, material_id, order_element_template_id) FROM stdin;
\.


--
-- Data for Name: material_category; Type: TABLE DATA; Schema: public; Owner: naval
--

COPY material_category (id, version, code, name, generatecode, parent_id) FROM stdin;
808	1	84016a0a-ea5c-40cf-a438-e6dbb66507ad	Imported materials without category	f	\N
\.


--
-- Data for Name: naval_profile; Type: TABLE DATA; Schema: public; Owner: naval
--

COPY naval_profile (id, version, profilename) FROM stdin;
\.


--
-- Data for Name: naval_user; Type: TABLE DATA; Schema: public; Owner: naval
--

COPY naval_user (id, version, loginname, password, email, disabled, lastconnectedscenario) FROM stdin;
1111	4	user	c35c71570b3f45bb21a588107e7cb946b3c50bf2cd9e885d3876de669a73df1133aabe8b69d24db37837c6f26f9e7bc35dc34ee04c8f9a51d53ed7d82859f80e	\N	f	\N
1112	3	admin	e02a1a8809e830cf7b7c875e43c16e684ed02a818c7ac25aeadd515432f908ea041447720c194d6b0ec19a1c3dd97f7b378efaab4dd8efd46de568adf3f44c9a	\N	f	\N
1113	2	wsreader	9134100ea9446b87a04cda86febe02900e53ca5af2f5b9422c5120bc3291079a7de3ea91ec72e944167e3fbcb97d35a2a904ee66bacf3727a67f7e5bf9fdaadc	\N	f	\N
1114	1	wswriter	a3d23705b1bb5ededfc890707b8e3331760206a6ceb213469fdf320dbe889170c2da17106005c5d057c51462621d7d77f33e005e6b9f1cddec6fa8c9b7a66eb8	\N	f	\N
\.


--
-- Data for Name: order_authorization; Type: TABLE DATA; Schema: public; Owner: naval
--

COPY order_authorization (id, order_authorization_subclass, version, authorizationtype, order_id, user_id, profile_id) FROM stdin;
2121	USER	6	WRITE_AUTHORIZATION	1423	1112	\N
7575	USER	3	WRITE_AUTHORIZATION	7085	1112	\N
\.


--
-- Data for Name: order_element_label; Type: TABLE DATA; Schema: public; Owner: naval
--

COPY order_element_label (order_element_id, label_id) FROM stdin;
\.


--
-- Data for Name: order_element_template_label; Type: TABLE DATA; Schema: public; Owner: naval
--

COPY order_element_template_label (order_element_template_id, label_id) FROM stdin;
\.


--
-- Data for Name: order_element_template_quality_form; Type: TABLE DATA; Schema: public; Owner: naval
--

COPY order_element_template_quality_form (order_element_template_id, quality_form_id) FROM stdin;
\.


--
-- Data for Name: order_table; Type: TABLE DATA; Schema: public; Owner: naval
--

COPY order_table (orderelementid, responsible, dependenciesconstraintshavepriority, codeautogenerated, lastorderelementsequencecode, workbudget, materialsbudget, totalhours, customerreference, externalcode, state, customer, base_calendar_id) FROM stdin;
1423	\N	\N	t	13	0.00	0.00	1130	\N	\N	0	\N	1
7085	\N	\N	t	7	0.00	0.00	515	\N	\N	0	\N	1
\.


--
-- Data for Name: orderelement; Type: TABLE DATA; Schema: public; Owner: naval
--

COPY orderelement (id, version, name, description, code, initdate, deadline, lastadvancemeausurementforspreading, dirtylastadvancemeasurementforspreading, parent, template, externalcode, sum_charged_hours_id, positionincontainer) FROM stdin;
7089	7	Order group 2	\N	PREFIX-00002-00002	\N	\N	0.00	f	7085	\N	\N	7190	1
7085	8	Order 2	\N	PREFIX-00002	2010-11-11 12:37:28.345	\N	0.00	f	\N	\N	\N	7186	\N
7086	7	Order group 1	\N	PREFIX-00002-00001	\N	\N	0.00	f	7085	\N	\N	7187	0
4752	3	Order element 3	\N	PREFIX-00001-00013	\N	\N	0.00	f	1423	\N	\N	4853	1
1423	16	Order 1	\N	PREFIX-00001	2010-11-08 16:57:43.255	\N	0.00	f	\N	\N	\N	1524	\N
4749	4	Order element 1	\N	PREFIX-00001-00012	\N	\N	0.00	f	1423	\N	\N	4850	0
1425	12	Order element 2	\N	PREFIX-00001-00002	\N	\N	0.00	f	4749	\N	\N	1526	0
1424	12	Order element 1	\N	PREFIX-00001-00001	\N	\N	0.00	f	4749	\N	\N	1525	1
2739	7	Order element 6	\N	PREFIX-00001-00006	\N	\N	0.00	f	4749	\N	\N	2864	2
2740	7	Order element 7	\N	PREFIX-00001-00007	\N	\N	0.00	f	1423	\N	\N	2865	2
2741	7	Order element 8	\N	PREFIX-00001-00008	\N	\N	0.00	f	1423	\N	\N	2866	3
2742	7	Order element 9	\N	PREFIX-00001-00009	\N	\N	0.00	f	1423	\N	\N	2867	4
2743	7	Order element 10	\N	PREFIX-00001-00010	\N	\N	0.00	f	1423	\N	\N	2868	5
2744	7	Order element 11	\N	PREFIX-00001-00011	\N	\N	0.00	f	1423	\N	\N	2869	6
7087	7	Order element 11	\N	PREFIX-00002-00003	\N	\N	0.00	f	7086	\N	\N	7188	0
7088	7	Order element 12	\N	PREFIX-00002-00004	\N	\N	0.00	f	7086	\N	\N	7189	1
7094	3	Order element 3	\N	PREFIX-00002-00007	\N	\N	0.00	f	7085	\N	\N	7195	2
7090	7	Order element 21	\N	PREFIX-00002-00005	\N	\N	0.00	f	7089	\N	\N	7191	0
7091	7	Order element 22	\N	PREFIX-00002-00006	\N	\N	0.00	f	7089	\N	\N	7192	1
1431	9	Order element 4	\N	PREFIX-00001-00004	\N	\N	0.00	f	4752	\N	\N	1532	0
1426	12	Order element 3 (copy)	\N	PREFIX-00001-00003	\N	\N	0.00	f	4752	\N	\N	1527	1
1432	9	Order element 5	\N	PREFIX-00001-00005	\N	\N	0.00	f	4752	\N	\N	1533	2
\.


--
-- Data for Name: orderelementtemplate; Type: TABLE DATA; Schema: public; Owner: naval
--

COPY orderelementtemplate (id, version, name, description, code, startasdaysfrombeginning, deadlineasdaysfrombeginning, schedulingstatetype, parent, positionincontainer) FROM stdin;
\.


--
-- Data for Name: orderline; Type: TABLE DATA; Schema: public; Owner: naval
--

COPY orderline (orderelementid, lasthoursgroupsequencecode) FROM stdin;
1425	1
1424	1
2739	1
2740	1
2741	1
2742	1
2743	1
2744	1
1431	1
1426	1
1432	1
7087	1
7088	1
7094	1
7090	1
7091	1
\.


--
-- Data for Name: orderlinegroup; Type: TABLE DATA; Schema: public; Owner: naval
--

COPY orderlinegroup (orderelementid) FROM stdin;
1423
4749
4752
7085
7086
7089
\.


--
-- Data for Name: orderlinegrouptemplate; Type: TABLE DATA; Schema: public; Owner: naval
--

COPY orderlinegrouptemplate (group_template_id) FROM stdin;
\.


--
-- Data for Name: orderlinetemplate; Type: TABLE DATA; Schema: public; Owner: naval
--

COPY orderlinetemplate (order_line_template_id, lasthoursgroupsequencecode) FROM stdin;
\.


--
-- Data for Name: ordersequence; Type: TABLE DATA; Schema: public; Owner: naval
--

COPY ordersequence (id, version, prefix, lastvalue, numberofdigits, active) FROM stdin;
303	9	PREFIX	2	5	t
\.


--
-- Data for Name: ordertemplate; Type: TABLE DATA; Schema: public; Owner: naval
--

COPY ordertemplate (order_template_id, base_calendar_id) FROM stdin;
\.


--
-- Data for Name: orderversion; Type: TABLE DATA; Schema: public; Owner: naval
--

COPY orderversion (id, version, modificationbyownertimestamp, ownerscenario) FROM stdin;
1720	17	2010-11-11 11:57:11.454	909
7376	8	2010-11-11 12:41:37.14	909
\.


--
-- Data for Name: profile_roles; Type: TABLE DATA; Schema: public; Owner: naval
--

COPY profile_roles (profileid, elt) FROM stdin;
\.


--
-- Data for Name: quality_form; Type: TABLE DATA; Schema: public; Owner: naval
--

COPY quality_form (id, version, name, description, qualityformtype, reportadvance, advance_type_id) FROM stdin;
\.


--
-- Data for Name: quality_form_items; Type: TABLE DATA; Schema: public; Owner: naval
--

COPY quality_form_items (quality_form_id, name, percentage, "position", idx) FROM stdin;
\.


--
-- Data for Name: resource; Type: TABLE DATA; Schema: public; Owner: naval
--

COPY resource (id, version, code, generatecode, limited_resource, base_calendar_id) FROM stdin;
1213	1	96961265-2b21-49ea-ae97-967b78f725a1	t	f	2
\.


--
-- Data for Name: resourceallocation; Type: TABLE DATA; Schema: public; Owner: naval
--

COPY resourceallocation (id, version, resourcesperday, intended_total_hours, originaltotalassignment, task, assignment_function) FROM stdin;
3434	0	1.00	\N	80	3232	\N
3435	0	1.00	\N	70	3237	\N
3436	0	1.00	\N	110	3236	\N
3437	0	1.00	\N	200	3234	\N
3438	0	1.00	\N	90	3235	\N
3439	0	1.00	\N	130	3233	\N
2326	3	1.00	\N	50	2024	\N
2325	4	1.00	\N	100	2022	\N
2327	3	1.00	\N	75	2025	\N
2323	4	1.00	\N	150	2021	\N
2324	4	1.00	\N	75	2020	\N
5563	0	1.00	\N	200	5154	\N
5564	0	1.00	\N	90	5155	\N
5565	0	1.00	\N	130	5153	\N
5566	0	1.00	\N	70	5157	\N
5567	0	1.00	\N	80	5152	\N
5568	0	1.00	\N	110	5156	\N
7981	1	1.00	\N	150	7780	\N
7982	1	1.00	\N	90	7781	\N
7983	1	1.00	\N	100	7777	\N
7984	1	1.00	\N	75	7778	\N
7985	0	1.00	\N	100	7784	\N
\.


--
-- Data for Name: resourcecalendar; Type: TABLE DATA; Schema: public; Owner: naval
--

COPY resourcecalendar (base_calendar_id, capacity) FROM stdin;
2	1
\.


--
-- Data for Name: resources_cost_category_assignment; Type: TABLE DATA; Schema: public; Owner: naval
--

COPY resources_cost_category_assignment (id, version, code, initdate, enddate, cost_category_id, resource_id) FROM stdin;
\.


--
-- Data for Name: scenario; Type: TABLE DATA; Schema: public; Owner: naval
--

COPY scenario (id, version, name, description, lastnotownedreassignationstimestamp, predecessor) FROM stdin;
909	0	master	\N	\N	\N
\.


--
-- Data for Name: scenario_orders; Type: TABLE DATA; Schema: public; Owner: naval
--

COPY scenario_orders (order_id, order_version_id, scenario_id) FROM stdin;
1423	1720	909
7085	7376	909
\.


--
-- Data for Name: scheduling_states_by_order_version; Type: TABLE DATA; Schema: public; Owner: naval
--

COPY scheduling_states_by_order_version (order_element_id, scheduling_state_for_version_id, order_version_id) FROM stdin;
1423	1625	1720
1424	1626	1720
1425	1627	1720
1426	1628	1720
1431	1633	1720
1432	1634	1720
2739	2941	1720
2740	2942	1720
2741	2943	1720
2742	2944	1720
2743	2945	1720
2744	2946	1720
4749	4951	1720
4752	4954	1720
7085	7287	7376
7086	7288	7376
7087	7289	7376
7088	7290	7376
7089	7291	7376
7090	7292	7376
7091	7293	7376
7094	7296	7376
\.


--
-- Data for Name: schedulingdataforversion; Type: TABLE DATA; Schema: public; Owner: naval
--

COPY schedulingdataforversion (id, version, schedulingstatetype, order_element_id) FROM stdin;
7287	7	3	7085
1625	12	3	1423
4951	4	3	4749
1627	12	0	1425
1626	12	0	1424
2941	6	0	2739
2965	2	0	2739
2966	2	0	2740
2967	2	0	2741
2968	2	0	2742
2969	2	0	2743
2970	2	0	2744
2942	6	0	2740
2943	6	0	2741
2944	6	0	2742
2945	6	0	2743
2946	6	0	2744
4954	3	3	4752
1633	9	0	1431
1628	12	0	1426
1634	9	0	1432
7288	7	3	7086
7289	7	0	7087
7290	7	0	7088
7296	3	0	7094
7291	7	3	7089
7292	7	0	7090
7293	7	0	7091
\.


--
-- Data for Name: specific_resource_allocation; Type: TABLE DATA; Schema: public; Owner: naval
--

COPY specific_resource_allocation (resource_allocation_id, resource) FROM stdin;
\.


--
-- Data for Name: specificdayassignmentscontainer; Type: TABLE DATA; Schema: public; Owner: naval
--

COPY specificdayassignmentscontainer (id, version, resource_allocation_id, scenario, startdate, durationstartinfirstday, enddate, durationinlastday) FROM stdin;
\.


--
-- Data for Name: stretches; Type: TABLE DATA; Schema: public; Owner: naval
--

COPY stretches (assignment_function_id, date, lengthpercentage, amountworkpercentage, stretch_position) FROM stdin;
\.


--
-- Data for Name: stretchesfunction; Type: TABLE DATA; Schema: public; Owner: naval
--

COPY stretchesfunction (assignment_function_id, type) FROM stdin;
\.


--
-- Data for Name: subcontractedtaskdata; Type: TABLE DATA; Schema: public; Owner: naval
--

COPY subcontractedtaskdata (id, version, externalcompany, subcontratationdate, subcontractcommunicationdate, workdescription, subcontractprice, subcontractedcode, nodewithoutchildrenexported, labelsexported, materialassignmentsexported, hoursgroupsexported, state) FROM stdin;
\.


--
-- Data for Name: sumchargedhours; Type: TABLE DATA; Schema: public; Owner: naval
--

COPY sumchargedhours (id, version, directchargedhours, indirectchargedhours) FROM stdin;
2840	2	0	0
2841	2	0	0
2842	2	0	0
2843	2	0	0
2844	2	0	0
2845	2	0	0
7186	6	0	0
7187	6	0	0
1524	12	0	0
4850	4	0	0
1526	12	0	0
1525	12	0	0
2864	6	0	0
7188	6	0	0
7189	6	0	0
7195	3	0	0
7190	6	0	0
7191	6	0	0
7192	6	0	0
2865	6	0	0
2866	6	0	0
2867	6	0	0
2868	6	0	0
2869	6	0	0
4853	3	0	0
1532	9	0	0
1527	12	0	0
1533	9	0	0
\.


--
-- Data for Name: task; Type: TABLE DATA; Schema: public; Owner: naval
--

COPY task (task_element_id, calculatedvalue, startconstrainttype, constraintdate, subcontrated_task_data_id, priority) FROM stdin;
2024	1	0	\N	\N	\N
2022	1	0	\N	\N	\N
2025	1	0	\N	\N	\N
5154	1	0	\N	\N	\N
5155	1	0	\N	\N	\N
5153	1	0	\N	\N	\N
5157	1	0	\N	\N	\N
2021	1	0	\N	\N	\N
2020	1	0	\N	\N	\N
5152	1	0	\N	\N	\N
5156	1	0	\N	\N	\N
7780	1	0	\N	\N	\N
7781	1	0	\N	\N	\N
7777	1	0	\N	\N	\N
7778	1	0	\N	\N	\N
7784	1	0	\N	\N	\N
3232	1	0	\N	\N	\N
3233	1	0	\N	\N	\N
3234	1	0	\N	\N	\N
3235	1	0	\N	\N	\N
3236	1	0	\N	\N	\N
3237	1	0	\N	\N	\N
\.


--
-- Data for Name: task_quality_form; Type: TABLE DATA; Schema: public; Owner: naval
--

COPY task_quality_form (id, version, quality_form_id, order_element_id, reportadvance) FROM stdin;
\.


--
-- Data for Name: task_quality_form_items; Type: TABLE DATA; Schema: public; Owner: naval
--

COPY task_quality_form_items (task_quality_form_id, name, percentage, "position", passed, date, idx) FROM stdin;
\.


--
-- Data for Name: task_source_hours_groups; Type: TABLE DATA; Schema: public; Owner: naval
--

COPY task_source_hours_groups (task_source_id, hours_group_id) FROM stdin;
3232	3042
3233	3043
3234	3044
3235	3045
3236	3046
3237	3047
2021	1825
2020	1824
5152	3042
2024	1831
2022	1826
2025	1832
5153	3043
5154	3044
5155	3045
5156	3046
5157	3047
7777	7482
7778	7483
7780	7484
7781	7485
7784	7488
\.


--
-- Data for Name: taskelement; Type: TABLE DATA; Schema: public; Owner: naval
--

COPY taskelement (id, version, name, notes, startdate, startdayduration, enddate, enddayduration, deadline, advance_percentage, sumofhoursallocated, parent, base_calendar_id, positioninparent) FROM stdin;
2024	9	Order element 4	\N	2010-12-16	21600	2010-12-25	0	\N	0.0000	50	5158	\N	0
2022	12	Order element 3 (copy)	\N	2010-12-16	21600	2011-01-04	7200	\N	0.0000	100	5158	\N	1
2025	9	Order element 5	\N	2011-01-04	7200	2011-01-17	18000	\N	0.0000	75	5158	\N	2
5151	4	Order element 1	\N	2010-11-08	0	2010-12-16	21600	\N	0.0000	305	2023	\N	0
2023	16	Order 1	\N	2010-11-08	0	2011-02-26	0	\N	0.0000	1130	\N	\N	\N
7782	5	Order group 2	\N	2010-11-29	14400	2010-12-24	7200	\N	0.0000	240	7783	\N	1
7780	4	Order element 21	\N	2010-11-29	14400	2010-12-24	7200	\N	0.0000	150	7782	\N	0
7781	4	Order element 22	\N	2010-11-29	14400	2010-12-14	21600	\N	0.0000	90	7782	\N	1
7779	5	Order group 1	\N	2010-11-11	0	2010-11-29	14400	\N	0.0000	175	7783	\N	0
7777	4	Order element 11	\N	2010-11-11	0	2010-11-29	14400	\N	0.0000	100	7779	\N	0
7778	4	Order element 12	\N	2010-11-11	0	2010-11-24	10800	\N	0.0000	75	7779	\N	1
7783	5	Order 2	\N	2010-11-11	0	2010-12-31	0	\N	0.0000	515	\N	\N	\N
3232	4	Order element 6	\N	2010-12-24	10800	2011-01-07	10800	\N	0.0000	80	\N	\N	\N
3233	4	Order element 7	\N	2011-01-07	10800	2011-01-31	18000	\N	0.0000	130	\N	\N	\N
3234	4	Order element 8	\N	2011-01-31	18000	2011-03-07	18000	\N	0.0000	200	\N	\N	\N
3235	4	Order element 9	\N	2011-03-07	18000	2011-03-22	25200	\N	0.0000	90	\N	\N	\N
3236	4	Order element 10	\N	2011-01-31	18000	2011-02-18	10800	\N	0.0000	110	\N	\N	\N
3237	4	Order element 11	\N	2011-03-22	25200	2011-04-04	18000	\N	0.0000	70	\N	\N	\N
5158	2	Order element 3	\N	2010-12-16	21600	2011-01-17	18000	\N	0.0000	225	2023	\N	1
5154	3	Order element 8	\N	2011-01-04	7200	2011-02-08	7200	\N	0.0000	200	2023	\N	3
5155	3	Order element 9	\N	2011-01-08	0	2011-01-25	7200	\N	0.0000	90	2023	\N	4
5153	3	Order element 7	\N	2010-12-16	21600	2011-01-08	0	\N	0.0000	130	2023	\N	2
5157	3	Order element 11	\N	2011-01-25	7200	2011-02-05	0	\N	0.0000	70	2023	\N	6
2021	12	Order element 2	\N	2010-11-08	0	2010-12-02	21600	\N	0.0000	150	5151	\N	0
2020	12	Order element 1	\N	2010-12-02	21600	2010-12-16	3600	\N	0.0000	75	5151	\N	1
5152	4	Order element 6	\N	2010-12-02	21600	2010-12-16	21600	\N	0.0000	80	5151	\N	2
5156	3	Order element 10	\N	2011-02-08	7200	2011-02-26	0	\N	0.0000	110	2023	\N	5
7784	2	Order element 3	\N	2010-12-14	21600	2010-12-31	7200	\N	0.0000	100	7783	\N	2
\.


--
-- Data for Name: taskgroup; Type: TABLE DATA; Schema: public; Owner: naval
--

COPY taskgroup (task_element_id) FROM stdin;
2023
5151
5158
7779
7782
7783
\.


--
-- Data for Name: taskmilestone; Type: TABLE DATA; Schema: public; Owner: naval
--

COPY taskmilestone (task_element_id, startconstrainttype, constraintdate) FROM stdin;
\.


--
-- Data for Name: tasksource; Type: TABLE DATA; Schema: public; Owner: naval
--

COPY tasksource (id, version, schedulingdata) FROM stdin;
5151	2	4951
2023	6	1625
2021	11	1627
2020	11	1626
3232	3	2965
3233	3	2966
3234	3	2967
3235	3	2968
3236	3	2969
3237	3	2970
5152	3	2941
2024	9	1633
2022	11	1628
2025	9	1634
5153	3	2942
5154	3	2943
5155	3	2944
5156	3	2945
5157	3	2946
5158	1	4954
7779	2	7288
7782	2	7291
7783	2	7287
7777	3	7289
7778	3	7290
7780	3	7292
7781	3	7293
7784	1	7296
\.


--
-- Data for Name: type_of_work_hours; Type: TABLE DATA; Schema: public; Owner: naval
--

COPY type_of_work_hours (id, version, name, code, defaultprice, enabled, generatecode) FROM stdin;
\.


--
-- Data for Name: unit_type; Type: TABLE DATA; Schema: public; Owner: naval
--

COPY unit_type (id, version, code, measure, generatecode) FROM stdin;
707	1	00ec5c9c-f75e-47ed-b82b-96b22937fd79	units	f
708	1	2a05cdc9-386b-49db-ad7a-5cfdee7d15b8	kg	f
709	1	9d120c23-ca31-42fb-bfcd-f255274e6c6d	km	f
710	1	3740c2d7-a524-4eb6-8262-4131544e75c4	l	f
711	1	0788bc40-d055-4ecf-b311-f9cfb10198f7	m	f
712	1	91cb9001-20ea-4d3c-a134-6a4bb69db8b1	m2	f
713	1	c76560b7-21c6-457f-8022-0bf54c146226	m3	f
714	1	e7fc61ab-1ce3-407c-81e2-bc2083336b85	tn	f
\.


--
-- Data for Name: user_profiles; Type: TABLE DATA; Schema: public; Owner: naval
--

COPY user_profiles (user_id, profile_id) FROM stdin;
\.


--
-- Data for Name: user_roles; Type: TABLE DATA; Schema: public; Owner: naval
--

COPY user_roles (userid, elt) FROM stdin;
1112	ROLE_READ_ALL_ORDERS
1112	ROLE_CREATE_ORDER
1112	ROLE_EDIT_ALL_ORDERS
1112	ROLE_ADMINISTRATION
1113	ROLE_WS_READER
1114	ROLE_WS_READER
1114	ROLE_WS_WRITER
\.


--
-- Data for Name: virtualworker; Type: TABLE DATA; Schema: public; Owner: naval
--

COPY virtualworker (virtualworker_id, observations) FROM stdin;
\.


--
-- Data for Name: work_report; Type: TABLE DATA; Schema: public; Owner: naval
--

COPY work_report (id, version, code, date, generatecode, work_report_type_id, resource_id, order_element_id) FROM stdin;
\.


--
-- Data for Name: work_report_label_type_assigment; Type: TABLE DATA; Schema: public; Owner: naval
--

COPY work_report_label_type_assigment (id, version, labelssharedbylines, positionnumber, label_type_id, label_id, work_report_type_id) FROM stdin;
\.


--
-- Data for Name: work_report_line; Type: TABLE DATA; Schema: public; Owner: naval
--

COPY work_report_line (id, version, code, numhours, date, clockstart, clockfinish, work_report_id, resource_id, order_element_id, type_work_hours_id) FROM stdin;
\.


--
-- Data for Name: work_report_type; Type: TABLE DATA; Schema: public; Owner: naval
--

COPY work_report_type (id, version, name, code, dateissharedbylines, resourceissharedinlines, orderelementissharedinlines, hoursmanagement) FROM stdin;
\.


--
-- Data for Name: worker; Type: TABLE DATA; Schema: public; Owner: naval
--

COPY worker (worker_id, firstname, surname, nif) FROM stdin;
1213	Diego	Pino Garca	36143135S
\.


--
-- Data for Name: workreports_labels; Type: TABLE DATA; Schema: public; Owner: naval
--

COPY workreports_labels (work_report_id, label_id) FROM stdin;
\.


--
-- Data for Name: workreportslines_labels; Type: TABLE DATA; Schema: public; Owner: naval
--

COPY workreportslines_labels (work_report_line_id, label_id) FROM stdin;
\.


--
-- Name: advanceassignment_pkey; Type: CONSTRAINT; Schema: public; Owner: naval; Tablespace: 
--

ALTER TABLE ONLY advanceassignment
    ADD CONSTRAINT advanceassignment_pkey PRIMARY KEY (id);


--
-- Name: advanceassignmenttemplate_pkey; Type: CONSTRAINT; Schema: public; Owner: naval; Tablespace: 
--

ALTER TABLE ONLY advanceassignmenttemplate
    ADD CONSTRAINT advanceassignmenttemplate_pkey PRIMARY KEY (id);


--
-- Name: advancemeasurement_pkey; Type: CONSTRAINT; Schema: public; Owner: naval; Tablespace: 
--

ALTER TABLE ONLY advancemeasurement
    ADD CONSTRAINT advancemeasurement_pkey PRIMARY KEY (id);


--
-- Name: advancetype_pkey; Type: CONSTRAINT; Schema: public; Owner: naval; Tablespace: 
--

ALTER TABLE ONLY advancetype
    ADD CONSTRAINT advancetype_pkey PRIMARY KEY (id);


--
-- Name: advancetype_unitname_key; Type: CONSTRAINT; Schema: public; Owner: naval; Tablespace: 
--

ALTER TABLE ONLY advancetype
    ADD CONSTRAINT advancetype_unitname_key UNIQUE (unitname);


--
-- Name: all_criterions_pkey; Type: CONSTRAINT; Schema: public; Owner: naval; Tablespace: 
--

ALTER TABLE ONLY all_criterions
    ADD CONSTRAINT all_criterions_pkey PRIMARY KEY (generic_resource_allocation_id, criterion_id);


--
-- Name: assignment_function_pkey; Type: CONSTRAINT; Schema: public; Owner: naval; Tablespace: 
--

ALTER TABLE ONLY assignment_function
    ADD CONSTRAINT assignment_function_pkey PRIMARY KEY (id);


--
-- Name: basecalendar_code_key; Type: CONSTRAINT; Schema: public; Owner: naval; Tablespace: 
--

ALTER TABLE ONLY basecalendar
    ADD CONSTRAINT basecalendar_code_key UNIQUE (code);


--
-- Name: basecalendar_pkey; Type: CONSTRAINT; Schema: public; Owner: naval; Tablespace: 
--

ALTER TABLE ONLY basecalendar
    ADD CONSTRAINT basecalendar_pkey PRIMARY KEY (id);


--
-- Name: calendaravailability_pkey; Type: CONSTRAINT; Schema: public; Owner: naval; Tablespace: 
--

ALTER TABLE ONLY calendaravailability
    ADD CONSTRAINT calendaravailability_pkey PRIMARY KEY (id);


--
-- Name: calendardata_code_key; Type: CONSTRAINT; Schema: public; Owner: naval; Tablespace: 
--

ALTER TABLE ONLY calendardata
    ADD CONSTRAINT calendardata_code_key UNIQUE (code);


--
-- Name: calendardata_pkey; Type: CONSTRAINT; Schema: public; Owner: naval; Tablespace: 
--

ALTER TABLE ONLY calendardata
    ADD CONSTRAINT calendardata_pkey PRIMARY KEY (id);


--
-- Name: calendarexception_code_key; Type: CONSTRAINT; Schema: public; Owner: naval; Tablespace: 
--

ALTER TABLE ONLY calendarexception
    ADD CONSTRAINT calendarexception_code_key UNIQUE (code);


--
-- Name: calendarexception_pkey; Type: CONSTRAINT; Schema: public; Owner: naval; Tablespace: 
--

ALTER TABLE ONLY calendarexception
    ADD CONSTRAINT calendarexception_pkey PRIMARY KEY (id);


--
-- Name: calendarexceptiontype_code_key; Type: CONSTRAINT; Schema: public; Owner: naval; Tablespace: 
--

ALTER TABLE ONLY calendarexceptiontype
    ADD CONSTRAINT calendarexceptiontype_code_key UNIQUE (code);


--
-- Name: calendarexceptiontype_name_key; Type: CONSTRAINT; Schema: public; Owner: naval; Tablespace: 
--

ALTER TABLE ONLY calendarexceptiontype
    ADD CONSTRAINT calendarexceptiontype_name_key UNIQUE (name);


--
-- Name: calendarexceptiontype_pkey; Type: CONSTRAINT; Schema: public; Owner: naval; Tablespace: 
--

ALTER TABLE ONLY calendarexceptiontype
    ADD CONSTRAINT calendarexceptiontype_pkey PRIMARY KEY (id);


--
-- Name: configuration_pkey; Type: CONSTRAINT; Schema: public; Owner: naval; Tablespace: 
--

ALTER TABLE ONLY configuration
    ADD CONSTRAINT configuration_pkey PRIMARY KEY (id);


--
-- Name: consolidatedvalue_pkey; Type: CONSTRAINT; Schema: public; Owner: naval; Tablespace: 
--

ALTER TABLE ONLY consolidatedvalue
    ADD CONSTRAINT consolidatedvalue_pkey PRIMARY KEY (id);


--
-- Name: consolidation_pkey; Type: CONSTRAINT; Schema: public; Owner: naval; Tablespace: 
--

ALTER TABLE ONLY consolidation
    ADD CONSTRAINT consolidation_pkey PRIMARY KEY (id);


--
-- Name: cost_category_code_key; Type: CONSTRAINT; Schema: public; Owner: naval; Tablespace: 
--

ALTER TABLE ONLY cost_category
    ADD CONSTRAINT cost_category_code_key UNIQUE (code);


--
-- Name: cost_category_name_key; Type: CONSTRAINT; Schema: public; Owner: naval; Tablespace: 
--

ALTER TABLE ONLY cost_category
    ADD CONSTRAINT cost_category_name_key UNIQUE (name);


--
-- Name: cost_category_pkey; Type: CONSTRAINT; Schema: public; Owner: naval; Tablespace: 
--

ALTER TABLE ONLY cost_category
    ADD CONSTRAINT cost_category_pkey PRIMARY KEY (id);


--
-- Name: criterion_code_key; Type: CONSTRAINT; Schema: public; Owner: naval; Tablespace: 
--

ALTER TABLE ONLY criterion
    ADD CONSTRAINT criterion_code_key UNIQUE (code);


--
-- Name: criterion_name_key; Type: CONSTRAINT; Schema: public; Owner: naval; Tablespace: 
--

ALTER TABLE ONLY criterion
    ADD CONSTRAINT criterion_name_key UNIQUE (name, id_criterion_type);


--
-- Name: criterion_pkey; Type: CONSTRAINT; Schema: public; Owner: naval; Tablespace: 
--

ALTER TABLE ONLY criterion
    ADD CONSTRAINT criterion_pkey PRIMARY KEY (id);


--
-- Name: criterionrequirement_pkey; Type: CONSTRAINT; Schema: public; Owner: naval; Tablespace: 
--

ALTER TABLE ONLY criterionrequirement
    ADD CONSTRAINT criterionrequirement_pkey PRIMARY KEY (id);


--
-- Name: criterionsatisfaction_code_key; Type: CONSTRAINT; Schema: public; Owner: naval; Tablespace: 
--

ALTER TABLE ONLY criterionsatisfaction
    ADD CONSTRAINT criterionsatisfaction_code_key UNIQUE (code);


--
-- Name: criterionsatisfaction_pkey; Type: CONSTRAINT; Schema: public; Owner: naval; Tablespace: 
--

ALTER TABLE ONLY criterionsatisfaction
    ADD CONSTRAINT criterionsatisfaction_pkey PRIMARY KEY (id);


--
-- Name: criteriontype_code_key; Type: CONSTRAINT; Schema: public; Owner: naval; Tablespace: 
--

ALTER TABLE ONLY criteriontype
    ADD CONSTRAINT criteriontype_code_key UNIQUE (code);


--
-- Name: criteriontype_name_key; Type: CONSTRAINT; Schema: public; Owner: naval; Tablespace: 
--

ALTER TABLE ONLY criteriontype
    ADD CONSTRAINT criteriontype_name_key UNIQUE (name);


--
-- Name: criteriontype_pkey; Type: CONSTRAINT; Schema: public; Owner: naval; Tablespace: 
--

ALTER TABLE ONLY criteriontype
    ADD CONSTRAINT criteriontype_pkey PRIMARY KEY (id);


--
-- Name: day_assignment_pkey; Type: CONSTRAINT; Schema: public; Owner: naval; Tablespace: 
--

ALTER TABLE ONLY day_assignment
    ADD CONSTRAINT day_assignment_pkey PRIMARY KEY (id);


--
-- Name: dependency_pkey; Type: CONSTRAINT; Schema: public; Owner: naval; Tablespace: 
--

ALTER TABLE ONLY dependency
    ADD CONSTRAINT dependency_pkey PRIMARY KEY (id);


--
-- Name: derivedallocation_pkey; Type: CONSTRAINT; Schema: public; Owner: naval; Tablespace: 
--

ALTER TABLE ONLY derivedallocation
    ADD CONSTRAINT derivedallocation_pkey PRIMARY KEY (id);


--
-- Name: deriveddayassignmentscontainer_pkey; Type: CONSTRAINT; Schema: public; Owner: naval; Tablespace: 
--

ALTER TABLE ONLY deriveddayassignmentscontainer
    ADD CONSTRAINT deriveddayassignmentscontainer_pkey PRIMARY KEY (id);


--
-- Name: directadvanceassignment_pkey; Type: CONSTRAINT; Schema: public; Owner: naval; Tablespace: 
--

ALTER TABLE ONLY directadvanceassignment
    ADD CONSTRAINT directadvanceassignment_pkey PRIMARY KEY (advance_assignment_id);


--
-- Name: effortperday_pkey; Type: CONSTRAINT; Schema: public; Owner: naval; Tablespace: 
--

ALTER TABLE ONLY effortperday
    ADD CONSTRAINT effortperday_pkey PRIMARY KEY (base_calendar_id, day_id);


--
-- Name: external_company_name_key; Type: CONSTRAINT; Schema: public; Owner: naval; Tablespace: 
--

ALTER TABLE ONLY external_company
    ADD CONSTRAINT external_company_name_key UNIQUE (name);


--
-- Name: external_company_nif_key; Type: CONSTRAINT; Schema: public; Owner: naval; Tablespace: 
--

ALTER TABLE ONLY external_company
    ADD CONSTRAINT external_company_nif_key UNIQUE (nif);


--
-- Name: external_company_pkey; Type: CONSTRAINT; Schema: public; Owner: naval; Tablespace: 
--

ALTER TABLE ONLY external_company
    ADD CONSTRAINT external_company_pkey PRIMARY KEY (id);


--
-- Name: generic_resource_allocation_pkey; Type: CONSTRAINT; Schema: public; Owner: naval; Tablespace: 
--

ALTER TABLE ONLY generic_resource_allocation
    ADD CONSTRAINT generic_resource_allocation_pkey PRIMARY KEY (resource_allocation_id);


--
-- Name: genericdayassignmentscontainer_pkey; Type: CONSTRAINT; Schema: public; Owner: naval; Tablespace: 
--

ALTER TABLE ONLY genericdayassignmentscontainer
    ADD CONSTRAINT genericdayassignmentscontainer_pkey PRIMARY KEY (id);


--
-- Name: hour_cost_code_key; Type: CONSTRAINT; Schema: public; Owner: naval; Tablespace: 
--

ALTER TABLE ONLY hour_cost
    ADD CONSTRAINT hour_cost_code_key UNIQUE (code);


--
-- Name: hour_cost_pkey; Type: CONSTRAINT; Schema: public; Owner: naval; Tablespace: 
--

ALTER TABLE ONLY hour_cost
    ADD CONSTRAINT hour_cost_pkey PRIMARY KEY (id);


--
-- Name: hoursgroup_code_key; Type: CONSTRAINT; Schema: public; Owner: naval; Tablespace: 
--

ALTER TABLE ONLY hoursgroup
    ADD CONSTRAINT hoursgroup_code_key UNIQUE (code);


--
-- Name: hoursgroup_pkey; Type: CONSTRAINT; Schema: public; Owner: naval; Tablespace: 
--

ALTER TABLE ONLY hoursgroup
    ADD CONSTRAINT hoursgroup_pkey PRIMARY KEY (id);


--
-- Name: indirectadvanceassignment_pkey; Type: CONSTRAINT; Schema: public; Owner: naval; Tablespace: 
--

ALTER TABLE ONLY indirectadvanceassignment
    ADD CONSTRAINT indirectadvanceassignment_pkey PRIMARY KEY (advance_assignment_id);


--
-- Name: label_code_key; Type: CONSTRAINT; Schema: public; Owner: naval; Tablespace: 
--

ALTER TABLE ONLY label
    ADD CONSTRAINT label_code_key UNIQUE (code);


--
-- Name: label_name_key; Type: CONSTRAINT; Schema: public; Owner: naval; Tablespace: 
--

ALTER TABLE ONLY label
    ADD CONSTRAINT label_name_key UNIQUE (name, label_type_id);


--
-- Name: label_pkey; Type: CONSTRAINT; Schema: public; Owner: naval; Tablespace: 
--

ALTER TABLE ONLY label
    ADD CONSTRAINT label_pkey PRIMARY KEY (id);


--
-- Name: label_type_code_key; Type: CONSTRAINT; Schema: public; Owner: naval; Tablespace: 
--

ALTER TABLE ONLY label_type
    ADD CONSTRAINT label_type_code_key UNIQUE (code);


--
-- Name: label_type_name_key; Type: CONSTRAINT; Schema: public; Owner: naval; Tablespace: 
--

ALTER TABLE ONLY label_type
    ADD CONSTRAINT label_type_name_key UNIQUE (name);


--
-- Name: label_type_pkey; Type: CONSTRAINT; Schema: public; Owner: naval; Tablespace: 
--

ALTER TABLE ONLY label_type
    ADD CONSTRAINT label_type_pkey PRIMARY KEY (id);


--
-- Name: limiting_resource_queue_dependency_pkey; Type: CONSTRAINT; Schema: public; Owner: naval; Tablespace: 
--

ALTER TABLE ONLY limiting_resource_queue_dependency
    ADD CONSTRAINT limiting_resource_queue_dependency_pkey PRIMARY KEY (id);


--
-- Name: limiting_resource_queue_element_pkey; Type: CONSTRAINT; Schema: public; Owner: naval; Tablespace: 
--

ALTER TABLE ONLY limiting_resource_queue_element
    ADD CONSTRAINT limiting_resource_queue_element_pkey PRIMARY KEY (id);


--
-- Name: limiting_resource_queue_element_resource_allocation_id_key; Type: CONSTRAINT; Schema: public; Owner: naval; Tablespace: 
--

ALTER TABLE ONLY limiting_resource_queue_element
    ADD CONSTRAINT limiting_resource_queue_element_resource_allocation_id_key UNIQUE (resource_allocation_id);


--
-- Name: limiting_resource_queue_pkey; Type: CONSTRAINT; Schema: public; Owner: naval; Tablespace: 
--

ALTER TABLE ONLY limiting_resource_queue
    ADD CONSTRAINT limiting_resource_queue_pkey PRIMARY KEY (id);


--
-- Name: limiting_resource_queue_resource_id_key; Type: CONSTRAINT; Schema: public; Owner: naval; Tablespace: 
--

ALTER TABLE ONLY limiting_resource_queue
    ADD CONSTRAINT limiting_resource_queue_resource_id_key UNIQUE (resource_id);


--
-- Name: machine_configuration_unit_required_criterions_pkey; Type: CONSTRAINT; Schema: public; Owner: naval; Tablespace: 
--

ALTER TABLE ONLY machine_configuration_unit_required_criterions
    ADD CONSTRAINT machine_configuration_unit_required_criterions_pkey PRIMARY KEY (id, criterion_id);


--
-- Name: machine_pkey; Type: CONSTRAINT; Schema: public; Owner: naval; Tablespace: 
--

ALTER TABLE ONLY machine
    ADD CONSTRAINT machine_pkey PRIMARY KEY (machine_id);


--
-- Name: machineworkerassignment_pkey; Type: CONSTRAINT; Schema: public; Owner: naval; Tablespace: 
--

ALTER TABLE ONLY machineworkerassignment
    ADD CONSTRAINT machineworkerassignment_pkey PRIMARY KEY (id);


--
-- Name: machineworkersconfigurationunit_pkey; Type: CONSTRAINT; Schema: public; Owner: naval; Tablespace: 
--

ALTER TABLE ONLY machineworkersconfigurationunit
    ADD CONSTRAINT machineworkersconfigurationunit_pkey PRIMARY KEY (id);


--
-- Name: material_assigment_pkey; Type: CONSTRAINT; Schema: public; Owner: naval; Tablespace: 
--

ALTER TABLE ONLY material_assigment
    ADD CONSTRAINT material_assigment_pkey PRIMARY KEY (id);


--
-- Name: material_assigment_template_pkey; Type: CONSTRAINT; Schema: public; Owner: naval; Tablespace: 
--

ALTER TABLE ONLY material_assigment_template
    ADD CONSTRAINT material_assigment_template_pkey PRIMARY KEY (id);


--
-- Name: material_category_code_key; Type: CONSTRAINT; Schema: public; Owner: naval; Tablespace: 
--

ALTER TABLE ONLY material_category
    ADD CONSTRAINT material_category_code_key UNIQUE (code);


--
-- Name: material_category_pkey; Type: CONSTRAINT; Schema: public; Owner: naval; Tablespace: 
--

ALTER TABLE ONLY material_category
    ADD CONSTRAINT material_category_pkey PRIMARY KEY (id);


--
-- Name: material_code_key; Type: CONSTRAINT; Schema: public; Owner: naval; Tablespace: 
--

ALTER TABLE ONLY material
    ADD CONSTRAINT material_code_key UNIQUE (code);


--
-- Name: material_pkey; Type: CONSTRAINT; Schema: public; Owner: naval; Tablespace: 
--

ALTER TABLE ONLY material
    ADD CONSTRAINT material_pkey PRIMARY KEY (id);


--
-- Name: naval_profile_pkey; Type: CONSTRAINT; Schema: public; Owner: naval; Tablespace: 
--

ALTER TABLE ONLY naval_profile
    ADD CONSTRAINT naval_profile_pkey PRIMARY KEY (id);


--
-- Name: naval_profile_profilename_key; Type: CONSTRAINT; Schema: public; Owner: naval; Tablespace: 
--

ALTER TABLE ONLY naval_profile
    ADD CONSTRAINT naval_profile_profilename_key UNIQUE (profilename);


--
-- Name: naval_user_loginname_key; Type: CONSTRAINT; Schema: public; Owner: naval; Tablespace: 
--

ALTER TABLE ONLY naval_user
    ADD CONSTRAINT naval_user_loginname_key UNIQUE (loginname);


--
-- Name: naval_user_pkey; Type: CONSTRAINT; Schema: public; Owner: naval; Tablespace: 
--

ALTER TABLE ONLY naval_user
    ADD CONSTRAINT naval_user_pkey PRIMARY KEY (id);


--
-- Name: order_authorization_pkey; Type: CONSTRAINT; Schema: public; Owner: naval; Tablespace: 
--

ALTER TABLE ONLY order_authorization
    ADD CONSTRAINT order_authorization_pkey PRIMARY KEY (id);


--
-- Name: order_element_label_pkey; Type: CONSTRAINT; Schema: public; Owner: naval; Tablespace: 
--

ALTER TABLE ONLY order_element_label
    ADD CONSTRAINT order_element_label_pkey PRIMARY KEY (order_element_id, label_id);


--
-- Name: order_element_template_label_pkey; Type: CONSTRAINT; Schema: public; Owner: naval; Tablespace: 
--

ALTER TABLE ONLY order_element_template_label
    ADD CONSTRAINT order_element_template_label_pkey PRIMARY KEY (order_element_template_id, label_id);


--
-- Name: order_element_template_quality_form_pkey; Type: CONSTRAINT; Schema: public; Owner: naval; Tablespace: 
--

ALTER TABLE ONLY order_element_template_quality_form
    ADD CONSTRAINT order_element_template_quality_form_pkey PRIMARY KEY (order_element_template_id, quality_form_id);


--
-- Name: order_table_pkey; Type: CONSTRAINT; Schema: public; Owner: naval; Tablespace: 
--

ALTER TABLE ONLY order_table
    ADD CONSTRAINT order_table_pkey PRIMARY KEY (orderelementid);


--
-- Name: orderelement_code_key; Type: CONSTRAINT; Schema: public; Owner: naval; Tablespace: 
--

ALTER TABLE ONLY orderelement
    ADD CONSTRAINT orderelement_code_key UNIQUE (code);


--
-- Name: orderelement_pkey; Type: CONSTRAINT; Schema: public; Owner: naval; Tablespace: 
--

ALTER TABLE ONLY orderelement
    ADD CONSTRAINT orderelement_pkey PRIMARY KEY (id);


--
-- Name: orderelement_sum_charged_hours_id_key; Type: CONSTRAINT; Schema: public; Owner: naval; Tablespace: 
--

ALTER TABLE ONLY orderelement
    ADD CONSTRAINT orderelement_sum_charged_hours_id_key UNIQUE (sum_charged_hours_id);


--
-- Name: orderelementtemplate_pkey; Type: CONSTRAINT; Schema: public; Owner: naval; Tablespace: 
--

ALTER TABLE ONLY orderelementtemplate
    ADD CONSTRAINT orderelementtemplate_pkey PRIMARY KEY (id);


--
-- Name: orderline_pkey; Type: CONSTRAINT; Schema: public; Owner: naval; Tablespace: 
--

ALTER TABLE ONLY orderline
    ADD CONSTRAINT orderline_pkey PRIMARY KEY (orderelementid);


--
-- Name: orderlinegroup_pkey; Type: CONSTRAINT; Schema: public; Owner: naval; Tablespace: 
--

ALTER TABLE ONLY orderlinegroup
    ADD CONSTRAINT orderlinegroup_pkey PRIMARY KEY (orderelementid);


--
-- Name: orderlinegrouptemplate_pkey; Type: CONSTRAINT; Schema: public; Owner: naval; Tablespace: 
--

ALTER TABLE ONLY orderlinegrouptemplate
    ADD CONSTRAINT orderlinegrouptemplate_pkey PRIMARY KEY (group_template_id);


--
-- Name: orderlinetemplate_pkey; Type: CONSTRAINT; Schema: public; Owner: naval; Tablespace: 
--

ALTER TABLE ONLY orderlinetemplate
    ADD CONSTRAINT orderlinetemplate_pkey PRIMARY KEY (order_line_template_id);


--
-- Name: ordersequence_pkey; Type: CONSTRAINT; Schema: public; Owner: naval; Tablespace: 
--

ALTER TABLE ONLY ordersequence
    ADD CONSTRAINT ordersequence_pkey PRIMARY KEY (id);


--
-- Name: ordertemplate_pkey; Type: CONSTRAINT; Schema: public; Owner: naval; Tablespace: 
--

ALTER TABLE ONLY ordertemplate
    ADD CONSTRAINT ordertemplate_pkey PRIMARY KEY (order_template_id);


--
-- Name: orderversion_pkey; Type: CONSTRAINT; Schema: public; Owner: naval; Tablespace: 
--

ALTER TABLE ONLY orderversion
    ADD CONSTRAINT orderversion_pkey PRIMARY KEY (id);


--
-- Name: quality_form_items_pkey; Type: CONSTRAINT; Schema: public; Owner: naval; Tablespace: 
--

ALTER TABLE ONLY quality_form_items
    ADD CONSTRAINT quality_form_items_pkey PRIMARY KEY (quality_form_id, idx);


--
-- Name: quality_form_name_key; Type: CONSTRAINT; Schema: public; Owner: naval; Tablespace: 
--

ALTER TABLE ONLY quality_form
    ADD CONSTRAINT quality_form_name_key UNIQUE (name);


--
-- Name: quality_form_pkey; Type: CONSTRAINT; Schema: public; Owner: naval; Tablespace: 
--

ALTER TABLE ONLY quality_form
    ADD CONSTRAINT quality_form_pkey PRIMARY KEY (id);


--
-- Name: resource_base_calendar_id_key; Type: CONSTRAINT; Schema: public; Owner: naval; Tablespace: 
--

ALTER TABLE ONLY resource
    ADD CONSTRAINT resource_base_calendar_id_key UNIQUE (base_calendar_id);


--
-- Name: resource_code_key; Type: CONSTRAINT; Schema: public; Owner: naval; Tablespace: 
--

ALTER TABLE ONLY resource
    ADD CONSTRAINT resource_code_key UNIQUE (code);


--
-- Name: resource_pkey; Type: CONSTRAINT; Schema: public; Owner: naval; Tablespace: 
--

ALTER TABLE ONLY resource
    ADD CONSTRAINT resource_pkey PRIMARY KEY (id);


--
-- Name: resourceallocation_pkey; Type: CONSTRAINT; Schema: public; Owner: naval; Tablespace: 
--

ALTER TABLE ONLY resourceallocation
    ADD CONSTRAINT resourceallocation_pkey PRIMARY KEY (id);


--
-- Name: resourcecalendar_pkey; Type: CONSTRAINT; Schema: public; Owner: naval; Tablespace: 
--

ALTER TABLE ONLY resourcecalendar
    ADD CONSTRAINT resourcecalendar_pkey PRIMARY KEY (base_calendar_id);


--
-- Name: resources_cost_category_assignment_code_key; Type: CONSTRAINT; Schema: public; Owner: naval; Tablespace: 
--

ALTER TABLE ONLY resources_cost_category_assignment
    ADD CONSTRAINT resources_cost_category_assignment_code_key UNIQUE (code);


--
-- Name: resources_cost_category_assignment_pkey; Type: CONSTRAINT; Schema: public; Owner: naval; Tablespace: 
--

ALTER TABLE ONLY resources_cost_category_assignment
    ADD CONSTRAINT resources_cost_category_assignment_pkey PRIMARY KEY (id);


--
-- Name: scenario_orders_pkey; Type: CONSTRAINT; Schema: public; Owner: naval; Tablespace: 
--

ALTER TABLE ONLY scenario_orders
    ADD CONSTRAINT scenario_orders_pkey PRIMARY KEY (scenario_id, order_id);


--
-- Name: scenario_pkey; Type: CONSTRAINT; Schema: public; Owner: naval; Tablespace: 
--

ALTER TABLE ONLY scenario
    ADD CONSTRAINT scenario_pkey PRIMARY KEY (id);


--
-- Name: scheduling_states_by_order_version_pkey; Type: CONSTRAINT; Schema: public; Owner: naval; Tablespace: 
--

ALTER TABLE ONLY scheduling_states_by_order_version
    ADD CONSTRAINT scheduling_states_by_order_version_pkey PRIMARY KEY (order_element_id, order_version_id);


--
-- Name: schedulingdataforversion_pkey; Type: CONSTRAINT; Schema: public; Owner: naval; Tablespace: 
--

ALTER TABLE ONLY schedulingdataforversion
    ADD CONSTRAINT schedulingdataforversion_pkey PRIMARY KEY (id);


--
-- Name: specific_resource_allocation_pkey; Type: CONSTRAINT; Schema: public; Owner: naval; Tablespace: 
--

ALTER TABLE ONLY specific_resource_allocation
    ADD CONSTRAINT specific_resource_allocation_pkey PRIMARY KEY (resource_allocation_id);


--
-- Name: specificdayassignmentscontainer_pkey; Type: CONSTRAINT; Schema: public; Owner: naval; Tablespace: 
--

ALTER TABLE ONLY specificdayassignmentscontainer
    ADD CONSTRAINT specificdayassignmentscontainer_pkey PRIMARY KEY (id);


--
-- Name: stretches_pkey; Type: CONSTRAINT; Schema: public; Owner: naval; Tablespace: 
--

ALTER TABLE ONLY stretches
    ADD CONSTRAINT stretches_pkey PRIMARY KEY (assignment_function_id, stretch_position);


--
-- Name: stretchesfunction_pkey; Type: CONSTRAINT; Schema: public; Owner: naval; Tablespace: 
--

ALTER TABLE ONLY stretchesfunction
    ADD CONSTRAINT stretchesfunction_pkey PRIMARY KEY (assignment_function_id);


--
-- Name: subcontractedtaskdata_pkey; Type: CONSTRAINT; Schema: public; Owner: naval; Tablespace: 
--

ALTER TABLE ONLY subcontractedtaskdata
    ADD CONSTRAINT subcontractedtaskdata_pkey PRIMARY KEY (id);


--
-- Name: sumchargedhours_pkey; Type: CONSTRAINT; Schema: public; Owner: naval; Tablespace: 
--

ALTER TABLE ONLY sumchargedhours
    ADD CONSTRAINT sumchargedhours_pkey PRIMARY KEY (id);


--
-- Name: task_pkey; Type: CONSTRAINT; Schema: public; Owner: naval; Tablespace: 
--

ALTER TABLE ONLY task
    ADD CONSTRAINT task_pkey PRIMARY KEY (task_element_id);


--
-- Name: task_quality_form_items_pkey; Type: CONSTRAINT; Schema: public; Owner: naval; Tablespace: 
--

ALTER TABLE ONLY task_quality_form_items
    ADD CONSTRAINT task_quality_form_items_pkey PRIMARY KEY (task_quality_form_id, idx);


--
-- Name: task_quality_form_pkey; Type: CONSTRAINT; Schema: public; Owner: naval; Tablespace: 
--

ALTER TABLE ONLY task_quality_form
    ADD CONSTRAINT task_quality_form_pkey PRIMARY KEY (id);


--
-- Name: task_source_hours_groups_pkey; Type: CONSTRAINT; Schema: public; Owner: naval; Tablespace: 
--

ALTER TABLE ONLY task_source_hours_groups
    ADD CONSTRAINT task_source_hours_groups_pkey PRIMARY KEY (task_source_id, hours_group_id);


--
-- Name: task_subcontrated_task_data_id_key; Type: CONSTRAINT; Schema: public; Owner: naval; Tablespace: 
--

ALTER TABLE ONLY task
    ADD CONSTRAINT task_subcontrated_task_data_id_key UNIQUE (subcontrated_task_data_id);


--
-- Name: taskelement_pkey; Type: CONSTRAINT; Schema: public; Owner: naval; Tablespace: 
--

ALTER TABLE ONLY taskelement
    ADD CONSTRAINT taskelement_pkey PRIMARY KEY (id);


--
-- Name: taskgroup_pkey; Type: CONSTRAINT; Schema: public; Owner: naval; Tablespace: 
--

ALTER TABLE ONLY taskgroup
    ADD CONSTRAINT taskgroup_pkey PRIMARY KEY (task_element_id);


--
-- Name: taskmilestone_pkey; Type: CONSTRAINT; Schema: public; Owner: naval; Tablespace: 
--

ALTER TABLE ONLY taskmilestone
    ADD CONSTRAINT taskmilestone_pkey PRIMARY KEY (task_element_id);


--
-- Name: tasksource_pkey; Type: CONSTRAINT; Schema: public; Owner: naval; Tablespace: 
--

ALTER TABLE ONLY tasksource
    ADD CONSTRAINT tasksource_pkey PRIMARY KEY (id);


--
-- Name: tasksource_schedulingdata_key; Type: CONSTRAINT; Schema: public; Owner: naval; Tablespace: 
--

ALTER TABLE ONLY tasksource
    ADD CONSTRAINT tasksource_schedulingdata_key UNIQUE (schedulingdata);


--
-- Name: type_of_work_hours_code_key; Type: CONSTRAINT; Schema: public; Owner: naval; Tablespace: 
--

ALTER TABLE ONLY type_of_work_hours
    ADD CONSTRAINT type_of_work_hours_code_key UNIQUE (code);


--
-- Name: type_of_work_hours_name_key; Type: CONSTRAINT; Schema: public; Owner: naval; Tablespace: 
--

ALTER TABLE ONLY type_of_work_hours
    ADD CONSTRAINT type_of_work_hours_name_key UNIQUE (name);


--
-- Name: type_of_work_hours_pkey; Type: CONSTRAINT; Schema: public; Owner: naval; Tablespace: 
--

ALTER TABLE ONLY type_of_work_hours
    ADD CONSTRAINT type_of_work_hours_pkey PRIMARY KEY (id);


--
-- Name: unit_type_code_key; Type: CONSTRAINT; Schema: public; Owner: naval; Tablespace: 
--

ALTER TABLE ONLY unit_type
    ADD CONSTRAINT unit_type_code_key UNIQUE (code);


--
-- Name: unit_type_pkey; Type: CONSTRAINT; Schema: public; Owner: naval; Tablespace: 
--

ALTER TABLE ONLY unit_type
    ADD CONSTRAINT unit_type_pkey PRIMARY KEY (id);


--
-- Name: user_profiles_pkey; Type: CONSTRAINT; Schema: public; Owner: naval; Tablespace: 
--

ALTER TABLE ONLY user_profiles
    ADD CONSTRAINT user_profiles_pkey PRIMARY KEY (user_id, profile_id);


--
-- Name: virtualworker_pkey; Type: CONSTRAINT; Schema: public; Owner: naval; Tablespace: 
--

ALTER TABLE ONLY virtualworker
    ADD CONSTRAINT virtualworker_pkey PRIMARY KEY (virtualworker_id);


--
-- Name: work_report_code_key; Type: CONSTRAINT; Schema: public; Owner: naval; Tablespace: 
--

ALTER TABLE ONLY work_report
    ADD CONSTRAINT work_report_code_key UNIQUE (code);


--
-- Name: work_report_label_type_assigment_pkey; Type: CONSTRAINT; Schema: public; Owner: naval; Tablespace: 
--

ALTER TABLE ONLY work_report_label_type_assigment
    ADD CONSTRAINT work_report_label_type_assigment_pkey PRIMARY KEY (id);


--
-- Name: work_report_line_code_key; Type: CONSTRAINT; Schema: public; Owner: naval; Tablespace: 
--

ALTER TABLE ONLY work_report_line
    ADD CONSTRAINT work_report_line_code_key UNIQUE (code);


--
-- Name: work_report_line_pkey; Type: CONSTRAINT; Schema: public; Owner: naval; Tablespace: 
--

ALTER TABLE ONLY work_report_line
    ADD CONSTRAINT work_report_line_pkey PRIMARY KEY (id);


--
-- Name: work_report_pkey; Type: CONSTRAINT; Schema: public; Owner: naval; Tablespace: 
--

ALTER TABLE ONLY work_report
    ADD CONSTRAINT work_report_pkey PRIMARY KEY (id);


--
-- Name: work_report_type_code_key; Type: CONSTRAINT; Schema: public; Owner: naval; Tablespace: 
--

ALTER TABLE ONLY work_report_type
    ADD CONSTRAINT work_report_type_code_key UNIQUE (code);


--
-- Name: work_report_type_name_key; Type: CONSTRAINT; Schema: public; Owner: naval; Tablespace: 
--

ALTER TABLE ONLY work_report_type
    ADD CONSTRAINT work_report_type_name_key UNIQUE (name);


--
-- Name: work_report_type_pkey; Type: CONSTRAINT; Schema: public; Owner: naval; Tablespace: 
--

ALTER TABLE ONLY work_report_type
    ADD CONSTRAINT work_report_type_pkey PRIMARY KEY (id);


--
-- Name: worker_pkey; Type: CONSTRAINT; Schema: public; Owner: naval; Tablespace: 
--

ALTER TABLE ONLY worker
    ADD CONSTRAINT worker_pkey PRIMARY KEY (worker_id);


--
-- Name: workreports_labels_pkey; Type: CONSTRAINT; Schema: public; Owner: naval; Tablespace: 
--

ALTER TABLE ONLY workreports_labels
    ADD CONSTRAINT workreports_labels_pkey PRIMARY KEY (work_report_id, label_id);


--
-- Name: workreportslines_labels_pkey; Type: CONSTRAINT; Schema: public; Owner: naval; Tablespace: 
--

ALTER TABLE ONLY workreportslines_labels
    ADD CONSTRAINT workreportslines_labels_pkey PRIMARY KEY (work_report_line_id, label_id);


--
-- Name: fk109ac09e8b37665c; Type: FK CONSTRAINT; Schema: public; Owner: naval
--

ALTER TABLE ONLY task_quality_form
    ADD CONSTRAINT fk109ac09e8b37665c FOREIGN KEY (quality_form_id) REFERENCES quality_form(id);


--
-- Name: fk109ac09eefda874f; Type: FK CONSTRAINT; Schema: public; Owner: naval
--

ALTER TABLE ONLY task_quality_form
    ADD CONSTRAINT fk109ac09eefda874f FOREIGN KEY (order_element_id) REFERENCES orderelement(id);


--
-- Name: fk1961a43d415884f6; Type: FK CONSTRAINT; Schema: public; Owner: naval
--

ALTER TABLE ONLY heading_field
    ADD CONSTRAINT fk1961a43d415884f6 FOREIGN KEY (heading_id) REFERENCES work_report_type(id);


--
-- Name: fk1a95a222131853a1; Type: FK CONSTRAINT; Schema: public; Owner: naval
--

ALTER TABLE ONLY work_report
    ADD CONSTRAINT fk1a95a222131853a1 FOREIGN KEY (work_report_type_id) REFERENCES work_report_type(id);


--
-- Name: fk1a95a22248d21790; Type: FK CONSTRAINT; Schema: public; Owner: naval
--

ALTER TABLE ONLY work_report
    ADD CONSTRAINT fk1a95a22248d21790 FOREIGN KEY (resource_id) REFERENCES resource(id);


--
-- Name: fk1a95a222efda874f; Type: FK CONSTRAINT; Schema: public; Owner: naval
--

ALTER TABLE ONLY work_report
    ADD CONSTRAINT fk1a95a222efda874f FOREIGN KEY (order_element_id) REFERENCES orderelement(id);


--
-- Name: fk1a9afa91a44abee3; Type: FK CONSTRAINT; Schema: public; Owner: naval
--

ALTER TABLE ONLY calendarexception
    ADD CONSTRAINT fk1a9afa91a44abee3 FOREIGN KEY (base_calendar_id) REFERENCES basecalendar(id);


--
-- Name: fk1a9afa91adad7e51; Type: FK CONSTRAINT; Schema: public; Owner: naval
--

ALTER TABLE ONLY calendarexception
    ADD CONSTRAINT fk1a9afa91adad7e51 FOREIGN KEY (calendar_exception_id) REFERENCES calendarexceptiontype(id);


--
-- Name: fk1ccb0f7419b9dfde; Type: FK CONSTRAINT; Schema: public; Owner: naval
--

ALTER TABLE ONLY material_assigment_template
    ADD CONSTRAINT fk1ccb0f7419b9dfde FOREIGN KEY (order_element_template_id) REFERENCES orderelementtemplate(id);


--
-- Name: fk1ccb0f74b5c68337; Type: FK CONSTRAINT; Schema: public; Owner: naval
--

ALTER TABLE ONLY material_assigment_template
    ADD CONSTRAINT fk1ccb0f74b5c68337 FOREIGN KEY (material_id) REFERENCES material(id);


--
-- Name: fk1fc5f45575ed79ba; Type: FK CONSTRAINT; Schema: public; Owner: naval
--

ALTER TABLE ONLY limiting_resource_queue_element
    ADD CONSTRAINT fk1fc5f45575ed79ba FOREIGN KEY (resource_allocation_id) REFERENCES resourceallocation(id);


--
-- Name: fk1fc5f455bd2209e8; Type: FK CONSTRAINT; Schema: public; Owner: naval
--

ALTER TABLE ONLY limiting_resource_queue_element
    ADD CONSTRAINT fk1fc5f455bd2209e8 FOREIGN KEY (limiting_resource_queue_id) REFERENCES limiting_resource_queue(id);


--
-- Name: fk27a9a54936bb8c; Type: FK CONSTRAINT; Schema: public; Owner: naval
--

ALTER TABLE ONLY task
    ADD CONSTRAINT fk27a9a54936bb8c FOREIGN KEY (task_element_id) REFERENCES taskelement(id);


--
-- Name: fk27a9a55b595a0; Type: FK CONSTRAINT; Schema: public; Owner: naval
--

ALTER TABLE ONLY task
    ADD CONSTRAINT fk27a9a55b595a0 FOREIGN KEY (subcontrated_task_data_id) REFERENCES subcontractedtaskdata(id);


--
-- Name: fk2999e7e5421c7cf4; Type: FK CONSTRAINT; Schema: public; Owner: naval
--

ALTER TABLE ONLY specificdayassignmentscontainer
    ADD CONSTRAINT fk2999e7e5421c7cf4 FOREIGN KEY (scenario) REFERENCES scenario(id);


--
-- Name: fk2999e7e57518838c; Type: FK CONSTRAINT; Schema: public; Owner: naval
--

ALTER TABLE ONLY specificdayassignmentscontainer
    ADD CONSTRAINT fk2999e7e57518838c FOREIGN KEY (resource_allocation_id) REFERENCES specific_resource_allocation(resource_allocation_id);


--
-- Name: fk29d0015519b9dfde; Type: FK CONSTRAINT; Schema: public; Owner: naval
--

ALTER TABLE ONLY order_element_template_quality_form
    ADD CONSTRAINT fk29d0015519b9dfde FOREIGN KEY (order_element_template_id) REFERENCES orderelementtemplate(id);


--
-- Name: fk29d001558b37665c; Type: FK CONSTRAINT; Schema: public; Owner: naval
--

ALTER TABLE ONLY order_element_template_quality_form
    ADD CONSTRAINT fk29d001558b37665c FOREIGN KEY (quality_form_id) REFERENCES quality_form(id);


--
-- Name: fk3a79eb0219b9dfde; Type: FK CONSTRAINT; Schema: public; Owner: naval
--

ALTER TABLE ONLY criterionrequirement
    ADD CONSTRAINT fk3a79eb0219b9dfde FOREIGN KEY (order_element_template_id) REFERENCES orderelementtemplate(id);


--
-- Name: fk3a79eb0261f02c44; Type: FK CONSTRAINT; Schema: public; Owner: naval
--

ALTER TABLE ONLY criterionrequirement
    ADD CONSTRAINT fk3a79eb0261f02c44 FOREIGN KEY (criterion_id) REFERENCES criterion(id);


--
-- Name: fk3a79eb02e036cfed; Type: FK CONSTRAINT; Schema: public; Owner: naval
--

ALTER TABLE ONLY criterionrequirement
    ADD CONSTRAINT fk3a79eb02e036cfed FOREIGN KEY (hours_group_id) REFERENCES hoursgroup(id);


--
-- Name: fk3a79eb02efda874f; Type: FK CONSTRAINT; Schema: public; Owner: naval
--

ALTER TABLE ONLY criterionrequirement
    ADD CONSTRAINT fk3a79eb02efda874f FOREIGN KEY (order_element_id) REFERENCES orderelement(id);


--
-- Name: fk3a79eb02f41d57f2; Type: FK CONSTRAINT; Schema: public; Owner: naval
--

ALTER TABLE ONLY criterionrequirement
    ADD CONSTRAINT fk3a79eb02f41d57f2 FOREIGN KEY (parent) REFERENCES criterionrequirement(id);


--
-- Name: fk3afdc2bd75ed79ba; Type: FK CONSTRAINT; Schema: public; Owner: naval
--

ALTER TABLE ONLY derivedallocation
    ADD CONSTRAINT fk3afdc2bd75ed79ba FOREIGN KEY (resource_allocation_id) REFERENCES resourceallocation(id);


--
-- Name: fk3afdc2bd87b470f0; Type: FK CONSTRAINT; Schema: public; Owner: naval
--

ALTER TABLE ONLY derivedallocation
    ADD CONSTRAINT fk3afdc2bd87b470f0 FOREIGN KEY (configurationunit) REFERENCES machineworkersconfigurationunit(id);


--
-- Name: fk3d1ffd21218d7620; Type: FK CONSTRAINT; Schema: public; Owner: naval
--

ALTER TABLE ONLY indirectadvanceassignment
    ADD CONSTRAINT fk3d1ffd21218d7620 FOREIGN KEY (indirect_order_element_id) REFERENCES orderelement(id);


--
-- Name: fk3d1ffd212f2d3aec; Type: FK CONSTRAINT; Schema: public; Owner: naval
--

ALTER TABLE ONLY indirectadvanceassignment
    ADD CONSTRAINT fk3d1ffd212f2d3aec FOREIGN KEY (advance_assignment_id) REFERENCES advanceassignment(id);


--
-- Name: fk3d1ffd218202350f; Type: FK CONSTRAINT; Schema: public; Owner: naval
--

ALTER TABLE ONLY indirectadvanceassignment
    ADD CONSTRAINT fk3d1ffd218202350f FOREIGN KEY (indirect_order_element_id) REFERENCES orderlinegroup(orderelementid);


--
-- Name: fk3f30d9ad8c4c676c; Type: FK CONSTRAINT; Schema: public; Owner: naval
--

ALTER TABLE ONLY criterionsatisfaction
    ADD CONSTRAINT fk3f30d9ad8c4c676c FOREIGN KEY (criterion) REFERENCES criterion(id);


--
-- Name: fk3f30d9adeae850b2; Type: FK CONSTRAINT; Schema: public; Owner: naval
--

ALTER TABLE ONLY criterionsatisfaction
    ADD CONSTRAINT fk3f30d9adeae850b2 FOREIGN KEY (resource) REFERENCES resource(id);


--
-- Name: fk401dc6acffeb5538; Type: FK CONSTRAINT; Schema: public; Owner: naval
--

ALTER TABLE ONLY machineworkersconfigurationunit
    ADD CONSTRAINT fk401dc6acffeb5538 FOREIGN KEY (machine) REFERENCES machine(machine_id);


--
-- Name: fk407955279578651e; Type: FK CONSTRAINT; Schema: public; Owner: naval
--

ALTER TABLE ONLY material
    ADD CONSTRAINT fk407955279578651e FOREIGN KEY (category_id) REFERENCES material_category(id);


--
-- Name: fk40795527f11b2d0; Type: FK CONSTRAINT; Schema: public; Owner: naval
--

ALTER TABLE ONLY material
    ADD CONSTRAINT fk40795527f11b2d0 FOREIGN KEY (unit_type) REFERENCES unit_type(id);


--
-- Name: fk41e073ae15671e92; Type: FK CONSTRAINT; Schema: public; Owner: naval
--

ALTER TABLE ONLY resourceallocation
    ADD CONSTRAINT fk41e073ae15671e92 FOREIGN KEY (assignment_function) REFERENCES assignment_function(id);


--
-- Name: fk41e073aeff61540d; Type: FK CONSTRAINT; Schema: public; Owner: naval
--

ALTER TABLE ONLY resourceallocation
    ADD CONSTRAINT fk41e073aeff61540d FOREIGN KEY (task) REFERENCES task(task_element_id);


--
-- Name: fk44d86d4707cd777; Type: FK CONSTRAINT; Schema: public; Owner: naval
--

ALTER TABLE ONLY label
    ADD CONSTRAINT fk44d86d4707cd777 FOREIGN KEY (label_type_id) REFERENCES label_type(id);


--
-- Name: fk4a1d42dc9fb7fc18; Type: FK CONSTRAINT; Schema: public; Owner: naval
--

ALTER TABLE ONLY orderlinetemplate
    ADD CONSTRAINT fk4a1d42dc9fb7fc18 FOREIGN KEY (order_line_template_id) REFERENCES orderelementtemplate(id);


--
-- Name: fk4d68b9c89a4a7d90; Type: FK CONSTRAINT; Schema: public; Owner: naval
--

ALTER TABLE ONLY ordertemplate
    ADD CONSTRAINT fk4d68b9c89a4a7d90 FOREIGN KEY (order_template_id) REFERENCES orderlinegrouptemplate(group_template_id);


--
-- Name: fk4d68b9c8a44abee3; Type: FK CONSTRAINT; Schema: public; Owner: naval
--

ALTER TABLE ONLY ordertemplate
    ADD CONSTRAINT fk4d68b9c8a44abee3 FOREIGN KEY (base_calendar_id) REFERENCES basecalendar(id);


--
-- Name: fk5280da49161d6c65; Type: FK CONSTRAINT; Schema: public; Owner: naval
--

ALTER TABLE ONLY virtualworker
    ADD CONSTRAINT fk5280da49161d6c65 FOREIGN KEY (virtualworker_id) REFERENCES worker(worker_id);


--
-- Name: fk53cd4dcaa2380ca7; Type: FK CONSTRAINT; Schema: public; Owner: naval
--

ALTER TABLE ONLY orderversion
    ADD CONSTRAINT fk53cd4dcaa2380ca7 FOREIGN KEY (ownerscenario) REFERENCES scenario(id);


--
-- Name: fk5863798ca44abee3; Type: FK CONSTRAINT; Schema: public; Owner: naval
--

ALTER TABLE ONLY resourcecalendar
    ADD CONSTRAINT fk5863798ca44abee3 FOREIGN KEY (base_calendar_id) REFERENCES basecalendar(id);


--
-- Name: fk593d3b4b1a5e11f8; Type: FK CONSTRAINT; Schema: public; Owner: naval
--

ALTER TABLE ONLY stretchesfunction
    ADD CONSTRAINT fk593d3b4b1a5e11f8 FOREIGN KEY (assignment_function_id) REFERENCES assignment_function(id);


--
-- Name: fk5948535228f2695; Type: FK CONSTRAINT; Schema: public; Owner: naval
--

ALTER TABLE ONLY limiting_resource_queue_dependency
    ADD CONSTRAINT fk5948535228f2695 FOREIGN KEY (origin_queue_element_id) REFERENCES limiting_resource_queue_element(id);


--
-- Name: fk59485352e42f8d29; Type: FK CONSTRAINT; Schema: public; Owner: naval
--

ALTER TABLE ONLY limiting_resource_queue_dependency
    ADD CONSTRAINT fk59485352e42f8d29 FOREIGN KEY (destiny_queue_element_id) REFERENCES limiting_resource_queue_element(id);


--
-- Name: fk5c13eccf415884f6; Type: FK CONSTRAINT; Schema: public; Owner: naval
--

ALTER TABLE ONLY line_field
    ADD CONSTRAINT fk5c13eccf415884f6 FOREIGN KEY (heading_id) REFERENCES work_report_type(id);


--
-- Name: fk6017744297b1c209; Type: FK CONSTRAINT; Schema: public; Owner: naval
--

ALTER TABLE ONLY orderline
    ADD CONSTRAINT fk6017744297b1c209 FOREIGN KEY (orderelementid) REFERENCES orderelement(id);


--
-- Name: fk62b2994b4936bb8c; Type: FK CONSTRAINT; Schema: public; Owner: naval
--

ALTER TABLE ONLY taskmilestone
    ADD CONSTRAINT fk62b2994b4936bb8c FOREIGN KEY (task_element_id) REFERENCES taskelement(id);


--
-- Name: fk698876da1b8e7cf2; Type: FK CONSTRAINT; Schema: public; Owner: naval
--

ALTER TABLE ONLY deriveddayassignmentscontainer
    ADD CONSTRAINT fk698876da1b8e7cf2 FOREIGN KEY (derived_allocation_id) REFERENCES derivedallocation(id);


--
-- Name: fk698876da421c7cf4; Type: FK CONSTRAINT; Schema: public; Owner: naval
--

ALTER TABLE ONLY deriveddayassignmentscontainer
    ADD CONSTRAINT fk698876da421c7cf4 FOREIGN KEY (scenario) REFERENCES scenario(id);


--
-- Name: fk70d5d997a44abee3; Type: FK CONSTRAINT; Schema: public; Owner: naval
--

ALTER TABLE ONLY taskelement
    ADD CONSTRAINT fk70d5d997a44abee3 FOREIGN KEY (base_calendar_id) REFERENCES basecalendar(id);


--
-- Name: fk70d5d997a5f3c581; Type: FK CONSTRAINT; Schema: public; Owner: naval
--

ALTER TABLE ONLY taskelement
    ADD CONSTRAINT fk70d5d997a5f3c581 FOREIGN KEY (parent) REFERENCES taskgroup(task_element_id);


--
-- Name: fk711ace7423b85cf1; Type: FK CONSTRAINT; Schema: public; Owner: naval
--

ALTER TABLE ONLY scenario_orders
    ADD CONSTRAINT fk711ace7423b85cf1 FOREIGN KEY (order_version_id) REFERENCES orderversion(id);


--
-- Name: fk711ace7487287288; Type: FK CONSTRAINT; Schema: public; Owner: naval
--

ALTER TABLE ONLY scenario_orders
    ADD CONSTRAINT fk711ace7487287288 FOREIGN KEY (order_id) REFERENCES order_table(orderelementid);


--
-- Name: fk711ace74c0fb9d8e; Type: FK CONSTRAINT; Schema: public; Owner: naval
--

ALTER TABLE ONLY scenario_orders
    ADD CONSTRAINT fk711ace74c0fb9d8e FOREIGN KEY (scenario_id) REFERENCES scenario(id);


--
-- Name: fk7540af6b1545e7a; Type: FK CONSTRAINT; Schema: public; Owner: naval
--

ALTER TABLE ONLY dependency
    ADD CONSTRAINT fk7540af6b1545e7a FOREIGN KEY (origin) REFERENCES taskelement(id);


--
-- Name: fk7540af6b9e788f90; Type: FK CONSTRAINT; Schema: public; Owner: naval
--

ALTER TABLE ONLY dependency
    ADD CONSTRAINT fk7540af6b9e788f90 FOREIGN KEY (queue_dependency) REFERENCES limiting_resource_queue_dependency(id);


--
-- Name: fk7540af6be838f362; Type: FK CONSTRAINT; Schema: public; Owner: naval
--

ALTER TABLE ONLY dependency
    ADD CONSTRAINT fk7540af6be838f362 FOREIGN KEY (destination) REFERENCES taskelement(id);


--
-- Name: fk75a2f39d4ec080cf; Type: FK CONSTRAINT; Schema: public; Owner: naval
--

ALTER TABLE ONLY order_table
    ADD CONSTRAINT fk75a2f39d4ec080cf FOREIGN KEY (customer) REFERENCES external_company(id);


--
-- Name: fk75a2f39da44abee3; Type: FK CONSTRAINT; Schema: public; Owner: naval
--

ALTER TABLE ONLY order_table
    ADD CONSTRAINT fk75a2f39da44abee3 FOREIGN KEY (base_calendar_id) REFERENCES basecalendar(id);


--
-- Name: fk75a2f39df82680f8; Type: FK CONSTRAINT; Schema: public; Owner: naval
--

ALTER TABLE ONLY order_table
    ADD CONSTRAINT fk75a2f39df82680f8 FOREIGN KEY (orderelementid) REFERENCES orderlinegroup(orderelementid);


--
-- Name: fk7980035061f02c44; Type: FK CONSTRAINT; Schema: public; Owner: naval
--

ALTER TABLE ONLY all_criterions
    ADD CONSTRAINT fk7980035061f02c44 FOREIGN KEY (criterion_id) REFERENCES criterion(id);


--
-- Name: fk79800350b1524a73; Type: FK CONSTRAINT; Schema: public; Owner: naval
--

ALTER TABLE ONLY all_criterions
    ADD CONSTRAINT fk79800350b1524a73 FOREIGN KEY (generic_resource_allocation_id) REFERENCES generic_resource_allocation(resource_allocation_id);


--
-- Name: fk7d2eeb5d97b1c209; Type: FK CONSTRAINT; Schema: public; Owner: naval
--

ALTER TABLE ONLY orderlinegroup
    ADD CONSTRAINT fk7d2eeb5d97b1c209 FOREIGN KEY (orderelementid) REFERENCES orderelement(id);


--
-- Name: fk7daad5cd5078e161; Type: FK CONSTRAINT; Schema: public; Owner: naval
--

ALTER TABLE ONLY workreportslines_labels
    ADD CONSTRAINT fk7daad5cd5078e161 FOREIGN KEY (work_report_line_id) REFERENCES work_report_line(id);


--
-- Name: fk7daad5cdc1c2746e; Type: FK CONSTRAINT; Schema: public; Owner: naval
--

ALTER TABLE ONLY workreportslines_labels
    ADD CONSTRAINT fk7daad5cdc1c2746e FOREIGN KEY (label_id) REFERENCES label(id);


--
-- Name: fk7e57469848d21790; Type: FK CONSTRAINT; Schema: public; Owner: naval
--

ALTER TABLE ONLY limiting_resource_queue
    ADD CONSTRAINT fk7e57469848d21790 FOREIGN KEY (resource_id) REFERENCES resource(id);


--
-- Name: fk808010cfb216ed4c; Type: FK CONSTRAINT; Schema: public; Owner: naval
--

ALTER TABLE ONLY advanceassignment
    ADD CONSTRAINT fk808010cfb216ed4c FOREIGN KEY (advance_type_id) REFERENCES advancetype(id);


--
-- Name: fk80e79bda4936bb8c; Type: FK CONSTRAINT; Schema: public; Owner: naval
--

ALTER TABLE ONLY taskgroup
    ADD CONSTRAINT fk80e79bda4936bb8c FOREIGN KEY (task_element_id) REFERENCES taskelement(id);


--
-- Name: fk8217a424b216ed4c; Type: FK CONSTRAINT; Schema: public; Owner: naval
--

ALTER TABLE ONLY quality_form
    ADD CONSTRAINT fk8217a424b216ed4c FOREIGN KEY (advance_type_id) REFERENCES advancetype(id);


--
-- Name: fk82ca26e5fec79eb0; Type: FK CONSTRAINT; Schema: public; Owner: naval
--

ALTER TABLE ONLY description_values
    ADD CONSTRAINT fk82ca26e5fec79eb0 FOREIGN KEY (description_value_id) REFERENCES work_report(id);


--
-- Name: fk8746516b53669f2; Type: FK CONSTRAINT; Schema: public; Owner: naval
--

ALTER TABLE ONLY material_category
    ADD CONSTRAINT fk8746516b53669f2 FOREIGN KEY (parent_id) REFERENCES material_category(id);


--
-- Name: fk8ca5223648d21790; Type: FK CONSTRAINT; Schema: public; Owner: naval
--

ALTER TABLE ONLY resources_cost_category_assignment
    ADD CONSTRAINT fk8ca5223648d21790 FOREIGN KEY (resource_id) REFERENCES resource(id);


--
-- Name: fk8ca52236c29ad8eb; Type: FK CONSTRAINT; Schema: public; Owner: naval
--

ALTER TABLE ONLY resources_cost_category_assignment
    ADD CONSTRAINT fk8ca52236c29ad8eb FOREIGN KEY (cost_category_id) REFERENCES cost_category(id);


--
-- Name: fk8e542e8114a5c61; Type: FK CONSTRAINT; Schema: public; Owner: naval
--

ALTER TABLE ONLY criterion
    ADD CONSTRAINT fk8e542e8114a5c61 FOREIGN KEY (id_criterion_type) REFERENCES criteriontype(id);


--
-- Name: fk8e542e813a156175; Type: FK CONSTRAINT; Schema: public; Owner: naval
--

ALTER TABLE ONLY criterion
    ADD CONSTRAINT fk8e542e813a156175 FOREIGN KEY (parent) REFERENCES criterion(id);


--
-- Name: fk9469dc27937680b7; Type: FK CONSTRAINT; Schema: public; Owner: naval
--

ALTER TABLE ONLY machine
    ADD CONSTRAINT fk9469dc27937680b7 FOREIGN KEY (machine_id) REFERENCES resource(id);


--
-- Name: fk95548d7861f02c44; Type: FK CONSTRAINT; Schema: public; Owner: naval
--

ALTER TABLE ONLY machine_configuration_unit_required_criterions
    ADD CONSTRAINT fk95548d7861f02c44 FOREIGN KEY (criterion_id) REFERENCES criterion(id);


--
-- Name: fk95548d7875999a91; Type: FK CONSTRAINT; Schema: public; Owner: naval
--

ALTER TABLE ONLY machine_configuration_unit_required_criterions
    ADD CONSTRAINT fk95548d7875999a91 FOREIGN KEY (id) REFERENCES machineworkersconfigurationunit(id);


--
-- Name: fk991fdde5567ad13; Type: FK CONSTRAINT; Schema: public; Owner: naval
--

ALTER TABLE ONLY user_profiles
    ADD CONSTRAINT fk991fdde5567ad13 FOREIGN KEY (user_id) REFERENCES naval_user(id);


--
-- Name: fk991fddeedc4db41; Type: FK CONSTRAINT; Schema: public; Owner: naval
--

ALTER TABLE ONLY user_profiles
    ADD CONSTRAINT fk991fddeedc4db41 FOREIGN KEY (profile_id) REFERENCES naval_profile(id);


--
-- Name: fk9ac73f9e40901220; Type: FK CONSTRAINT; Schema: public; Owner: naval
--

ALTER TABLE ONLY worker
    ADD CONSTRAINT fk9ac73f9e40901220 FOREIGN KEY (worker_id) REFERENCES resource(id);


--
-- Name: fk9bb0b28841638aab; Type: FK CONSTRAINT; Schema: public; Owner: naval
--

ALTER TABLE ONLY orderelementtemplate
    ADD CONSTRAINT fk9bb0b28841638aab FOREIGN KEY (parent) REFERENCES orderlinegrouptemplate(group_template_id);


--
-- Name: fka01aabd9a44abee3; Type: FK CONSTRAINT; Schema: public; Owner: naval
--

ALTER TABLE ONLY calendaravailability
    ADD CONSTRAINT fka01aabd9a44abee3 FOREIGN KEY (base_calendar_id) REFERENCES basecalendar(id);


--
-- Name: fka01fe4ee8c80ccb7; Type: FK CONSTRAINT; Schema: public; Owner: naval
--

ALTER TABLE ONLY task_source_hours_groups
    ADD CONSTRAINT fka01fe4ee8c80ccb7 FOREIGN KEY (task_source_id) REFERENCES tasksource(id);


--
-- Name: fka01fe4eee036cfed; Type: FK CONSTRAINT; Schema: public; Owner: naval
--

ALTER TABLE ONLY task_source_hours_groups
    ADD CONSTRAINT fka01fe4eee036cfed FOREIGN KEY (hours_group_id) REFERENCES hoursgroup(id);


--
-- Name: fka04a45b123b85cf1; Type: FK CONSTRAINT; Schema: public; Owner: naval
--

ALTER TABLE ONLY scheduling_states_by_order_version
    ADD CONSTRAINT fka04a45b123b85cf1 FOREIGN KEY (order_version_id) REFERENCES orderversion(id);


--
-- Name: fka04a45b19bfe55d0; Type: FK CONSTRAINT; Schema: public; Owner: naval
--

ALTER TABLE ONLY scheduling_states_by_order_version
    ADD CONSTRAINT fka04a45b19bfe55d0 FOREIGN KEY (scheduling_state_for_version_id) REFERENCES schedulingdataforversion(id);


--
-- Name: fka04a45b1efda874f; Type: FK CONSTRAINT; Schema: public; Owner: naval
--

ALTER TABLE ONLY scheduling_states_by_order_version
    ADD CONSTRAINT fka04a45b1efda874f FOREIGN KEY (order_element_id) REFERENCES orderelement(id);


--
-- Name: fka2d2a4d6cc119699; Type: FK CONSTRAINT; Schema: public; Owner: naval
--

ALTER TABLE ONLY configuration
    ADD CONSTRAINT fka2d2a4d6cc119699 FOREIGN KEY (configuration_id) REFERENCES basecalendar(id);


--
-- Name: fka87c31085567ad13; Type: FK CONSTRAINT; Schema: public; Owner: naval
--

ALTER TABLE ONLY order_authorization
    ADD CONSTRAINT fka87c31085567ad13 FOREIGN KEY (user_id) REFERENCES naval_user(id);


--
-- Name: fka87c310887287288; Type: FK CONSTRAINT; Schema: public; Owner: naval
--

ALTER TABLE ONLY order_authorization
    ADD CONSTRAINT fka87c310887287288 FOREIGN KEY (order_id) REFERENCES order_table(orderelementid);


--
-- Name: fka87c3108edc4db41; Type: FK CONSTRAINT; Schema: public; Owner: naval
--

ALTER TABLE ONLY order_authorization
    ADD CONSTRAINT fka87c3108edc4db41 FOREIGN KEY (profile_id) REFERENCES naval_profile(id);


--
-- Name: fka9542ec319b9dfde; Type: FK CONSTRAINT; Schema: public; Owner: naval
--

ALTER TABLE ONLY order_element_template_label
    ADD CONSTRAINT fka9542ec319b9dfde FOREIGN KEY (order_element_template_id) REFERENCES orderelementtemplate(id);


--
-- Name: fka9542ec3c1c2746e; Type: FK CONSTRAINT; Schema: public; Owner: naval
--

ALTER TABLE ONLY order_element_template_label
    ADD CONSTRAINT fka9542ec3c1c2746e FOREIGN KEY (label_id) REFERENCES label(id);


--
-- Name: fkab89a5edefda874f; Type: FK CONSTRAINT; Schema: public; Owner: naval
--

ALTER TABLE ONLY schedulingdataforversion
    ADD CONSTRAINT fkab89a5edefda874f FOREIGN KEY (order_element_id) REFERENCES orderelement(id);


--
-- Name: fkadeba4bf87fa6b5d; Type: FK CONSTRAINT; Schema: public; Owner: naval
--

ALTER TABLE ONLY task_quality_form_items
    ADD CONSTRAINT fkadeba4bf87fa6b5d FOREIGN KEY (task_quality_form_id) REFERENCES task_quality_form(id);


--
-- Name: fkb05e6e203d72bc6f; Type: FK CONSTRAINT; Schema: public; Owner: naval
--

ALTER TABLE ONLY tasksource
    ADD CONSTRAINT fkb05e6e203d72bc6f FOREIGN KEY (id) REFERENCES taskelement(id);


--
-- Name: fkb05e6e209a2c0abd; Type: FK CONSTRAINT; Schema: public; Owner: naval
--

ALTER TABLE ONLY tasksource
    ADD CONSTRAINT fkb05e6e209a2c0abd FOREIGN KEY (schedulingdata) REFERENCES schedulingdataforversion(id);


--
-- Name: fkbb2f91fa2f2d3aec; Type: FK CONSTRAINT; Schema: public; Owner: naval
--

ALTER TABLE ONLY advancemeasurement
    ADD CONSTRAINT fkbb2f91fa2f2d3aec FOREIGN KEY (advance_assignment_id) REFERENCES advanceassignment(id);


--
-- Name: fkbb2f91faa9e53843; Type: FK CONSTRAINT; Schema: public; Owner: naval
--

ALTER TABLE ONLY advancemeasurement
    ADD CONSTRAINT fkbb2f91faa9e53843 FOREIGN KEY (advance_assignment_id) REFERENCES directadvanceassignment(advance_assignment_id);


--
-- Name: fkbb493f5019256004; Type: FK CONSTRAINT; Schema: public; Owner: naval
--

ALTER TABLE ONLY day_assignment
    ADD CONSTRAINT fkbb493f5019256004 FOREIGN KEY (generic_container_id) REFERENCES genericdayassignmentscontainer(id);


--
-- Name: fkbb493f5048d21790; Type: FK CONSTRAINT; Schema: public; Owner: naval
--

ALTER TABLE ONLY day_assignment
    ADD CONSTRAINT fkbb493f5048d21790 FOREIGN KEY (resource_id) REFERENCES resource(id);


--
-- Name: fkbb493f50510e7a78; Type: FK CONSTRAINT; Schema: public; Owner: naval
--

ALTER TABLE ONLY day_assignment
    ADD CONSTRAINT fkbb493f50510e7a78 FOREIGN KEY (derived_container_id) REFERENCES deriveddayassignmentscontainer(id);


--
-- Name: fkbb493f50756348a8; Type: FK CONSTRAINT; Schema: public; Owner: naval
--

ALTER TABLE ONLY day_assignment
    ADD CONSTRAINT fkbb493f50756348a8 FOREIGN KEY (specific_container_id) REFERENCES specificdayassignmentscontainer(id);


--
-- Name: fkc405554bfd5e49bc; Type: FK CONSTRAINT; Schema: public; Owner: naval
--

ALTER TABLE ONLY effortperday
    ADD CONSTRAINT fkc405554bfd5e49bc FOREIGN KEY (base_calendar_id) REFERENCES calendardata(id);


--
-- Name: fkc5b10467f3909054; Type: FK CONSTRAINT; Schema: public; Owner: naval
--

ALTER TABLE ONLY profile_roles
    ADD CONSTRAINT fkc5b10467f3909054 FOREIGN KEY (profileid) REFERENCES naval_profile(id);


--
-- Name: fkc6c799292c57f12a; Type: FK CONSTRAINT; Schema: public; Owner: naval
--

ALTER TABLE ONLY user_roles
    ADD CONSTRAINT fkc6c799292c57f12a FOREIGN KEY (userid) REFERENCES naval_user(id);


--
-- Name: fkcf1f2cd01ed629ea; Type: FK CONSTRAINT; Schema: public; Owner: naval
--

ALTER TABLE ONLY hoursgroup
    ADD CONSTRAINT fkcf1f2cd01ed629ea FOREIGN KEY (parent_order_line) REFERENCES orderline(orderelementid);


--
-- Name: fkcf1f2cd08bdc6ac6; Type: FK CONSTRAINT; Schema: public; Owner: naval
--

ALTER TABLE ONLY hoursgroup
    ADD CONSTRAINT fkcf1f2cd08bdc6ac6 FOREIGN KEY (order_line_template) REFERENCES orderlinetemplate(order_line_template_id);


--
-- Name: fkd06071e0421c7cf4; Type: FK CONSTRAINT; Schema: public; Owner: naval
--

ALTER TABLE ONLY genericdayassignmentscontainer
    ADD CONSTRAINT fkd06071e0421c7cf4 FOREIGN KEY (scenario) REFERENCES scenario(id);


--
-- Name: fkd06071e0ee970b; Type: FK CONSTRAINT; Schema: public; Owner: naval
--

ALTER TABLE ONLY genericdayassignmentscontainer
    ADD CONSTRAINT fkd06071e0ee970b FOREIGN KEY (resource_allocation_id) REFERENCES generic_resource_allocation(resource_allocation_id);


--
-- Name: fkd3056ef7ddc82952; Type: FK CONSTRAINT; Schema: public; Owner: naval
--

ALTER TABLE ONLY orderlinegrouptemplate
    ADD CONSTRAINT fkd3056ef7ddc82952 FOREIGN KEY (group_template_id) REFERENCES orderelementtemplate(id);


--
-- Name: fkd59fd7b0fd99606d; Type: FK CONSTRAINT; Schema: public; Owner: naval
--

ALTER TABLE ONLY scenario
    ADD CONSTRAINT fkd59fd7b0fd99606d FOREIGN KEY (predecessor) REFERENCES scenario(id);


--
-- Name: fkd7d7eb1286b2de7a; Type: FK CONSTRAINT; Schema: public; Owner: naval
--

ALTER TABLE ONLY machineworkerassignment
    ADD CONSTRAINT fkd7d7eb1286b2de7a FOREIGN KEY (configuration_id) REFERENCES machineworkersconfigurationunit(id);


--
-- Name: fkd7d7eb129bebcf10; Type: FK CONSTRAINT; Schema: public; Owner: naval
--

ALTER TABLE ONLY machineworkerassignment
    ADD CONSTRAINT fkd7d7eb129bebcf10 FOREIGN KEY (worker_id) REFERENCES worker(worker_id);


--
-- Name: fkd9f8f120131853a1; Type: FK CONSTRAINT; Schema: public; Owner: naval
--

ALTER TABLE ONLY work_report_label_type_assigment
    ADD CONSTRAINT fkd9f8f120131853a1 FOREIGN KEY (work_report_type_id) REFERENCES work_report_type(id);


--
-- Name: fkd9f8f120707cd777; Type: FK CONSTRAINT; Schema: public; Owner: naval
--

ALTER TABLE ONLY work_report_label_type_assigment
    ADD CONSTRAINT fkd9f8f120707cd777 FOREIGN KEY (label_type_id) REFERENCES label_type(id);


--
-- Name: fkd9f8f120c1c2746e; Type: FK CONSTRAINT; Schema: public; Owner: naval
--

ALTER TABLE ONLY work_report_label_type_assigment
    ADD CONSTRAINT fkd9f8f120c1c2746e FOREIGN KEY (label_id) REFERENCES label(id);


--
-- Name: fkdbbb4fee1e635c19; Type: FK CONSTRAINT; Schema: public; Owner: naval
--

ALTER TABLE ONLY orderelement
    ADD CONSTRAINT fkdbbb4fee1e635c19 FOREIGN KEY (parent) REFERENCES orderlinegroup(orderelementid);


--
-- Name: fkdbbb4fee7ec17fa6; Type: FK CONSTRAINT; Schema: public; Owner: naval
--

ALTER TABLE ONLY orderelement
    ADD CONSTRAINT fkdbbb4fee7ec17fa6 FOREIGN KEY (sum_charged_hours_id) REFERENCES sumchargedhours(id);


--
-- Name: fkdbbb4feed97bcc8c; Type: FK CONSTRAINT; Schema: public; Owner: naval
--

ALTER TABLE ONLY orderelement
    ADD CONSTRAINT fkdbbb4feed97bcc8c FOREIGN KEY (template) REFERENCES orderelementtemplate(id);


--
-- Name: fkdfdb026919b9dfde; Type: FK CONSTRAINT; Schema: public; Owner: naval
--

ALTER TABLE ONLY advanceassignmenttemplate
    ADD CONSTRAINT fkdfdb026919b9dfde FOREIGN KEY (order_element_template_id) REFERENCES orderelementtemplate(id);


--
-- Name: fkdfdb0269b216ed4c; Type: FK CONSTRAINT; Schema: public; Owner: naval
--

ALTER TABLE ONLY advanceassignmenttemplate
    ADD CONSTRAINT fkdfdb0269b216ed4c FOREIGN KEY (advance_type_id) REFERENCES advancetype(id);


--
-- Name: fke203860c1c2746e; Type: FK CONSTRAINT; Schema: public; Owner: naval
--

ALTER TABLE ONLY order_element_label
    ADD CONSTRAINT fke203860c1c2746e FOREIGN KEY (label_id) REFERENCES label(id);


--
-- Name: fke203860efda874f; Type: FK CONSTRAINT; Schema: public; Owner: naval
--

ALTER TABLE ONLY order_element_label
    ADD CONSTRAINT fke203860efda874f FOREIGN KEY (order_element_id) REFERENCES orderelement(id);


--
-- Name: fke3758148c29ad8eb; Type: FK CONSTRAINT; Schema: public; Owner: naval
--

ALTER TABLE ONLY hour_cost
    ADD CONSTRAINT fke3758148c29ad8eb FOREIGN KEY (cost_category_id) REFERENCES cost_category(id);


--
-- Name: fke3758148d5b6184d; Type: FK CONSTRAINT; Schema: public; Owner: naval
--

ALTER TABLE ONLY hour_cost
    ADD CONSTRAINT fke3758148d5b6184d FOREIGN KEY (type_of_work_hours_id) REFERENCES type_of_work_hours(id);


--
-- Name: fke562c7e93fee60cc; Type: FK CONSTRAINT; Schema: public; Owner: naval
--

ALTER TABLE ONLY external_company
    ADD CONSTRAINT fke562c7e93fee60cc FOREIGN KEY (companyuser) REFERENCES naval_user(id);


--
-- Name: fke9754bc58b37665c; Type: FK CONSTRAINT; Schema: public; Owner: naval
--

ALTER TABLE ONLY quality_form_items
    ADD CONSTRAINT fke9754bc58b37665c FOREIGN KEY (quality_form_id) REFERENCES quality_form(id);


--
-- Name: fkeb02c3f148d21790; Type: FK CONSTRAINT; Schema: public; Owner: naval
--

ALTER TABLE ONLY work_report_line
    ADD CONSTRAINT fkeb02c3f148d21790 FOREIGN KEY (resource_id) REFERENCES resource(id);


--
-- Name: fkeb02c3f1e7e1020b; Type: FK CONSTRAINT; Schema: public; Owner: naval
--

ALTER TABLE ONLY work_report_line
    ADD CONSTRAINT fkeb02c3f1e7e1020b FOREIGN KEY (type_work_hours_id) REFERENCES type_of_work_hours(id);


--
-- Name: fkeb02c3f1efda874f; Type: FK CONSTRAINT; Schema: public; Owner: naval
--

ALTER TABLE ONLY work_report_line
    ADD CONSTRAINT fkeb02c3f1efda874f FOREIGN KEY (order_element_id) REFERENCES orderelement(id);


--
-- Name: fkeb02c3f1f1a3177c; Type: FK CONSTRAINT; Schema: public; Owner: naval
--

ALTER TABLE ONLY work_report_line
    ADD CONSTRAINT fkeb02c3f1f1a3177c FOREIGN KEY (work_report_id) REFERENCES work_report(id);


--
-- Name: fkecc6114019960f43; Type: FK CONSTRAINT; Schema: public; Owner: naval
--

ALTER TABLE ONLY subcontractedtaskdata
    ADD CONSTRAINT fkecc6114019960f43 FOREIGN KEY (externalcompany) REFERENCES external_company(id);


--
-- Name: fkee374673ae0677b8; Type: FK CONSTRAINT; Schema: public; Owner: naval
--

ALTER TABLE ONLY stretches
    ADD CONSTRAINT fkee374673ae0677b8 FOREIGN KEY (assignment_function_id) REFERENCES stretchesfunction(assignment_function_id);


--
-- Name: fkeeedb0fc4cd98327; Type: FK CONSTRAINT; Schema: public; Owner: naval
--

ALTER TABLE ONLY naval_user
    ADD CONSTRAINT fkeeedb0fc4cd98327 FOREIGN KEY (lastconnectedscenario) REFERENCES scenario(id);


--
-- Name: fkef86282edc874c20; Type: FK CONSTRAINT; Schema: public; Owner: naval
--

ALTER TABLE ONLY resource
    ADD CONSTRAINT fkef86282edc874c20 FOREIGN KEY (base_calendar_id) REFERENCES resourcecalendar(base_calendar_id);


--
-- Name: fkf0e8572475ed79ba; Type: FK CONSTRAINT; Schema: public; Owner: naval
--

ALTER TABLE ONLY specific_resource_allocation
    ADD CONSTRAINT fkf0e8572475ed79ba FOREIGN KEY (resource_allocation_id) REFERENCES resourceallocation(id);


--
-- Name: fkf0e85724eae850b2; Type: FK CONSTRAINT; Schema: public; Owner: naval
--

ALTER TABLE ONLY specific_resource_allocation
    ADD CONSTRAINT fkf0e85724eae850b2 FOREIGN KEY (resource) REFERENCES resource(id);


--
-- Name: fkf2a5f7475c390c4; Type: FK CONSTRAINT; Schema: public; Owner: naval
--

ALTER TABLE ONLY description_values_in_line
    ADD CONSTRAINT fkf2a5f7475c390c4 FOREIGN KEY (description_value_id) REFERENCES work_report_line(id);


--
-- Name: fkf436a4163ae24ff8; Type: FK CONSTRAINT; Schema: public; Owner: naval
--

ALTER TABLE ONLY consolidatedvalue
    ADD CONSTRAINT fkf436a4163ae24ff8 FOREIGN KEY (consolidation_id) REFERENCES consolidation(id);


--
-- Name: fkf436a416b96bba28; Type: FK CONSTRAINT; Schema: public; Owner: naval
--

ALTER TABLE ONLY consolidatedvalue
    ADD CONSTRAINT fkf436a416b96bba28 FOREIGN KEY (advance_measurement_id) REFERENCES advancemeasurement(id);


--
-- Name: fkf436a416cec54333; Type: FK CONSTRAINT; Schema: public; Owner: naval
--

ALTER TABLE ONLY consolidatedvalue
    ADD CONSTRAINT fkf436a416cec54333 FOREIGN KEY (consolidation_id) REFERENCES consolidation(id);


--
-- Name: fkf4bee4287fa34e3f; Type: FK CONSTRAINT; Schema: public; Owner: naval
--

ALTER TABLE ONLY calendardata
    ADD CONSTRAINT fkf4bee4287fa34e3f FOREIGN KEY (parent) REFERENCES basecalendar(id);


--
-- Name: fkf4bee428a44abee3; Type: FK CONSTRAINT; Schema: public; Owner: naval
--

ALTER TABLE ONLY calendardata
    ADD CONSTRAINT fkf4bee428a44abee3 FOREIGN KEY (base_calendar_id) REFERENCES basecalendar(id);


--
-- Name: fkf788b34975ed79ba; Type: FK CONSTRAINT; Schema: public; Owner: naval
--

ALTER TABLE ONLY generic_resource_allocation
    ADD CONSTRAINT fkf788b34975ed79ba FOREIGN KEY (resource_allocation_id) REFERENCES resourceallocation(id);


--
-- Name: fkf8df3e0c430ea1de; Type: FK CONSTRAINT; Schema: public; Owner: naval
--

ALTER TABLE ONLY consolidation
    ADD CONSTRAINT fkf8df3e0c430ea1de FOREIGN KEY (ind_advance_assignment_id) REFERENCES indirectadvanceassignment(advance_assignment_id);


--
-- Name: fkf8df3e0c9f1d6611; Type: FK CONSTRAINT; Schema: public; Owner: naval
--

ALTER TABLE ONLY consolidation
    ADD CONSTRAINT fkf8df3e0c9f1d6611 FOREIGN KEY (dir_advance_assignment_id) REFERENCES directadvanceassignment(advance_assignment_id);


--
-- Name: fkf8df3e0cff2b2ba3; Type: FK CONSTRAINT; Schema: public; Owner: naval
--

ALTER TABLE ONLY consolidation
    ADD CONSTRAINT fkf8df3e0cff2b2ba3 FOREIGN KEY (id) REFERENCES task(task_element_id);


--
-- Name: fkfc7b7be62f2d3aec; Type: FK CONSTRAINT; Schema: public; Owner: naval
--

ALTER TABLE ONLY directadvanceassignment
    ADD CONSTRAINT fkfc7b7be62f2d3aec FOREIGN KEY (advance_assignment_id) REFERENCES advanceassignment(id);


--
-- Name: fkfc7b7be6a1127ce5; Type: FK CONSTRAINT; Schema: public; Owner: naval
--

ALTER TABLE ONLY directadvanceassignment
    ADD CONSTRAINT fkfc7b7be6a1127ce5 FOREIGN KEY (direct_order_element_id) REFERENCES orderelement(id);


--
-- Name: fkfd423ff0c1c2746e; Type: FK CONSTRAINT; Schema: public; Owner: naval
--

ALTER TABLE ONLY workreports_labels
    ADD CONSTRAINT fkfd423ff0c1c2746e FOREIGN KEY (label_id) REFERENCES label(id);


--
-- Name: fkfd423ff0f1a3177c; Type: FK CONSTRAINT; Schema: public; Owner: naval
--

ALTER TABLE ONLY workreports_labels
    ADD CONSTRAINT fkfd423ff0f1a3177c FOREIGN KEY (work_report_id) REFERENCES work_report(id);


--
-- Name: fkfd509405b5c68337; Type: FK CONSTRAINT; Schema: public; Owner: naval
--

ALTER TABLE ONLY material_assigment
    ADD CONSTRAINT fkfd509405b5c68337 FOREIGN KEY (material_id) REFERENCES material(id);


--
-- Name: fkfd509405efda874f; Type: FK CONSTRAINT; Schema: public; Owner: naval
--

ALTER TABLE ONLY material_assigment
    ADD CONSTRAINT fkfd509405efda874f FOREIGN KEY (order_element_id) REFERENCES orderelement(id);


--
-- Name: public; Type: ACL; Schema: -; Owner: postgres
--

REVOKE ALL ON SCHEMA public FROM PUBLIC;
REVOKE ALL ON SCHEMA public FROM postgres;
GRANT ALL ON SCHEMA public TO postgres;
GRANT ALL ON SCHEMA public TO PUBLIC;


--
-- PostgreSQL database dump complete
--

