--
-- PostgreSQL database dump
--

SET statement_timeout = 0;
SET client_encoding = 'UTF8';
SET standard_conforming_strings = off;
SET check_function_bodies = false;
SET client_min_messages = warning;
SET escape_string_warning = off;

SET search_path = public, pg_catalog;

SET default_tablespace = '';

SET default_with_oids = false;

--
-- Name: advance_assignment; Type: TABLE; Schema: public; Owner: naval; Tablespace: 
--

CREATE TABLE advance_assignment (
    id bigint NOT NULL,
    version bigint NOT NULL,
    report_global_advance boolean,
    advance_type_id bigint
);


ALTER TABLE public.advance_assignment OWNER TO naval;

--
-- Name: advance_assignment_template; Type: TABLE; Schema: public; Owner: naval; Tablespace: 
--

CREATE TABLE advance_assignment_template (
    id bigint NOT NULL,
    version bigint NOT NULL,
    advance_type_id bigint,
    order_element_template_id bigint,
    report_global_advance boolean,
    max_value numeric(19,2)
);


ALTER TABLE public.advance_assignment_template OWNER TO naval;

--
-- Name: advance_measurement; Type: TABLE; Schema: public; Owner: naval; Tablespace: 
--

CREATE TABLE advance_measurement (
    id bigint NOT NULL,
    version bigint NOT NULL,
    date date,
    value numeric(19,2),
    advance_assignment_id bigint,
    communication_date timestamp without time zone
);


ALTER TABLE public.advance_measurement OWNER TO naval;

--
-- Name: advance_type; Type: TABLE; Schema: public; Owner: naval; Tablespace: 
--

CREATE TABLE advance_type (
    id bigint NOT NULL,
    version bigint NOT NULL,
    unit_name character varying(255),
    default_max_value numeric(19,4),
    updatable boolean,
    unit_precision numeric(19,4),
    active boolean,
    percentage boolean,
    quality_form boolean
);


ALTER TABLE public.advance_type OWNER TO naval;

--
-- Name: all_criterions; Type: TABLE; Schema: public; Owner: naval; Tablespace: 
--

CREATE TABLE all_criterions (
    generic_resource_allocation_id bigint NOT NULL,
    criterion_id bigint NOT NULL
);


ALTER TABLE public.all_criterions OWNER TO naval;

--
-- Name: assignment_function; Type: TABLE; Schema: public; Owner: naval; Tablespace: 
--

CREATE TABLE assignment_function (
    id bigint NOT NULL,
    version bigint NOT NULL
);


ALTER TABLE public.assignment_function OWNER TO naval;

--
-- Name: base_calendar; Type: TABLE; Schema: public; Owner: naval; Tablespace: 
--

CREATE TABLE base_calendar (
    id bigint NOT NULL,
    version bigint NOT NULL,
    code character varying(255) NOT NULL,
    name character varying(255),
    code_autogenerated boolean,
    last_sequence_code integer
);


ALTER TABLE public.base_calendar OWNER TO naval;

--
-- Name: calendar_availability; Type: TABLE; Schema: public; Owner: naval; Tablespace: 
--

CREATE TABLE calendar_availability (
    id bigint NOT NULL,
    version bigint NOT NULL,
    code character varying(255) NOT NULL,
    start_date date,
    end_date date,
    base_calendar_id bigint,
    position_in_calendar integer
);


ALTER TABLE public.calendar_availability OWNER TO naval;

--
-- Name: calendar_data; Type: TABLE; Schema: public; Owner: naval; Tablespace: 
--

CREATE TABLE calendar_data (
    id bigint NOT NULL,
    version bigint NOT NULL,
    code character varying(255) NOT NULL,
    parent bigint,
    expiring_date date,
    base_calendar_id bigint,
    position_in_calendar integer
);


ALTER TABLE public.calendar_data OWNER TO naval;

--
-- Name: calendar_exception; Type: TABLE; Schema: public; Owner: naval; Tablespace: 
--

CREATE TABLE calendar_exception (
    id bigint NOT NULL,
    version bigint NOT NULL,
    code character varying(255) NOT NULL,
    date date,
    duration integer,
    calendar_exception_id bigint,
    base_calendar_id bigint
);


ALTER TABLE public.calendar_exception OWNER TO naval;

--
-- Name: calendar_exception_type; Type: TABLE; Schema: public; Owner: naval; Tablespace: 
--

CREATE TABLE calendar_exception_type (
    id bigint NOT NULL,
    version bigint NOT NULL,
    code character varying(255) NOT NULL,
    code_autogenerated boolean NOT NULL,
    name character varying(255),
    color character varying(255),
    not_assignable boolean,
    duration integer
);


ALTER TABLE public.calendar_exception_type OWNER TO naval;

--
-- Name: configuration; Type: TABLE; Schema: public; Owner: naval; Tablespace: 
--

CREATE TABLE configuration (
    id bigint NOT NULL,
    version bigint NOT NULL,
    configuration_id bigint,
    company_code character varying(255),
    generate_code_for_cost_category boolean NOT NULL,
    generate_code_for_calendar_exception_type boolean NOT NULL,
    generate_code_for_work_report_type boolean NOT NULL,
    generate_code_for_criterion boolean NOT NULL,
    generate_code_for_label boolean NOT NULL,
    generate_code_for_work_report boolean NOT NULL,
    generate_code_for_resources boolean NOT NULL,
    generate_code_for_types_of_work_hours boolean NOT NULL,
    generate_code_for_material_categories boolean NOT NULL,
    generate_code_for_unit_types boolean NOT NULL,
    generate_code_for_base_calendars boolean NOT NULL,
    expand_company_planning_view_charts boolean NOT NULL,
    expand_order_planning_view_charts boolean NOT NULL,
    expand_resource_load_view_charts boolean NOT NULL,
    monte_carlo_method_tab_visible boolean NOT NULL,
    progress_type integer
);


ALTER TABLE public.configuration OWNER TO naval;

--
-- Name: consolidated_value; Type: TABLE; Schema: public; Owner: naval; Tablespace: 
--

CREATE TABLE consolidated_value (
    id bigint NOT NULL,
    consolidated_value_type character varying(255) NOT NULL,
    version bigint NOT NULL,
    date date,
    value numeric(19,2),
    task_end_date date,
    consolidation_id bigint,
    advance_measurement_id bigint
);


ALTER TABLE public.consolidated_value OWNER TO naval;

--
-- Name: consolidation; Type: TABLE; Schema: public; Owner: naval; Tablespace: 
--

CREATE TABLE consolidation (
    id bigint NOT NULL,
    consolidation_type character varying(255) NOT NULL,
    version bigint NOT NULL,
    dir_advance_assignment_id bigint,
    ind_advance_assignment_id bigint
);


ALTER TABLE public.consolidation OWNER TO naval;

--
-- Name: cost_category; Type: TABLE; Schema: public; Owner: naval; Tablespace: 
--

CREATE TABLE cost_category (
    id bigint NOT NULL,
    version bigint NOT NULL,
    code character varying(255) NOT NULL,
    name character varying(255),
    code_autogenerated boolean NOT NULL,
    last_hour_cost_sequence_code integer NOT NULL,
    enabled boolean
);


ALTER TABLE public.cost_category OWNER TO naval;

--
-- Name: criterion; Type: TABLE; Schema: public; Owner: naval; Tablespace: 
--

CREATE TABLE criterion (
    id bigint NOT NULL,
    version bigint NOT NULL,
    code character varying(255) NOT NULL,
    name character varying(255),
    predefined_criterion_internal_name character varying(255),
    active boolean,
    id_criterion_type bigint NOT NULL,
    parent bigint
);


ALTER TABLE public.criterion OWNER TO naval;

--
-- Name: criterion_requirement; Type: TABLE; Schema: public; Owner: naval; Tablespace: 
--

CREATE TABLE criterion_requirement (
    id bigint NOT NULL,
    criterion_requirement_type character varying(255) NOT NULL,
    version bigint NOT NULL,
    hours_group_id bigint,
    order_element_id bigint,
    order_element_template_id bigint,
    criterion_id bigint,
    parent bigint,
    valid boolean
);


ALTER TABLE public.criterion_requirement OWNER TO naval;

--
-- Name: criterion_satisfaction; Type: TABLE; Schema: public; Owner: naval; Tablespace: 
--

CREATE TABLE criterion_satisfaction (
    id bigint NOT NULL,
    version bigint NOT NULL,
    code character varying(255) NOT NULL,
    start_date timestamp without time zone NOT NULL,
    finish_date timestamp without time zone,
    is_deleted boolean,
    criterion bigint NOT NULL,
    resource bigint NOT NULL
);


ALTER TABLE public.criterion_satisfaction OWNER TO naval;

--
-- Name: criterion_type; Type: TABLE; Schema: public; Owner: naval; Tablespace: 
--

CREATE TABLE criterion_type (
    id bigint NOT NULL,
    version bigint NOT NULL,
    code character varying(255) NOT NULL,
    name character varying(255),
    predefined_type_internal_name character varying(255),
    description character varying(255),
    allow_simultaneous_criterions_per_resource boolean,
    allow_hierarchy boolean,
    last_criterion_sequence_code integer,
    enabled boolean,
    code_autogenerated boolean NOT NULL,
    resource integer
);


ALTER TABLE public.criterion_type OWNER TO naval;

--
-- Name: databasechangelog; Type: TABLE; Schema: public; Owner: naval; Tablespace: 
--

CREATE TABLE databasechangelog (
    id character varying(63) NOT NULL,
    author character varying(63) NOT NULL,
    filename character varying(200) NOT NULL,
    dateexecuted timestamp with time zone NOT NULL,
    orderexecuted integer NOT NULL,
    exectype character varying(10) NOT NULL,
    md5sum character varying(35),
    description character varying(255),
    comments character varying(255),
    tag character varying(255),
    liquibase character varying(20)
);


ALTER TABLE public.databasechangelog OWNER TO naval;

--
-- Name: databasechangeloglock; Type: TABLE; Schema: public; Owner: naval; Tablespace: 
--

CREATE TABLE databasechangeloglock (
    id integer NOT NULL,
    locked boolean NOT NULL,
    lockgranted timestamp with time zone,
    lockedby character varying(255)
);


ALTER TABLE public.databasechangeloglock OWNER TO naval;

--
-- Name: day_assignment; Type: TABLE; Schema: public; Owner: naval; Tablespace: 
--

CREATE TABLE day_assignment (
    id bigint NOT NULL,
    day_assignment_type character varying(255) NOT NULL,
    version bigint NOT NULL,
    duration integer NOT NULL,
    consolidated boolean,
    day date NOT NULL,
    resource_id bigint NOT NULL,
    specific_container_id bigint,
    generic_container_id bigint,
    derived_container_id bigint
);


ALTER TABLE public.day_assignment OWNER TO naval;

--
-- Name: dependency; Type: TABLE; Schema: public; Owner: naval; Tablespace: 
--

CREATE TABLE dependency (
    id bigint NOT NULL,
    version bigint NOT NULL,
    origin bigint,
    destination bigint,
    queue_dependency bigint,
    type integer
);


ALTER TABLE public.dependency OWNER TO naval;

--
-- Name: derived_allocation; Type: TABLE; Schema: public; Owner: naval; Tablespace: 
--

CREATE TABLE derived_allocation (
    id bigint NOT NULL,
    version bigint NOT NULL,
    resource_allocation_id bigint,
    configurationunit bigint NOT NULL
);


ALTER TABLE public.derived_allocation OWNER TO naval;

--
-- Name: derived_day_assignments_container; Type: TABLE; Schema: public; Owner: naval; Tablespace: 
--

CREATE TABLE derived_day_assignments_container (
    id bigint NOT NULL,
    version bigint NOT NULL,
    derived_allocation_id bigint,
    scenario bigint
);


ALTER TABLE public.derived_day_assignments_container OWNER TO naval;

--
-- Name: description_values; Type: TABLE; Schema: public; Owner: naval; Tablespace: 
--

CREATE TABLE description_values (
    description_value_id bigint NOT NULL,
    fieldname character varying(255),
    value character varying(255)
);


ALTER TABLE public.description_values OWNER TO naval;

--
-- Name: description_values_in_line; Type: TABLE; Schema: public; Owner: naval; Tablespace: 
--

CREATE TABLE description_values_in_line (
    description_value_id bigint NOT NULL,
    field_name character varying(255),
    value character varying(255)
);


ALTER TABLE public.description_values_in_line OWNER TO naval;

--
-- Name: direct_advance_assignment; Type: TABLE; Schema: public; Owner: naval; Tablespace: 
--

CREATE TABLE direct_advance_assignment (
    advance_assignment_id bigint NOT NULL,
    direct_order_element_id bigint,
    max_value numeric(19,2)
);


ALTER TABLE public.direct_advance_assignment OWNER TO naval;

--
-- Name: effortperday; Type: TABLE; Schema: public; Owner: naval; Tablespace: 
--

CREATE TABLE effortperday (
    base_calendar_id bigint NOT NULL,
    effort integer,
    day_id integer NOT NULL
);


ALTER TABLE public.effortperday OWNER TO naval;

--
-- Name: entity_sequence; Type: TABLE; Schema: public; Owner: naval; Tablespace: 
--

CREATE TABLE entity_sequence (
    id bigint NOT NULL,
    version bigint NOT NULL,
    entity_name integer,
    prefix character varying(255),
    last_value integer,
    number_of_digits integer,
    active boolean
);


ALTER TABLE public.entity_sequence OWNER TO naval;

--
-- Name: external_company; Type: TABLE; Schema: public; Owner: naval; Tablespace: 
--

CREATE TABLE external_company (
    id bigint NOT NULL,
    version bigint NOT NULL,
    name character varying(255),
    nif character varying(255),
    client boolean,
    subcontractor boolean,
    interacts_with_applications boolean,
    app_uri character varying(255),
    our_company_login character varying(255),
    our_company_password character varying(255),
    company_user bigint
);


ALTER TABLE public.external_company OWNER TO naval;

--
-- Name: generic_day_assignments_container; Type: TABLE; Schema: public; Owner: naval; Tablespace: 
--

CREATE TABLE generic_day_assignments_container (
    id bigint NOT NULL,
    version bigint NOT NULL,
    resource_allocation_id bigint,
    scenario bigint,
    start_date date,
    duration_start_in_first_day integer,
    end_date date,
    duration_in_last_day integer
);


ALTER TABLE public.generic_day_assignments_container OWNER TO naval;

--
-- Name: generic_resource_allocation; Type: TABLE; Schema: public; Owner: naval; Tablespace: 
--

CREATE TABLE generic_resource_allocation (
    resource_allocation_id bigint NOT NULL,
    resource_type integer
);


ALTER TABLE public.generic_resource_allocation OWNER TO naval;

--
-- Name: heading_field; Type: TABLE; Schema: public; Owner: naval; Tablespace: 
--

CREATE TABLE heading_field (
    heading_id bigint NOT NULL,
    fieldname character varying(255),
    length integer,
    positionnumber integer
);


ALTER TABLE public.heading_field OWNER TO naval;

--
-- Name: hibernate_unique_key; Type: TABLE; Schema: public; Owner: naval; Tablespace: 
--

CREATE TABLE hibernate_unique_key (
    next_hi integer
);


ALTER TABLE public.hibernate_unique_key OWNER TO naval;

--
-- Name: hour_cost; Type: TABLE; Schema: public; Owner: naval; Tablespace: 
--

CREATE TABLE hour_cost (
    id bigint NOT NULL,
    version bigint NOT NULL,
    code character varying(255) NOT NULL,
    price_cost numeric(19,2),
    init_date date,
    end_date date,
    type_of_work_hours_id bigint,
    cost_category_id bigint
);


ALTER TABLE public.hour_cost OWNER TO naval;

--
-- Name: hours_group; Type: TABLE; Schema: public; Owner: naval; Tablespace: 
--

CREATE TABLE hours_group (
    id bigint NOT NULL,
    version bigint NOT NULL,
    code character varying(255) NOT NULL,
    resource_type character varying(255),
    working_hours integer NOT NULL,
    percentage numeric(19,2),
    fixed_percentage boolean,
    parent_order_line bigint,
    order_line_template bigint
);


ALTER TABLE public.hours_group OWNER TO naval;

--
-- Name: indirect_advance_assignment; Type: TABLE; Schema: public; Owner: naval; Tablespace: 
--

CREATE TABLE indirect_advance_assignment (
    advance_assignment_id bigint NOT NULL,
    indirect_order_element_id bigint
);


ALTER TABLE public.indirect_advance_assignment OWNER TO naval;

--
-- Name: label; Type: TABLE; Schema: public; Owner: naval; Tablespace: 
--

CREATE TABLE label (
    id bigint NOT NULL,
    version bigint NOT NULL,
    code character varying(255) NOT NULL,
    name character varying(255),
    label_type_id bigint
);


ALTER TABLE public.label OWNER TO naval;

--
-- Name: label_type; Type: TABLE; Schema: public; Owner: naval; Tablespace: 
--

CREATE TABLE label_type (
    id bigint NOT NULL,
    version bigint NOT NULL,
    code character varying(255) NOT NULL,
    name character varying(255),
    code_autogenerated boolean NOT NULL,
    last_label_sequence_code integer
);


ALTER TABLE public.label_type OWNER TO naval;

--
-- Name: limiting_resource_queue; Type: TABLE; Schema: public; Owner: naval; Tablespace: 
--

CREATE TABLE limiting_resource_queue (
    id bigint NOT NULL,
    version bigint NOT NULL,
    resource_id bigint
);


ALTER TABLE public.limiting_resource_queue OWNER TO naval;

--
-- Name: limiting_resource_queue_dependency; Type: TABLE; Schema: public; Owner: naval; Tablespace: 
--

CREATE TABLE limiting_resource_queue_dependency (
    id bigint NOT NULL,
    type integer,
    origin_queue_element_id bigint,
    destiny_queue_element_id bigint
);


ALTER TABLE public.limiting_resource_queue_dependency OWNER TO naval;

--
-- Name: limiting_resource_queue_element; Type: TABLE; Schema: public; Owner: naval; Tablespace: 
--

CREATE TABLE limiting_resource_queue_element (
    id bigint NOT NULL,
    version bigint NOT NULL,
    resource_allocation_id bigint,
    limiting_resource_queue_id bigint,
    earlier_start_date_because_of_gantt timestamp without time zone,
    earliest_end_date_because_of_gantt timestamp without time zone,
    creation_timestamp bigint,
    start_date date,
    start_hour integer,
    end_date date,
    end_hour integer
);


ALTER TABLE public.limiting_resource_queue_element OWNER TO naval;

--
-- Name: line_field; Type: TABLE; Schema: public; Owner: naval; Tablespace: 
--

CREATE TABLE line_field (
    heading_id bigint NOT NULL,
    fieldname character varying(255),
    length integer,
    positionnumber integer
);


ALTER TABLE public.line_field OWNER TO naval;

--
-- Name: machine; Type: TABLE; Schema: public; Owner: naval; Tablespace: 
--

CREATE TABLE machine (
    machine_id bigint NOT NULL,
    name character varying(255),
    description character varying(255)
);


ALTER TABLE public.machine OWNER TO naval;

--
-- Name: machine_configuration_unit_required_criterions; Type: TABLE; Schema: public; Owner: naval; Tablespace: 
--

CREATE TABLE machine_configuration_unit_required_criterions (
    id bigint NOT NULL,
    criterion_id bigint NOT NULL
);


ALTER TABLE public.machine_configuration_unit_required_criterions OWNER TO naval;

--
-- Name: machine_worker_assignment; Type: TABLE; Schema: public; Owner: naval; Tablespace: 
--

CREATE TABLE machine_worker_assignment (
    id bigint NOT NULL,
    version bigint NOT NULL,
    start_date timestamp without time zone,
    finish_date timestamp without time zone,
    configuration_id bigint NOT NULL,
    worker_id bigint
);


ALTER TABLE public.machine_worker_assignment OWNER TO naval;

--
-- Name: machine_workers_configuration_unit; Type: TABLE; Schema: public; Owner: naval; Tablespace: 
--

CREATE TABLE machine_workers_configuration_unit (
    id bigint NOT NULL,
    version bigint NOT NULL,
    name character varying(255) NOT NULL,
    alpha numeric(19,2) NOT NULL,
    machine bigint NOT NULL
);


ALTER TABLE public.machine_workers_configuration_unit OWNER TO naval;

--
-- Name: material; Type: TABLE; Schema: public; Owner: naval; Tablespace: 
--

CREATE TABLE material (
    id bigint NOT NULL,
    version bigint NOT NULL,
    code character varying(255) NOT NULL,
    description character varying(255),
    default_unit_price numeric(19,2),
    unit_type bigint,
    disabled boolean,
    category_id bigint
);


ALTER TABLE public.material OWNER TO naval;

--
-- Name: material_assigment; Type: TABLE; Schema: public; Owner: naval; Tablespace: 
--

CREATE TABLE material_assigment (
    id bigint NOT NULL,
    version bigint NOT NULL,
    units double precision,
    unit_price numeric(19,2),
    material_id bigint,
    estimated_availability timestamp without time zone,
    status integer,
    order_element_id bigint
);


ALTER TABLE public.material_assigment OWNER TO naval;

--
-- Name: material_assigment_template; Type: TABLE; Schema: public; Owner: naval; Tablespace: 
--

CREATE TABLE material_assigment_template (
    id bigint NOT NULL,
    version bigint NOT NULL,
    units double precision,
    unit_price numeric(19,2),
    material_id bigint,
    order_element_template_id bigint
);


ALTER TABLE public.material_assigment_template OWNER TO naval;

--
-- Name: material_category; Type: TABLE; Schema: public; Owner: naval; Tablespace: 
--

CREATE TABLE material_category (
    id bigint NOT NULL,
    version bigint NOT NULL,
    code character varying(255) NOT NULL,
    name character varying(255),
    code_autogenerated boolean NOT NULL,
    last_material_sequence_code integer NOT NULL,
    parent_id bigint
);


ALTER TABLE public.material_category OWNER TO naval;

--
-- Name: order_authorization; Type: TABLE; Schema: public; Owner: naval; Tablespace: 
--

CREATE TABLE order_authorization (
    id bigint NOT NULL,
    order_authorization_subclass character varying(255) NOT NULL,
    version bigint NOT NULL,
    authorization_type character varying(255) NOT NULL,
    order_id bigint,
    user_id bigint,
    profile_id bigint
);


ALTER TABLE public.order_authorization OWNER TO naval;

--
-- Name: order_element; Type: TABLE; Schema: public; Owner: naval; Tablespace: 
--

CREATE TABLE order_element (
    id bigint NOT NULL,
    version bigint NOT NULL,
    name character varying(255),
    description character varying(255),
    code character varying(255),
    init_date timestamp without time zone,
    deadline timestamp without time zone,
    last_advance_meausurement_for_spreading numeric(19,2),
    dirty_last_advance_measurement_for_spreading boolean,
    parent bigint,
    template bigint,
    external_code character varying(255),
    sum_charged_hours_id bigint,
    position_in_container integer
);


ALTER TABLE public.order_element OWNER TO naval;

--
-- Name: order_element_label; Type: TABLE; Schema: public; Owner: naval; Tablespace: 
--

CREATE TABLE order_element_label (
    order_element_id bigint NOT NULL,
    label_id bigint NOT NULL
);


ALTER TABLE public.order_element_label OWNER TO naval;

--
-- Name: order_element_template; Type: TABLE; Schema: public; Owner: naval; Tablespace: 
--

CREATE TABLE order_element_template (
    id bigint NOT NULL,
    version bigint NOT NULL,
    name character varying(255),
    description character varying(255),
    code character varying(255),
    start_as_days_from_beginning integer,
    deadline_as_days_from_beginning integer,
    scheduling_state_type integer,
    parent bigint,
    position_in_container integer
);


ALTER TABLE public.order_element_template OWNER TO naval;

--
-- Name: order_element_template_label; Type: TABLE; Schema: public; Owner: naval; Tablespace: 
--

CREATE TABLE order_element_template_label (
    order_element_template_id bigint NOT NULL,
    label_id bigint NOT NULL
);


ALTER TABLE public.order_element_template_label OWNER TO naval;

--
-- Name: order_element_template_quality_form; Type: TABLE; Schema: public; Owner: naval; Tablespace: 
--

CREATE TABLE order_element_template_quality_form (
    order_element_template_id bigint NOT NULL,
    quality_form_id bigint NOT NULL
);


ALTER TABLE public.order_element_template_quality_form OWNER TO naval;

--
-- Name: order_line; Type: TABLE; Schema: public; Owner: naval; Tablespace: 
--

CREATE TABLE order_line (
    order_element_id bigint NOT NULL,
    last_hours_group_sequence_code integer
);


ALTER TABLE public.order_line OWNER TO naval;

--
-- Name: order_line_group; Type: TABLE; Schema: public; Owner: naval; Tablespace: 
--

CREATE TABLE order_line_group (
    order_element_id bigint NOT NULL
);


ALTER TABLE public.order_line_group OWNER TO naval;

--
-- Name: order_line_group_template; Type: TABLE; Schema: public; Owner: naval; Tablespace: 
--

CREATE TABLE order_line_group_template (
    group_template_id bigint NOT NULL
);


ALTER TABLE public.order_line_group_template OWNER TO naval;

--
-- Name: order_line_template; Type: TABLE; Schema: public; Owner: naval; Tablespace: 
--

CREATE TABLE order_line_template (
    order_line_template_id bigint NOT NULL,
    last_hours_group_sequence_code integer
);


ALTER TABLE public.order_line_template OWNER TO naval;

--
-- Name: order_table; Type: TABLE; Schema: public; Owner: naval; Tablespace: 
--

CREATE TABLE order_table (
    order_element_id bigint NOT NULL,
    responsible character varying(255),
    dependencies_constraints_have_priority boolean,
    code_autogenerated boolean,
    last_order_element_sequence_code integer,
    work_budget numeric(19,2),
    materials_budget numeric(19,2),
    total_hours integer,
    customer_reference character varying(255),
    external_code character varying(255),
    state integer,
    customer bigint,
    base_calendar_id bigint
);


ALTER TABLE public.order_table OWNER TO naval;

--
-- Name: order_template; Type: TABLE; Schema: public; Owner: naval; Tablespace: 
--

CREATE TABLE order_template (
    order_template_id bigint NOT NULL,
    base_calendar_id bigint
);


ALTER TABLE public.order_template OWNER TO naval;

--
-- Name: order_version; Type: TABLE; Schema: public; Owner: naval; Tablespace: 
--

CREATE TABLE order_version (
    id bigint NOT NULL,
    version bigint NOT NULL,
    modification_by_owner_timestamp timestamp without time zone,
    ownerscenario bigint
);


ALTER TABLE public.order_version OWNER TO naval;

--
-- Name: planning_data; Type: TABLE; Schema: public; Owner: naval; Tablespace: 
--

CREATE TABLE planning_data (
    planning_data_id bigint NOT NULL,
    progress_by_duration numeric(19,2),
    progress_by_num_hours numeric(19,2)
);


ALTER TABLE public.planning_data OWNER TO naval;

--
-- Name: profile_roles; Type: TABLE; Schema: public; Owner: naval; Tablespace: 
--

CREATE TABLE profile_roles (
    profile_id bigint NOT NULL,
    elt character varying(255)
);


ALTER TABLE public.profile_roles OWNER TO naval;

--
-- Name: profile_table; Type: TABLE; Schema: public; Owner: naval; Tablespace: 
--

CREATE TABLE profile_table (
    id bigint NOT NULL,
    version bigint NOT NULL,
    profile_name character varying(255) NOT NULL
);


ALTER TABLE public.profile_table OWNER TO naval;

--
-- Name: quality_form; Type: TABLE; Schema: public; Owner: naval; Tablespace: 
--

CREATE TABLE quality_form (
    id bigint NOT NULL,
    version bigint NOT NULL,
    name character varying(255),
    description character varying(255),
    quality_form_type integer,
    report_advance boolean,
    advance_type_id bigint
);


ALTER TABLE public.quality_form OWNER TO naval;

--
-- Name: quality_form_items; Type: TABLE; Schema: public; Owner: naval; Tablespace: 
--

CREATE TABLE quality_form_items (
    quality_form_id bigint NOT NULL,
    name character varying(255),
    percentage numeric(19,2),
    "position" integer,
    idx integer NOT NULL
);


ALTER TABLE public.quality_form_items OWNER TO naval;

--
-- Name: resource; Type: TABLE; Schema: public; Owner: naval; Tablespace: 
--

CREATE TABLE resource (
    id bigint NOT NULL,
    version bigint NOT NULL,
    code character varying(255) NOT NULL,
    code_autogenerated boolean NOT NULL,
    limited_resource boolean NOT NULL,
    base_calendar_id bigint
);


ALTER TABLE public.resource OWNER TO naval;

--
-- Name: resource_allocation; Type: TABLE; Schema: public; Owner: naval; Tablespace: 
--

CREATE TABLE resource_allocation (
    id bigint NOT NULL,
    version bigint NOT NULL,
    resources_per_day numeric(19,2),
    intended_total_hours integer,
    original_total_assignment integer,
    task bigint,
    assignment_function bigint
);


ALTER TABLE public.resource_allocation OWNER TO naval;

--
-- Name: resource_calendar; Type: TABLE; Schema: public; Owner: naval; Tablespace: 
--

CREATE TABLE resource_calendar (
    base_calendar_id bigint NOT NULL,
    capacity integer NOT NULL
);


ALTER TABLE public.resource_calendar OWNER TO naval;

--
-- Name: resources_cost_category_assignment; Type: TABLE; Schema: public; Owner: naval; Tablespace: 
--

CREATE TABLE resources_cost_category_assignment (
    id bigint NOT NULL,
    version bigint NOT NULL,
    code character varying(255) NOT NULL,
    init_date date,
    end_date date,
    cost_category_id bigint,
    resource_id bigint
);


ALTER TABLE public.resources_cost_category_assignment OWNER TO naval;

--
-- Name: roles_table; Type: TABLE; Schema: public; Owner: naval; Tablespace: 
--

CREATE TABLE roles_table (
    user_id bigint NOT NULL,
    elt character varying(255)
);


ALTER TABLE public.roles_table OWNER TO naval;

--
-- Name: scenario; Type: TABLE; Schema: public; Owner: naval; Tablespace: 
--

CREATE TABLE scenario (
    id bigint NOT NULL,
    version bigint NOT NULL,
    name character varying(255),
    description character varying(255),
    last_not_owned_reassignations_time_stamp timestamp without time zone,
    predecessor bigint
);


ALTER TABLE public.scenario OWNER TO naval;

--
-- Name: scenario_orders; Type: TABLE; Schema: public; Owner: naval; Tablespace: 
--

CREATE TABLE scenario_orders (
    order_id bigint NOT NULL,
    order_version_id bigint NOT NULL,
    scenario_id bigint NOT NULL
);


ALTER TABLE public.scenario_orders OWNER TO naval;

--
-- Name: scheduling_data_for_version; Type: TABLE; Schema: public; Owner: naval; Tablespace: 
--

CREATE TABLE scheduling_data_for_version (
    id bigint NOT NULL,
    version bigint NOT NULL,
    scheduling_state_type integer,
    order_element_id bigint
);


ALTER TABLE public.scheduling_data_for_version OWNER TO naval;

--
-- Name: scheduling_states_by_order_version; Type: TABLE; Schema: public; Owner: naval; Tablespace: 
--

CREATE TABLE scheduling_states_by_order_version (
    order_element_id bigint NOT NULL,
    scheduling_state_for_version_id bigint NOT NULL,
    order_version_id bigint NOT NULL
);


ALTER TABLE public.scheduling_states_by_order_version OWNER TO naval;

--
-- Name: sigmoid_function; Type: TABLE; Schema: public; Owner: naval; Tablespace: 
--

CREATE TABLE sigmoid_function (
    assignment_function_id bigint NOT NULL
);


ALTER TABLE public.sigmoid_function OWNER TO naval;

--
-- Name: specific_day_assignments_container; Type: TABLE; Schema: public; Owner: naval; Tablespace: 
--

CREATE TABLE specific_day_assignments_container (
    id bigint NOT NULL,
    version bigint NOT NULL,
    resource_allocation_id bigint,
    scenario bigint,
    start_date date,
    duration_start_in_first_day integer,
    end_date date,
    duration_in_last_day integer
);


ALTER TABLE public.specific_day_assignments_container OWNER TO naval;

--
-- Name: specific_resource_allocation; Type: TABLE; Schema: public; Owner: naval; Tablespace: 
--

CREATE TABLE specific_resource_allocation (
    resource_allocation_id bigint NOT NULL,
    resource bigint
);


ALTER TABLE public.specific_resource_allocation OWNER TO naval;

--
-- Name: stretches; Type: TABLE; Schema: public; Owner: naval; Tablespace: 
--

CREATE TABLE stretches (
    assignment_function_id bigint NOT NULL,
    date date NOT NULL,
    length_percentage numeric(19,2) NOT NULL,
    amount_work_percentage numeric(19,2) NOT NULL,
    stretch_position integer NOT NULL
);


ALTER TABLE public.stretches OWNER TO naval;

--
-- Name: stretches_function; Type: TABLE; Schema: public; Owner: naval; Tablespace: 
--

CREATE TABLE stretches_function (
    assignment_function_id bigint NOT NULL,
    type integer
);


ALTER TABLE public.stretches_function OWNER TO naval;

--
-- Name: subcontracted_task_data; Type: TABLE; Schema: public; Owner: naval; Tablespace: 
--

CREATE TABLE subcontracted_task_data (
    id bigint NOT NULL,
    version bigint NOT NULL,
    external_company bigint,
    subcontratation_date timestamp without time zone,
    subcontract_communication_date timestamp without time zone,
    work_description character varying(255),
    subcontract_price numeric(19,2),
    subcontracted_code character varying(255),
    node_without_children_exported boolean,
    labels_exported boolean,
    material_assignments_exported boolean,
    hours_groups_exported boolean,
    state integer
);


ALTER TABLE public.subcontracted_task_data OWNER TO naval;

--
-- Name: sum_charged_hours; Type: TABLE; Schema: public; Owner: naval; Tablespace: 
--

CREATE TABLE sum_charged_hours (
    id bigint NOT NULL,
    version bigint NOT NULL,
    direct_charged_hours integer,
    indirect_charged_hours integer
);


ALTER TABLE public.sum_charged_hours OWNER TO naval;

--
-- Name: task; Type: TABLE; Schema: public; Owner: naval; Tablespace: 
--

CREATE TABLE task (
    task_element_id bigint NOT NULL,
    calculated_value integer,
    start_constraint_type integer,
    constraint_date date,
    workable_days integer,
    allocation_direction integer,
    subcontrated_task_data_id bigint,
    priority integer
);


ALTER TABLE public.task OWNER TO naval;

--
-- Name: task_element; Type: TABLE; Schema: public; Owner: naval; Tablespace: 
--

CREATE TABLE task_element (
    id bigint NOT NULL,
    version bigint NOT NULL,
    name character varying(255),
    notes character varying(255),
    start_date date NOT NULL,
    start_day_duration integer,
    end_date date NOT NULL,
    end_day_duration integer,
    deadline date,
    advance_percentage numeric(19,4),
    sum_of_hours_allocated integer,
    parent bigint,
    base_calendar_id bigint,
    position_in_parent integer
);


ALTER TABLE public.task_element OWNER TO naval;

--
-- Name: task_group; Type: TABLE; Schema: public; Owner: naval; Tablespace: 
--

CREATE TABLE task_group (
    task_element_id bigint NOT NULL
);


ALTER TABLE public.task_group OWNER TO naval;

--
-- Name: task_milestone; Type: TABLE; Schema: public; Owner: naval; Tablespace: 
--

CREATE TABLE task_milestone (
    task_element_id bigint NOT NULL,
    start_constraint_type integer,
    constraint_date bytea
);


ALTER TABLE public.task_milestone OWNER TO naval;

--
-- Name: task_quality_form; Type: TABLE; Schema: public; Owner: naval; Tablespace: 
--

CREATE TABLE task_quality_form (
    id bigint NOT NULL,
    version bigint NOT NULL,
    quality_form_id bigint,
    order_element_id bigint,
    report_advance boolean
);


ALTER TABLE public.task_quality_form OWNER TO naval;

--
-- Name: task_quality_form_items; Type: TABLE; Schema: public; Owner: naval; Tablespace: 
--

CREATE TABLE task_quality_form_items (
    task_quality_form_id bigint NOT NULL,
    name character varying(255),
    percentage numeric(19,2),
    "position" integer,
    passed boolean,
    date timestamp without time zone,
    idx integer NOT NULL
);


ALTER TABLE public.task_quality_form_items OWNER TO naval;

--
-- Name: task_source; Type: TABLE; Schema: public; Owner: naval; Tablespace: 
--

CREATE TABLE task_source (
    id bigint NOT NULL,
    version bigint NOT NULL,
    schedulingdata bigint
);


ALTER TABLE public.task_source OWNER TO naval;

--
-- Name: task_source_hours_groups; Type: TABLE; Schema: public; Owner: naval; Tablespace: 
--

CREATE TABLE task_source_hours_groups (
    task_source_id bigint NOT NULL,
    hours_group_id bigint NOT NULL
);


ALTER TABLE public.task_source_hours_groups OWNER TO naval;

--
-- Name: type_of_work_hours; Type: TABLE; Schema: public; Owner: naval; Tablespace: 
--

CREATE TABLE type_of_work_hours (
    id bigint NOT NULL,
    version bigint NOT NULL,
    name character varying(255),
    code character varying(255),
    default_price numeric(19,2),
    enabled boolean,
    code_autogenerated boolean NOT NULL
);


ALTER TABLE public.type_of_work_hours OWNER TO naval;

--
-- Name: unit_type; Type: TABLE; Schema: public; Owner: naval; Tablespace: 
--

CREATE TABLE unit_type (
    id bigint NOT NULL,
    version bigint NOT NULL,
    code character varying(255) NOT NULL,
    measure character varying(255),
    code_autogenerated boolean NOT NULL
);


ALTER TABLE public.unit_type OWNER TO naval;

--
-- Name: user_profiles; Type: TABLE; Schema: public; Owner: naval; Tablespace: 
--

CREATE TABLE user_profiles (
    user_id bigint NOT NULL,
    profile_id bigint NOT NULL
);


ALTER TABLE public.user_profiles OWNER TO naval;

--
-- Name: user_table; Type: TABLE; Schema: public; Owner: naval; Tablespace: 
--

CREATE TABLE user_table (
    id bigint NOT NULL,
    version bigint NOT NULL,
    login_name character varying(255) NOT NULL,
    password character varying(255) NOT NULL,
    email character varying(255),
    disabled boolean,
    lastconnectedscenario bigint
);


ALTER TABLE public.user_table OWNER TO naval;

--
-- Name: virtual_worker; Type: TABLE; Schema: public; Owner: naval; Tablespace: 
--

CREATE TABLE virtual_worker (
    virtual_worker_id bigint NOT NULL,
    observations character varying(255)
);


ALTER TABLE public.virtual_worker OWNER TO naval;

--
-- Name: work_report; Type: TABLE; Schema: public; Owner: naval; Tablespace: 
--

CREATE TABLE work_report (
    id bigint NOT NULL,
    version bigint NOT NULL,
    code character varying(255) NOT NULL,
    date timestamp without time zone,
    code_autogenerated boolean NOT NULL,
    last_work_report_line_sequence_code integer,
    ork_report_type_id bigint NOT NULL,
    resource_id bigint,
    order_element_id bigint
);


ALTER TABLE public.work_report OWNER TO naval;

--
-- Name: work_report_label_type_assigment; Type: TABLE; Schema: public; Owner: naval; Tablespace: 
--

CREATE TABLE work_report_label_type_assigment (
    id bigint NOT NULL,
    version bigint NOT NULL,
    labels_shared_by_lines boolean,
    position_number integer,
    label_type_id bigint,
    label_id bigint,
    work_report_type_id bigint
);


ALTER TABLE public.work_report_label_type_assigment OWNER TO naval;

--
-- Name: work_report_line; Type: TABLE; Schema: public; Owner: naval; Tablespace: 
--

CREATE TABLE work_report_line (
    id bigint NOT NULL,
    version bigint NOT NULL,
    code character varying(255) NOT NULL,
    num_hours integer,
    date timestamp without time zone,
    clock_start integer,
    clock_finish integer,
    work_report_id bigint,
    resource_id bigint NOT NULL,
    order_element_id bigint NOT NULL,
    type_work_hours_id bigint NOT NULL
);


ALTER TABLE public.work_report_line OWNER TO naval;

--
-- Name: work_report_type; Type: TABLE; Schema: public; Owner: naval; Tablespace: 
--

CREATE TABLE work_report_type (
    id bigint NOT NULL,
    version bigint NOT NULL,
    name character varying(255),
    code character varying(255),
    date_is_shared_by_lines boolean,
    resource_is_shared_in_lines boolean,
    order_element_is_shared_in_lines boolean,
    code_autogenerated boolean NOT NULL,
    hours_management integer
);


ALTER TABLE public.work_report_type OWNER TO naval;

--
-- Name: worker; Type: TABLE; Schema: public; Owner: naval; Tablespace: 
--

CREATE TABLE worker (
    worker_id bigint NOT NULL,
    first_name character varying(255),
    surname character varying(255),
    nif character varying(255)
);


ALTER TABLE public.worker OWNER TO naval;

--
-- Name: workreports_labels; Type: TABLE; Schema: public; Owner: naval; Tablespace: 
--

CREATE TABLE workreports_labels (
    work_report_id bigint NOT NULL,
    label_id bigint NOT NULL
);


ALTER TABLE public.workreports_labels OWNER TO naval;

--
-- Name: workreportslines_labels; Type: TABLE; Schema: public; Owner: naval; Tablespace: 
--

CREATE TABLE workreportslines_labels (
    work_report_line_id bigint NOT NULL,
    label_id bigint NOT NULL
);


ALTER TABLE public.workreportslines_labels OWNER TO naval;

--
-- Data for Name: advance_assignment; Type: TABLE DATA; Schema: public; Owner: naval
--

COPY advance_assignment (id, version, report_global_advance, advance_type_id) FROM stdin;
2222	8	t	809
2223	8	t	809
2224	8	t	809
2226	7	t	808
2225	7	f	809
3737	4	t	809
3738	4	t	809
3739	4	t	809
3741	4	f	809
3740	4	t	808
3742	2	t	809
3743	2	t	809
3744	2	t	808
3745	2	f	809
\.


--
-- Data for Name: advance_assignment_template; Type: TABLE DATA; Schema: public; Owner: naval
--

COPY advance_assignment_template (id, version, advance_type_id, order_element_template_id, report_global_advance, max_value) FROM stdin;
\.


--
-- Data for Name: advance_measurement; Type: TABLE DATA; Schema: public; Owner: naval
--

COPY advance_measurement (id, version, date, value, advance_assignment_id, communication_date) FROM stdin;
3074	3	2010-12-09	30.00	2222	\N
3056	4	2010-12-01	20.00	2222	\N
3091	2	2010-12-15	50.00	2223	\N
3057	4	2010-12-01	30.00	2223	\N
\.


--
-- Data for Name: advance_type; Type: TABLE DATA; Schema: public; Owner: naval
--

COPY advance_type (id, version, unit_name, default_max_value, updatable, unit_precision, active, percentage, quality_form) FROM stdin;
808	4	children	100.0000	f	0.0100	t	t	f
809	3	percentage	100.0000	f	0.0100	t	t	f
810	2	units	2147483647.0000	f	1.0000	t	f	f
811	1	subcontractor	100.0000	f	0.0100	t	t	f
\.


--
-- Data for Name: all_criterions; Type: TABLE DATA; Schema: public; Owner: naval
--

COPY all_criterions (generic_resource_allocation_id, criterion_id) FROM stdin;
\.


--
-- Data for Name: assignment_function; Type: TABLE DATA; Schema: public; Owner: naval
--

COPY assignment_function (id, version) FROM stdin;
\.


--
-- Data for Name: base_calendar; Type: TABLE DATA; Schema: public; Owner: naval
--

COPY base_calendar (id, version, code, name, code_autogenerated, last_sequence_code) FROM stdin;
101	1	CALENDAR00001	Default	t	0
103	1	RESOURCE_CALENDAR00002	\N	t	2
102	2	RESOURCE_CALENDAR00001	\N	t	2
104	1	RESOURCE_CALENDAR00003	\N	t	2
105	1	RESOURCE_CALENDAR00004	\N	t	2
\.


--
-- Data for Name: calendar_availability; Type: TABLE DATA; Schema: public; Owner: naval
--

COPY calendar_availability (id, version, code, start_date, end_date, base_calendar_id, position_in_calendar) FROM stdin;
1314	1	RESOURCE_CALENDAR00002-00002	2010-12-01	\N	103	0
1313	2	RESOURCE_CALENDAR00001-00002	2010-12-01	\N	102	0
1315	1	RESOURCE_CALENDAR00003-00002	2010-12-01	\N	104	0
1316	1	RESOURCE_CALENDAR00004-00002	2010-12-01	\N	105	0
\.


--
-- Data for Name: calendar_data; Type: TABLE DATA; Schema: public; Owner: naval
--

COPY calendar_data (id, version, code, parent, expiring_date, base_calendar_id, position_in_calendar) FROM stdin;
202	1	379de3e5-d5e1-48b5-8b7a-7cfe2802ae0e	\N	\N	101	0
204	1	RESOURCE_CALENDAR00002-00001	101	\N	103	0
203	2	RESOURCE_CALENDAR00001-00001	101	\N	102	0
205	1	RESOURCE_CALENDAR00003-00001	101	\N	104	0
206	1	RESOURCE_CALENDAR00004-00001	101	\N	105	0
\.


--
-- Data for Name: calendar_exception; Type: TABLE DATA; Schema: public; Owner: naval
--

COPY calendar_exception (id, version, code, date, duration, calendar_exception_id, base_calendar_id) FROM stdin;
\.


--
-- Data for Name: calendar_exception_type; Type: TABLE DATA; Schema: public; Owner: naval
--

COPY calendar_exception_type (id, version, code, code_autogenerated, name, color, not_assignable, duration) FROM stdin;
606	11	CALENDAR_EXCEPTION_TYPE00001	t	HOLIDAY	red	t	0
607	9	CALENDAR_EXCEPTION_TYPE00002	t	SICK_LEAVE	red	t	0
608	7	CALENDAR_EXCEPTION_TYPE00003	t	LEAVE	red	t	0
609	5	CALENDAR_EXCEPTION_TYPE00004	t	STRIKE	red	t	0
610	3	CALENDAR_EXCEPTION_TYPE00005	t	BANK_HOLIDAY	red	t	0
611	1	CALENDAR_EXCEPTION_TYPE00006	t	WORKABLE_BANK_HOLIDAY	orange	f	0
\.


--
-- Data for Name: configuration; Type: TABLE DATA; Schema: public; Owner: naval
--

COPY configuration (id, version, configuration_id, company_code, generate_code_for_cost_category, generate_code_for_calendar_exception_type, generate_code_for_work_report_type, generate_code_for_criterion, generate_code_for_label, generate_code_for_work_report, generate_code_for_resources, generate_code_for_types_of_work_hours, generate_code_for_material_categories, generate_code_for_unit_types, generate_code_for_base_calendars, expand_company_planning_view_charts, expand_order_planning_view_charts, expand_resource_load_view_charts, monte_carlo_method_tab_visible, progress_type) FROM stdin;
303	5	101	COMPANY_CODE	t	t	t	t	t	t	t	t	t	t	t	f	t	t	f	0
\.


--
-- Data for Name: consolidated_value; Type: TABLE DATA; Schema: public; Owner: naval
--

COPY consolidated_value (id, consolidated_value_type, version, date, value, task_end_date, consolidation_id, advance_measurement_id) FROM stdin;
\.


--
-- Data for Name: consolidation; Type: TABLE DATA; Schema: public; Owner: naval
--

COPY consolidation (id, consolidation_type, version, dir_advance_assignment_id, ind_advance_assignment_id) FROM stdin;
\.


--
-- Data for Name: cost_category; Type: TABLE DATA; Schema: public; Owner: naval
--

COPY cost_category (id, version, code, name, code_autogenerated, last_hour_cost_sequence_code, enabled) FROM stdin;
\.


--
-- Data for Name: criterion; Type: TABLE DATA; Schema: public; Owner: naval
--

COPY criterion (id, version, code, name, predefined_criterion_internal_name, active, id_criterion_type, parent) FROM stdin;
505	25	CRITERION00001-00001	medicalLeave	medicalLeave	t	131072	\N
506	23	CRITERION00001-00002	paternityLeave	paternityLeave	t	131072	\N
507	6	CRITERION00006-00001	hiredResourceWorkingRelationship	hiredResourceWorkingRelationship	t	131077	\N
508	4	CRITERION00006-00002	firedResourceWorkingRelationship	firedResourceWorkingRelationship	t	131077	\N
\.


--
-- Data for Name: criterion_requirement; Type: TABLE DATA; Schema: public; Owner: naval
--

COPY criterion_requirement (id, criterion_requirement_type, version, hours_group_id, order_element_id, order_element_template_id, criterion_id, parent, valid) FROM stdin;
\.


--
-- Data for Name: criterion_satisfaction; Type: TABLE DATA; Schema: public; Owner: naval
--

COPY criterion_satisfaction (id, version, code, start_date, finish_date, is_deleted, criterion, resource) FROM stdin;
\.


--
-- Data for Name: criterion_type; Type: TABLE DATA; Schema: public; Owner: naval
--

COPY criterion_type (id, version, code, name, predefined_type_internal_name, description, allow_simultaneous_criterions_per_resource, allow_hierarchy, last_criterion_sequence_code, enabled, code_autogenerated, resource) FROM stdin;
131072	26	CRITERION00001	LEAVE	LEAVE	Leave	f	f	2	t	t	0
131073	20	CRITERION00002	MACHINE_LOCATION_GROUP	MACHINE_LOCATION_GROUP	Location where there are machines	t	f	0	t	t	1
131074	17	CRITERION00003	CATEGORY	CATEGORY	Professional category	t	t	0	t	t	0
131075	14	CRITERION00004	TRAINING	TRAINING	Training courses and labor training	t	t	0	t	t	0
131076	11	CRITERION00005	JOB	JOB	Job	t	t	0	t	t	0
131077	8	CRITERION00006	WORK_RELATIONSHIP	WORK_RELATIONSHIP	Relationship of the resource with the enterprise 	f	f	2	t	t	0
131078	1	CRITERION00007	LOCATION_GROUP	LOCATION_GROUP	Location where the workers work	t	f	0	t	t	0
\.


--
-- Data for Name: databasechangelog; Type: TABLE DATA; Schema: public; Owner: naval
--

COPY databasechangelog (id, author, filename, dateexecuted, orderexecuted, exectype, md5sum, description, comments, tag, liquibase) FROM stdin;
\.


--
-- Data for Name: databasechangeloglock; Type: TABLE DATA; Schema: public; Owner: naval
--

COPY databasechangeloglock (id, locked, lockgranted, lockedby) FROM stdin;
1	f	\N	\N
\.


--
-- Data for Name: day_assignment; Type: TABLE DATA; Schema: public; Owner: naval
--

COPY day_assignment (id, day_assignment_type, version, duration, consolidated, day, resource_id, specific_container_id, generic_container_id, derived_container_id) FROM stdin;
2802	specific_day	4	28800	f	2011-01-19	1219	2627	\N	\N
2803	specific_day	4	28800	f	2011-01-11	1219	2627	\N	\N
2804	specific_day	4	28800	f	2011-01-10	1219	2627	\N	\N
2805	specific_day	4	0	f	2011-02-05	1219	2627	\N	\N
2806	specific_day	4	28800	f	2011-01-17	1219	2627	\N	\N
2807	specific_day	4	28800	f	2011-01-06	1219	2627	\N	\N
2808	specific_day	4	28800	f	2011-01-12	1219	2627	\N	\N
2809	specific_day	4	0	f	2011-01-09	1219	2627	\N	\N
2810	specific_day	4	0	f	2011-01-08	1219	2627	\N	\N
2811	specific_day	4	0	f	2011-01-15	1219	2627	\N	\N
2812	specific_day	4	28800	f	2011-02-15	1219	2627	\N	\N
2813	specific_day	4	0	f	2011-01-30	1219	2627	\N	\N
2814	specific_day	4	0	f	2011-01-23	1219	2627	\N	\N
2815	specific_day	4	0	f	2011-02-20	1219	2627	\N	\N
2816	specific_day	4	28800	f	2011-02-09	1219	2627	\N	\N
2817	specific_day	4	28800	f	2011-01-24	1219	2627	\N	\N
2818	specific_day	4	28800	f	2011-01-20	1219	2627	\N	\N
2819	specific_day	4	28800	f	2011-01-05	1219	2627	\N	\N
2820	specific_day	4	28800	f	2011-02-24	1219	2627	\N	\N
2821	specific_day	4	28800	f	2011-02-04	1219	2627	\N	\N
2822	specific_day	4	28800	f	2011-01-26	1219	2627	\N	\N
2823	specific_day	4	28800	f	2011-02-02	1219	2627	\N	\N
2824	specific_day	4	0	f	2011-02-12	1219	2627	\N	\N
2825	specific_day	4	28800	f	2011-02-10	1219	2627	\N	\N
2826	specific_day	4	14400	f	2011-02-25	1219	2627	\N	\N
2827	specific_day	4	0	f	2011-01-22	1219	2627	\N	\N
2929	specific_day	4	0	f	2011-02-19	1219	2627	\N	\N
2930	specific_day	4	28800	f	2011-01-27	1219	2627	\N	\N
2931	specific_day	4	28800	f	2011-02-01	1219	2627	\N	\N
2932	specific_day	4	28800	f	2010-12-03	1213	2628	\N	\N
2933	specific_day	4	28800	f	2010-12-15	1213	2628	\N	\N
2934	specific_day	4	28800	f	2010-12-13	1213	2628	\N	\N
2935	specific_day	4	0	f	2010-12-04	1213	2628	\N	\N
2936	specific_day	4	28800	f	2010-12-08	1213	2628	\N	\N
2937	specific_day	4	28800	f	2010-12-02	1213	2628	\N	\N
2779	specific_day	4	0	f	2011-01-16	1219	2627	\N	\N
2780	specific_day	4	28800	f	2011-01-07	1219	2627	\N	\N
2781	specific_day	4	28800	f	2011-01-31	1219	2627	\N	\N
2782	specific_day	4	28800	f	2011-02-11	1219	2627	\N	\N
2783	specific_day	4	28800	f	2011-01-21	1219	2627	\N	\N
2784	specific_day	4	28800	f	2011-02-16	1219	2627	\N	\N
2785	specific_day	4	0	f	2011-02-13	1219	2627	\N	\N
2786	specific_day	4	28800	f	2011-01-18	1219	2627	\N	\N
2787	specific_day	4	28800	f	2011-02-17	1219	2627	\N	\N
2788	specific_day	4	28800	f	2011-01-13	1219	2627	\N	\N
2789	specific_day	4	28800	f	2011-01-28	1219	2627	\N	\N
2790	specific_day	4	28800	f	2011-02-18	1219	2627	\N	\N
2791	specific_day	4	28800	f	2011-01-25	1219	2627	\N	\N
2792	specific_day	4	0	f	2011-02-06	1219	2627	\N	\N
2793	specific_day	4	28800	f	2011-02-21	1219	2627	\N	\N
2794	specific_day	4	28800	f	2011-02-23	1219	2627	\N	\N
2795	specific_day	4	28800	f	2011-02-08	1219	2627	\N	\N
2796	specific_day	4	28800	f	2011-02-03	1219	2627	\N	\N
2797	specific_day	4	28800	f	2011-01-14	1219	2627	\N	\N
2798	specific_day	4	28800	f	2011-02-07	1219	2627	\N	\N
2799	specific_day	4	28800	f	2011-02-22	1219	2627	\N	\N
2800	specific_day	4	28800	f	2011-02-14	1219	2627	\N	\N
2801	specific_day	4	0	f	2011-01-29	1219	2627	\N	\N
2973	specific_day	4	0	f	2010-12-05	1217	2629	\N	\N
2974	specific_day	4	28800	f	2010-12-14	1217	2629	\N	\N
2975	specific_day	4	28800	f	2010-12-06	1217	2629	\N	\N
2976	specific_day	4	28800	f	2010-12-23	1217	2629	\N	\N
2977	specific_day	4	28800	f	2010-12-22	1217	2629	\N	\N
2978	specific_day	4	28800	f	2010-12-30	1217	2629	\N	\N
2979	specific_day	4	28800	f	2010-12-28	1217	2629	\N	\N
2980	specific_day	4	28800	f	2010-12-17	1217	2629	\N	\N
2981	specific_day	4	28800	f	2010-12-27	1217	2629	\N	\N
2982	specific_day	4	28800	f	2010-12-07	1217	2629	\N	\N
2983	specific_day	4	0	f	2011-01-02	1217	2629	\N	\N
2938	specific_day	4	0	f	2010-12-11	1213	2628	\N	\N
2939	specific_day	4	14400	f	2010-12-17	1213	2628	\N	\N
2940	specific_day	4	0	f	2010-12-05	1213	2628	\N	\N
2941	specific_day	4	28800	f	2010-12-07	1213	2628	\N	\N
2942	specific_day	4	28800	f	2010-12-14	1213	2628	\N	\N
2943	specific_day	4	28800	f	2010-12-16	1213	2628	\N	\N
2944	specific_day	4	28800	f	2010-12-09	1213	2628	\N	\N
2945	specific_day	4	28800	f	2010-12-10	1213	2628	\N	\N
2946	specific_day	4	28800	f	2010-12-06	1213	2628	\N	\N
2947	specific_day	4	0	f	2010-12-12	1213	2628	\N	\N
2948	specific_day	4	28800	f	2010-12-01	1213	2628	\N	\N
2949	specific_day	4	28800	f	2010-12-29	1217	2629	\N	\N
2950	specific_day	4	28800	f	2010-12-21	1217	2629	\N	\N
2951	specific_day	4	0	f	2010-12-12	1217	2629	\N	\N
2952	specific_day	4	28800	f	2010-12-20	1217	2629	\N	\N
2953	specific_day	4	0	f	2010-12-11	1217	2629	\N	\N
2954	specific_day	4	28800	f	2010-12-09	1217	2629	\N	\N
2955	specific_day	4	28800	f	2010-12-08	1217	2629	\N	\N
2956	specific_day	4	28800	f	2010-12-03	1217	2629	\N	\N
2957	specific_day	4	0	f	2010-12-19	1217	2629	\N	\N
2958	specific_day	4	0	f	2010-12-25	1217	2629	\N	\N
2959	specific_day	4	0	f	2010-12-04	1217	2629	\N	\N
2960	specific_day	4	28800	f	2010-12-01	1217	2629	\N	\N
2961	specific_day	4	28800	f	2010-12-10	1217	2629	\N	\N
2962	specific_day	4	0	f	2011-01-01	1217	2629	\N	\N
2963	specific_day	4	28800	f	2010-12-24	1217	2629	\N	\N
2964	specific_day	4	28800	f	2010-12-15	1217	2629	\N	\N
2965	specific_day	4	0	f	2010-12-26	1217	2629	\N	\N
2966	specific_day	4	28800	f	2010-12-16	1217	2629	\N	\N
2967	specific_day	4	28800	f	2011-01-04	1217	2629	\N	\N
2968	specific_day	4	28800	f	2010-12-02	1217	2629	\N	\N
2969	specific_day	4	0	f	2010-12-18	1217	2629	\N	\N
2970	specific_day	4	28800	f	2010-12-13	1217	2629	\N	\N
2971	specific_day	4	28800	f	2011-01-03	1217	2629	\N	\N
2972	specific_day	4	28800	f	2010-12-31	1217	2629	\N	\N
\.


--
-- Data for Name: dependency; Type: TABLE DATA; Schema: public; Owner: naval
--

COPY dependency (id, version, origin, destination, queue_dependency, type) FROM stdin;
917504	5	2324	2325	\N	0
\.


--
-- Data for Name: derived_allocation; Type: TABLE DATA; Schema: public; Owner: naval
--

COPY derived_allocation (id, version, resource_allocation_id, configurationunit) FROM stdin;
\.


--
-- Data for Name: derived_day_assignments_container; Type: TABLE DATA; Schema: public; Owner: naval
--

COPY derived_day_assignments_container (id, version, derived_allocation_id, scenario) FROM stdin;
\.


--
-- Data for Name: description_values; Type: TABLE DATA; Schema: public; Owner: naval
--

COPY description_values (description_value_id, fieldname, value) FROM stdin;
\.


--
-- Data for Name: description_values_in_line; Type: TABLE DATA; Schema: public; Owner: naval
--

COPY description_values_in_line (description_value_id, field_name, value) FROM stdin;
\.


--
-- Data for Name: direct_advance_assignment; Type: TABLE DATA; Schema: public; Owner: naval
--

COPY direct_advance_assignment (advance_assignment_id, direct_order_element_id, max_value) FROM stdin;
3742	3252	100.00
3743	3253	100.00
3737	3242	100.00
3738	3243	100.00
3739	3244	100.00
2222	1727	100.00
2223	1728	100.00
2224	1729	100.00
\.


--
-- Data for Name: effortperday; Type: TABLE DATA; Schema: public; Owner: naval
--

COPY effortperday (base_calendar_id, effort, day_id) FROM stdin;
202	28800	0
202	28800	1
202	28800	2
202	28800	3
202	28800	4
202	0	5
202	0	6
\.


--
-- Data for Name: entity_sequence; Type: TABLE DATA; Schema: public; Owner: naval
--

COPY entity_sequence (id, version, entity_name, prefix, last_value, number_of_digits, active) FROM stdin;
3132	19	2	etiqueta	0	5	f
3133	12	1	yesto	0	5	t
2	29	1	CRITERION	7	5	f
3131	14	1	CRITERIO-	1	5	f
8	18	7	WORK_HOURS_TYPE	2	5	t
16	8	15	RESOURCE_COST_CATEGORY_ASSIGNMENT	0	5	t
7	17	6	CALENDAR	1	5	t
15	9	14	CRITERION_SATISFACTION	0	5	t
14	14	13	RESOURCE_CALENDAR	4	5	t
4	20	3	MACHINE	0	5	t
5	23	4	WORKER	4	5	t
13	11	12	COST_CATEGORY	0	5	t
6	26	5	UNIT_TYPE	8	5	t
12	18	11	CALENDAR_EXCEPTION_TYPE	6	5	t
3	21	2	LABEL	0	5	t
9	18	8	MATERIAL_CATEGORY	3	5	t
1	25	0	ORDER	2	5	t
11	14	10	WORKREPORTTYPE	1	5	t
10	15	9	WORK_REPORT	1	5	t
\.


--
-- Data for Name: external_company; Type: TABLE DATA; Schema: public; Owner: naval
--

COPY external_company (id, version, name, nif, client, subcontractor, interacts_with_applications, app_uri, our_company_login, our_company_password, company_user) FROM stdin;
1414	1	Igalia	98324324L	t	f	f	\N	\N	\N	\N
1415	1	Comunitel	92834324	t	f	f	\N	\N	\N	\N
\.


--
-- Data for Name: generic_day_assignments_container; Type: TABLE DATA; Schema: public; Owner: naval
--

COPY generic_day_assignments_container (id, version, resource_allocation_id, scenario, start_date, duration_start_in_first_day, end_date, duration_in_last_day) FROM stdin;
\.


--
-- Data for Name: generic_resource_allocation; Type: TABLE DATA; Schema: public; Owner: naval
--

COPY generic_resource_allocation (resource_allocation_id, resource_type) FROM stdin;
\.


--
-- Data for Name: heading_field; Type: TABLE DATA; Schema: public; Owner: naval
--

COPY heading_field (heading_id, fieldname, length, positionnumber) FROM stdin;
\.


--
-- Data for Name: hibernate_unique_key; Type: TABLE DATA; Schema: public; Owner: naval
--

COPY hibernate_unique_key (next_hi) FROM stdin;
49
\.


--
-- Data for Name: hour_cost; Type: TABLE DATA; Schema: public; Owner: naval
--

COPY hour_cost (id, version, code, price_cost, init_date, end_date, type_of_work_hours_id, cost_category_id) FROM stdin;
\.


--
-- Data for Name: hours_group; Type: TABLE DATA; Schema: public; Owner: naval
--

COPY hours_group (id, version, code, resource_type, working_hours, percentage, fixed_percentage, parent_order_line, order_line_template) FROM stdin;
3642	4	ORDER00002-00001-00001	WORKER	100	1.00	f	3242	\N
3643	4	ORDER00002-00002-00001	WORKER	500	1.00	f	3243	\N
3644	4	ORDER00002-00003-00001	WORKER	1000	1.00	f	3244	\N
3649	3	ORDER00002-00005-00001	WORKER	10	1.00	f	3252	\N
3650	3	ORDER00002-00006-00001	WORKER	20	1.00	f	3253	\N
2127	8	ORDER00001-00001-00001	WORKER	100	1.00	f	1727	\N
2128	8	ORDER00001-00002-00001	WORKER	200	1.00	f	1728	\N
2129	8	ORDER00001-00003-00001	WORKER	300	1.00	f	1729	\N
\.


--
-- Data for Name: indirect_advance_assignment; Type: TABLE DATA; Schema: public; Owner: naval
--

COPY indirect_advance_assignment (advance_assignment_id, indirect_order_element_id) FROM stdin;
3744	3251
3745	3251
3741	3241
3740	3241
2226	1726
2225	1726
\.


--
-- Data for Name: label; Type: TABLE DATA; Schema: public; Owner: naval
--

COPY label (id, version, code, name, label_type_id) FROM stdin;
\.


--
-- Data for Name: label_type; Type: TABLE DATA; Schema: public; Owner: naval
--

COPY label_type (id, version, code, name, code_autogenerated, last_label_sequence_code) FROM stdin;
\.


--
-- Data for Name: limiting_resource_queue; Type: TABLE DATA; Schema: public; Owner: naval
--

COPY limiting_resource_queue (id, version, resource_id) FROM stdin;
\.


--
-- Data for Name: limiting_resource_queue_dependency; Type: TABLE DATA; Schema: public; Owner: naval
--

COPY limiting_resource_queue_dependency (id, type, origin_queue_element_id, destiny_queue_element_id) FROM stdin;
\.


--
-- Data for Name: limiting_resource_queue_element; Type: TABLE DATA; Schema: public; Owner: naval
--

COPY limiting_resource_queue_element (id, version, resource_allocation_id, limiting_resource_queue_id, earlier_start_date_because_of_gantt, earliest_end_date_because_of_gantt, creation_timestamp, start_date, start_hour, end_date, end_hour) FROM stdin;
\.


--
-- Data for Name: line_field; Type: TABLE DATA; Schema: public; Owner: naval
--

COPY line_field (heading_id, fieldname, length, positionnumber) FROM stdin;
\.


--
-- Data for Name: machine; Type: TABLE DATA; Schema: public; Owner: naval
--

COPY machine (machine_id, name, description) FROM stdin;
\.


--
-- Data for Name: machine_configuration_unit_required_criterions; Type: TABLE DATA; Schema: public; Owner: naval
--

COPY machine_configuration_unit_required_criterions (id, criterion_id) FROM stdin;
\.


--
-- Data for Name: machine_worker_assignment; Type: TABLE DATA; Schema: public; Owner: naval
--

COPY machine_worker_assignment (id, version, start_date, finish_date, configuration_id, worker_id) FROM stdin;
\.


--
-- Data for Name: machine_workers_configuration_unit; Type: TABLE DATA; Schema: public; Owner: naval
--

COPY machine_workers_configuration_unit (id, version, name, alpha, machine) FROM stdin;
\.


--
-- Data for Name: material; Type: TABLE DATA; Schema: public; Owner: naval
--

COPY material (id, version, code, description, default_unit_price, unit_type, disabled, category_id) FROM stdin;
1515	1	MATERIAL_CATEGORY00003-00001	Tornillo B	10.00	1010	f	910
1516	1	MATERIAL_CATEGORY00003-00002	Tornillo A	15.00	1010	f	910
\.


--
-- Data for Name: material_assigment; Type: TABLE DATA; Schema: public; Owner: naval
--

COPY material_assigment (id, version, units, unit_price, material_id, estimated_availability, status, order_element_id) FROM stdin;
4850	2	10	10.00	1515	2010-12-15 00:00:00	1	1727
\.


--
-- Data for Name: material_assigment_template; Type: TABLE DATA; Schema: public; Owner: naval
--

COPY material_assigment_template (id, version, units, unit_price, material_id, order_element_template_id) FROM stdin;
\.


--
-- Data for Name: material_category; Type: TABLE DATA; Schema: public; Owner: naval
--

COPY material_category (id, version, code, name, code_autogenerated, last_material_sequence_code, parent_id) FROM stdin;
909	2	MATERIAL_CATEGORY00001	Imported materials without category	t	0	\N
910	1	MATERIAL_CATEGORY00003	Tornillos	t	2	\N
\.


--
-- Data for Name: order_authorization; Type: TABLE DATA; Schema: public; Owner: naval
--

COPY order_authorization (id, order_authorization_subclass, version, authorization_type, order_id, user_id, profile_id) FROM stdin;
3939	user	3	WRITE_AUTHORIZATION	3241	1112	\N
2424	user	2	WRITE_AUTHORIZATION	1726	1112	\N
\.


--
-- Data for Name: order_element; Type: TABLE DATA; Schema: public; Owner: naval
--

COPY order_element (id, version, name, description, code, init_date, deadline, last_advance_meausurement_for_spreading, dirty_last_advance_measurement_for_spreading, parent, template, external_code, sum_charged_hours_id, position_in_container) FROM stdin;
3242	4	elem 1	\N	ORDER00002-00001	\N	\N	0.00	f	3241	\N	\N	3343	0
3243	4	elem 2	\N	ORDER00002-00002	\N	\N	0.00	f	3241	\N	\N	3344	1
3244	4	elem 3	\N	ORDER00002-00003	\N	\N	0.00	f	3241	\N	\N	3345	2
3241	5	Proyecto 2	\N	ORDER00002	2010-12-01 12:58:51.763	\N	0.00	f	\N	\N	\N	3342	\N
3251	4	elem 4	\N	ORDER00002-00004	\N	\N	0.00	f	3241	\N	\N	3364	3
3252	4	elem 4 (copy)	\N	ORDER00002-00005	\N	\N	0.00	f	3251	\N	\N	3365	0
3253	4	elem 5	\N	ORDER00002-00006	\N	\N	0.00	f	3251	\N	\N	3366	1
1727	8	elem 1	\N	ORDER00001-00001	\N	\N	0.30	f	1726	\N	\N	1828	0
1728	8	elem 2	\N	ORDER00001-00002	\N	\N	0.50	f	1726	\N	\N	1829	1
1729	8	elem 3	\N	ORDER00001-00003	\N	\N	0.00	f	1726	\N	\N	1830	2
1726	9	Proyecto 1	Descricion A	ORDER00001	2010-12-01 10:57:12.506	\N	0.22	f	\N	\N	\N	1827	\N
\.


--
-- Data for Name: order_element_label; Type: TABLE DATA; Schema: public; Owner: naval
--

COPY order_element_label (order_element_id, label_id) FROM stdin;
\.


--
-- Data for Name: order_element_template; Type: TABLE DATA; Schema: public; Owner: naval
--

COPY order_element_template (id, version, name, description, code, start_as_days_from_beginning, deadline_as_days_from_beginning, scheduling_state_type, parent, position_in_container) FROM stdin;
\.


--
-- Data for Name: order_element_template_label; Type: TABLE DATA; Schema: public; Owner: naval
--

COPY order_element_template_label (order_element_template_id, label_id) FROM stdin;
\.


--
-- Data for Name: order_element_template_quality_form; Type: TABLE DATA; Schema: public; Owner: naval
--

COPY order_element_template_quality_form (order_element_template_id, quality_form_id) FROM stdin;
\.


--
-- Data for Name: order_line; Type: TABLE DATA; Schema: public; Owner: naval
--

COPY order_line (order_element_id, last_hours_group_sequence_code) FROM stdin;
3242	1
3243	1
3244	1
3252	1
3253	1
1727	1
1728	1
1729	1
\.


--
-- Data for Name: order_line_group; Type: TABLE DATA; Schema: public; Owner: naval
--

COPY order_line_group (order_element_id) FROM stdin;
1726
3241
3251
\.


--
-- Data for Name: order_line_group_template; Type: TABLE DATA; Schema: public; Owner: naval
--

COPY order_line_group_template (group_template_id) FROM stdin;
\.


--
-- Data for Name: order_line_template; Type: TABLE DATA; Schema: public; Owner: naval
--

COPY order_line_template (order_line_template_id, last_hours_group_sequence_code) FROM stdin;
\.


--
-- Data for Name: order_table; Type: TABLE DATA; Schema: public; Owner: naval
--

COPY order_table (order_element_id, responsible, dependencies_constraints_have_priority, code_autogenerated, last_order_element_sequence_code, work_budget, materials_budget, total_hours, customer_reference, external_code, state, customer, base_calendar_id) FROM stdin;
3241	\N	\N	t	6	0.00	0.00	1630	comunitel-2	\N	0	1415	101
1726	Javier Moran	\N	t	3	0.00	0.00	600	custom reference	\N	0	1415	101
\.


--
-- Data for Name: order_template; Type: TABLE DATA; Schema: public; Owner: naval
--

COPY order_template (order_template_id, base_calendar_id) FROM stdin;
\.


--
-- Data for Name: order_version; Type: TABLE DATA; Schema: public; Owner: naval
--

COPY order_version (id, version, modification_by_owner_timestamp, ownerscenario) FROM stdin;
3538	6	2010-12-01 13:06:02.627	707
2023	9	2010-12-01 15:48:01.212	707
\.


--
-- Data for Name: planning_data; Type: TABLE DATA; Schema: public; Owner: naval
--

COPY planning_data (planning_data_id, progress_by_duration, progress_by_num_hours) FROM stdin;
2326	0.20	0.20
\.


--
-- Data for Name: profile_roles; Type: TABLE DATA; Schema: public; Owner: naval
--

COPY profile_roles (profile_id, elt) FROM stdin;
\.


--
-- Data for Name: profile_table; Type: TABLE DATA; Schema: public; Owner: naval
--

COPY profile_table (id, version, profile_name) FROM stdin;
\.


--
-- Data for Name: quality_form; Type: TABLE DATA; Schema: public; Owner: naval
--

COPY quality_form (id, version, name, description, quality_form_type, report_advance, advance_type_id) FROM stdin;
\.


--
-- Data for Name: quality_form_items; Type: TABLE DATA; Schema: public; Owner: naval
--

COPY quality_form_items (quality_form_id, name, percentage, "position", idx) FROM stdin;
\.


--
-- Data for Name: resource; Type: TABLE DATA; Schema: public; Owner: naval
--

COPY resource (id, version, code, code_autogenerated, limited_resource, base_calendar_id) FROM stdin;
1215	1	WORKER00002	t	f	103
1213	2	WORKER00001	t	f	102
1217	1	WORKER00003	t	f	104
1219	1	WORKER00004	t	f	105
\.


--
-- Data for Name: resource_allocation; Type: TABLE DATA; Schema: public; Owner: naval
--

COPY resource_allocation (id, version, resources_per_day, intended_total_hours, original_total_assignment, task, assignment_function) FROM stdin;
2526	4	1.00	\N	300	2325	\N
2527	4	1.00	\N	100	2323	\N
2528	4	1.00	\N	200	2324	\N
\.


--
-- Data for Name: resource_calendar; Type: TABLE DATA; Schema: public; Owner: naval
--

COPY resource_calendar (base_calendar_id, capacity) FROM stdin;
103	1
102	1
104	1
105	1
\.


--
-- Data for Name: resources_cost_category_assignment; Type: TABLE DATA; Schema: public; Owner: naval
--

COPY resources_cost_category_assignment (id, version, code, init_date, end_date, cost_category_id, resource_id) FROM stdin;
\.


--
-- Data for Name: roles_table; Type: TABLE DATA; Schema: public; Owner: naval
--

COPY roles_table (user_id, elt) FROM stdin;
1112	ROLE_CREATE_ORDER
1112	ROLE_EDIT_ALL_ORDERS
1112	ROLE_READ_ALL_ORDERS
1112	ROLE_ADMINISTRATION
1113	ROLE_WS_READER
1114	ROLE_WS_WRITER
1114	ROLE_WS_READER
\.


--
-- Data for Name: scenario; Type: TABLE DATA; Schema: public; Owner: naval
--

COPY scenario (id, version, name, description, last_not_owned_reassignations_time_stamp, predecessor) FROM stdin;
707	0	master	\N	\N	\N
\.


--
-- Data for Name: scenario_orders; Type: TABLE DATA; Schema: public; Owner: naval
--

COPY scenario_orders (order_id, order_version_id, scenario_id) FROM stdin;
1726	2023	707
3241	3538	707
\.


--
-- Data for Name: scheduling_data_for_version; Type: TABLE DATA; Schema: public; Owner: naval
--

COPY scheduling_data_for_version (id, version, scheduling_state_type, order_element_id) FROM stdin;
1928	8	3	1726
1929	8	0	1727
1930	8	0	1728
1931	8	0	1729
3444	4	0	3242
3445	4	0	3243
3446	4	0	3244
3443	6	3	3241
3453	4	3	3251
3454	4	0	3252
3455	4	0	3253
\.


--
-- Data for Name: scheduling_states_by_order_version; Type: TABLE DATA; Schema: public; Owner: naval
--

COPY scheduling_states_by_order_version (order_element_id, scheduling_state_for_version_id, order_version_id) FROM stdin;
1726	1928	2023
1727	1929	2023
1728	1930	2023
1729	1931	2023
3241	3443	3538
3242	3444	3538
3243	3445	3538
3244	3446	3538
3251	3453	3538
3252	3454	3538
3253	3455	3538
\.


--
-- Data for Name: sigmoid_function; Type: TABLE DATA; Schema: public; Owner: naval
--

COPY sigmoid_function (assignment_function_id) FROM stdin;
\.


--
-- Data for Name: specific_day_assignments_container; Type: TABLE DATA; Schema: public; Owner: naval
--

COPY specific_day_assignments_container (id, version, resource_allocation_id, scenario, start_date, duration_start_in_first_day, end_date, duration_in_last_day) FROM stdin;
2627	4	2526	707	2011-01-05	0	2011-02-25	14400
2628	4	2527	707	2010-12-01	0	2010-12-17	14400
2629	4	2528	707	2010-12-01	0	2011-01-05	0
\.


--
-- Data for Name: specific_resource_allocation; Type: TABLE DATA; Schema: public; Owner: naval
--

COPY specific_resource_allocation (resource_allocation_id, resource) FROM stdin;
2526	1219
2527	1213
2528	1217
\.


--
-- Data for Name: stretches; Type: TABLE DATA; Schema: public; Owner: naval
--

COPY stretches (assignment_function_id, date, length_percentage, amount_work_percentage, stretch_position) FROM stdin;
\.


--
-- Data for Name: stretches_function; Type: TABLE DATA; Schema: public; Owner: naval
--

COPY stretches_function (assignment_function_id, type) FROM stdin;
\.


--
-- Data for Name: subcontracted_task_data; Type: TABLE DATA; Schema: public; Owner: naval
--

COPY subcontracted_task_data (id, version, external_company, subcontratation_date, subcontract_communication_date, work_description, subcontract_price, subcontracted_code, node_without_children_exported, labels_exported, material_assignments_exported, hours_groups_exported, state) FROM stdin;
\.


--
-- Data for Name: sum_charged_hours; Type: TABLE DATA; Schema: public; Owner: naval
--

COPY sum_charged_hours (id, version, direct_charged_hours, indirect_charged_hours) FROM stdin;
3343	5	8	0
3342	5	0	15
3345	5	7	0
1827	8	0	0
1828	8	0	0
1829	8	0	0
1830	8	0	0
3352	2	0	0
3353	2	0	0
3354	2	0	0
3344	4	0	0
3364	2	0	0
3365	2	0	0
3366	2	0	0
\.


--
-- Data for Name: task; Type: TABLE DATA; Schema: public; Owner: naval
--

COPY task (task_element_id, calculated_value, start_constraint_type, constraint_date, workable_days, allocation_direction, subcontrated_task_data_id, priority) FROM stdin;
3838	1	0	\N	\N	0	\N	\N
3839	1	0	\N	\N	0	\N	\N
3840	1	0	\N	\N	0	\N	\N
3842	1	0	\N	\N	0	\N	\N
3843	1	0	\N	\N	0	\N	\N
2323	1	0	\N	\N	0	\N	\N
2324	1	0	\N	\N	0	\N	\N
2325	1	0	\N	\N	0	\N	\N
\.


--
-- Data for Name: task_element; Type: TABLE DATA; Schema: public; Owner: naval
--

COPY task_element (id, version, name, notes, start_date, start_day_duration, end_date, end_day_duration, deadline, advance_percentage, sum_of_hours_allocated, parent, base_calendar_id, position_in_parent) FROM stdin;
3838	3	elem 1	\N	2010-12-01	0	2010-12-13	14400	\N	0.0000	0	3841	\N	0
3839	3	elem 2	\N	2010-12-01	0	2011-02-01	14400	\N	0.0000	0	3841	\N	1
3840	3	elem 3	\N	2010-12-01	0	2011-04-05	0	\N	0.0000	0	3841	\N	2
3841	5	Proyecto 2	\N	2010-12-01	0	2011-04-05	0	\N	0.0000	0	\N	\N	\N
3844	1	elem 4	\N	2010-12-01	0	2010-12-03	0	\N	0.0000	0	3841	\N	3
3842	1	elem 4 (copy)	\N	2010-12-01	0	2010-12-02	7200	\N	0.0000	0	3844	\N	0
3843	1	elem 5	\N	2010-12-01	0	2010-12-03	14400	\N	0.0000	0	3844	\N	1
2323	7	elem 1	\N	2010-12-01	0	2010-12-17	14400	\N	0.3000	100	2326	\N	0
2324	7	elem 2	\N	2010-12-01	0	2011-01-05	0	\N	0.5000	200	2326	\N	1
2325	7	elem 3	\N	2011-01-05	0	2011-02-25	14400	\N	0.0000	300	2326	\N	2
2326	8	Proyecto 1	\N	2010-12-01	0	2011-02-25	0	\N	0.2166	600	\N	\N	\N
\.


--
-- Data for Name: task_group; Type: TABLE DATA; Schema: public; Owner: naval
--

COPY task_group (task_element_id) FROM stdin;
2326
3841
3844
\.


--
-- Data for Name: task_milestone; Type: TABLE DATA; Schema: public; Owner: naval
--

COPY task_milestone (task_element_id, start_constraint_type, constraint_date) FROM stdin;
\.


--
-- Data for Name: task_quality_form; Type: TABLE DATA; Schema: public; Owner: naval
--

COPY task_quality_form (id, version, quality_form_id, order_element_id, report_advance) FROM stdin;
\.


--
-- Data for Name: task_quality_form_items; Type: TABLE DATA; Schema: public; Owner: naval
--

COPY task_quality_form_items (task_quality_form_id, name, percentage, "position", passed, date, idx) FROM stdin;
\.


--
-- Data for Name: task_source; Type: TABLE DATA; Schema: public; Owner: naval
--

COPY task_source (id, version, schedulingdata) FROM stdin;
3841	3	3443
3838	5	3444
3839	5	3445
3840	5	3446
3842	1	3454
3843	1	3455
3844	1	3453
2326	2	1928
2323	3	1929
2324	3	1930
2325	3	1931
\.


--
-- Data for Name: task_source_hours_groups; Type: TABLE DATA; Schema: public; Owner: naval
--

COPY task_source_hours_groups (task_source_id, hours_group_id) FROM stdin;
3838	3642
3839	3643
3840	3644
3842	3649
3843	3650
2323	2127
2324	2128
2325	2129
\.


--
-- Data for Name: type_of_work_hours; Type: TABLE DATA; Schema: public; Owner: naval
--

COPY type_of_work_hours (id, version, name, code, default_price, enabled, code_autogenerated) FROM stdin;
1616	1	Normal	WORK_HOURS_TYPE00001	40.00	t	t
1617	1	Extra	WORK_HOURS_TYPE00002	50.00	t	t
\.


--
-- Data for Name: unit_type; Type: TABLE DATA; Schema: public; Owner: naval
--

COPY unit_type (id, version, code, measure, code_autogenerated) FROM stdin;
1010	8	UNIT_TYPE00001	units	t
1011	7	UNIT_TYPE00002	kg	t
1012	6	UNIT_TYPE00003	km	t
1013	5	UNIT_TYPE00004	l	t
1014	4	UNIT_TYPE00005	m	t
1015	3	UNIT_TYPE00006	m2	t
1016	2	UNIT_TYPE00007	m3	t
1017	1	UNIT_TYPE00008	tn	t
\.


--
-- Data for Name: user_profiles; Type: TABLE DATA; Schema: public; Owner: naval
--

COPY user_profiles (user_id, profile_id) FROM stdin;
\.


--
-- Data for Name: user_table; Type: TABLE DATA; Schema: public; Owner: naval
--

COPY user_table (id, version, login_name, password, email, disabled, lastconnectedscenario) FROM stdin;
1111	4	user	c35c71570b3f45bb21a588107e7cb946b3c50bf2cd9e885d3876de669a73df1133aabe8b69d24db37837c6f26f9e7bc35dc34ee04c8f9a51d53ed7d82859f80e	\N	f	\N
1112	3	admin	e02a1a8809e830cf7b7c875e43c16e684ed02a818c7ac25aeadd515432f908ea041447720c194d6b0ec19a1c3dd97f7b378efaab4dd8efd46de568adf3f44c9a	\N	f	\N
1113	2	wsreader	9134100ea9446b87a04cda86febe02900e53ca5af2f5b9422c5120bc3291079a7de3ea91ec72e944167e3fbcb97d35a2a904ee66bacf3727a67f7e5bf9fdaadc	\N	f	\N
1114	1	wswriter	a3d23705b1bb5ededfc890707b8e3331760206a6ceb213469fdf320dbe889170c2da17106005c5d057c51462621d7d77f33e005e6b9f1cddec6fa8c9b7a66eb8	\N	f	\N
\.


--
-- Data for Name: virtual_worker; Type: TABLE DATA; Schema: public; Owner: naval
--

COPY virtual_worker (virtual_worker_id, observations) FROM stdin;
\.


--
-- Data for Name: work_report; Type: TABLE DATA; Schema: public; Owner: naval
--

COPY work_report (id, version, code, date, code_autogenerated, last_work_report_line_sequence_code, ork_report_type_id, resource_id, order_element_id) FROM stdin;
4747	1	WORK_REPORT00001	\N	t	2	4545	\N	\N
\.


--
-- Data for Name: work_report_label_type_assigment; Type: TABLE DATA; Schema: public; Owner: naval
--

COPY work_report_label_type_assigment (id, version, labels_shared_by_lines, position_number, label_type_id, label_id, work_report_type_id) FROM stdin;
\.


--
-- Data for Name: work_report_line; Type: TABLE DATA; Schema: public; Owner: naval
--

COPY work_report_line (id, version, code, num_hours, date, clock_start, clock_finish, work_report_id, resource_id, order_element_id, type_work_hours_id) FROM stdin;
4647	1	WORK_REPORT00001-00001	8	2010-12-01 13:58:07.517	\N	\N	4747	1213	3242	1616
4648	1	WORK_REPORT00001-00002	7	2010-12-01 13:58:21.551	\N	\N	4747	1217	3244	1616
\.


--
-- Data for Name: work_report_type; Type: TABLE DATA; Schema: public; Owner: naval
--

COPY work_report_type (id, version, name, code, date_is_shared_by_lines, resource_is_shared_in_lines, order_element_is_shared_in_lines, code_autogenerated, hours_management) FROM stdin;
4545	1	Tipo A	WORKREPORTTYPE00001	f	f	f	t	0
\.


--
-- Data for Name: worker; Type: TABLE DATA; Schema: public; Owner: naval
--

COPY worker (worker_id, first_name, surname, nif) FROM stdin;
1215	Manuel	Rego Casasnovas	09234D
1213	Javier 	Moran Rua	78736622D
1217	Raquel	Montes Santos	09234234S
1219	Beatriz	Sanmartin Dominguez	92348324L
\.


--
-- Data for Name: workreports_labels; Type: TABLE DATA; Schema: public; Owner: naval
--

COPY workreports_labels (work_report_id, label_id) FROM stdin;
\.


--
-- Data for Name: workreportslines_labels; Type: TABLE DATA; Schema: public; Owner: naval
--

COPY workreportslines_labels (work_report_line_id, label_id) FROM stdin;
\.


--
-- Name: advance_assignment_pkey; Type: CONSTRAINT; Schema: public; Owner: naval; Tablespace: 
--

ALTER TABLE ONLY advance_assignment
    ADD CONSTRAINT advance_assignment_pkey PRIMARY KEY (id);


--
-- Name: advance_assignment_template_pkey; Type: CONSTRAINT; Schema: public; Owner: naval; Tablespace: 
--

ALTER TABLE ONLY advance_assignment_template
    ADD CONSTRAINT advance_assignment_template_pkey PRIMARY KEY (id);


--
-- Name: advance_measurement_pkey; Type: CONSTRAINT; Schema: public; Owner: naval; Tablespace: 
--

ALTER TABLE ONLY advance_measurement
    ADD CONSTRAINT advance_measurement_pkey PRIMARY KEY (id);


--
-- Name: advance_type_pkey; Type: CONSTRAINT; Schema: public; Owner: naval; Tablespace: 
--

ALTER TABLE ONLY advance_type
    ADD CONSTRAINT advance_type_pkey PRIMARY KEY (id);


--
-- Name: advance_type_unit_name_key; Type: CONSTRAINT; Schema: public; Owner: naval; Tablespace: 
--

ALTER TABLE ONLY advance_type
    ADD CONSTRAINT advance_type_unit_name_key UNIQUE (unit_name);


--
-- Name: all_criterions_pkey; Type: CONSTRAINT; Schema: public; Owner: naval; Tablespace: 
--

ALTER TABLE ONLY all_criterions
    ADD CONSTRAINT all_criterions_pkey PRIMARY KEY (generic_resource_allocation_id, criterion_id);


--
-- Name: assignment_function_pkey; Type: CONSTRAINT; Schema: public; Owner: naval; Tablespace: 
--

ALTER TABLE ONLY assignment_function
    ADD CONSTRAINT assignment_function_pkey PRIMARY KEY (id);


--
-- Name: base_calendar_code_key; Type: CONSTRAINT; Schema: public; Owner: naval; Tablespace: 
--

ALTER TABLE ONLY base_calendar
    ADD CONSTRAINT base_calendar_code_key UNIQUE (code);


--
-- Name: base_calendar_pkey; Type: CONSTRAINT; Schema: public; Owner: naval; Tablespace: 
--

ALTER TABLE ONLY base_calendar
    ADD CONSTRAINT base_calendar_pkey PRIMARY KEY (id);


--
-- Name: calendar_availability_code_key; Type: CONSTRAINT; Schema: public; Owner: naval; Tablespace: 
--

ALTER TABLE ONLY calendar_availability
    ADD CONSTRAINT calendar_availability_code_key UNIQUE (code);


--
-- Name: calendar_availability_pkey; Type: CONSTRAINT; Schema: public; Owner: naval; Tablespace: 
--

ALTER TABLE ONLY calendar_availability
    ADD CONSTRAINT calendar_availability_pkey PRIMARY KEY (id);


--
-- Name: calendar_data_code_key; Type: CONSTRAINT; Schema: public; Owner: naval; Tablespace: 
--

ALTER TABLE ONLY calendar_data
    ADD CONSTRAINT calendar_data_code_key UNIQUE (code);


--
-- Name: calendar_data_pkey; Type: CONSTRAINT; Schema: public; Owner: naval; Tablespace: 
--

ALTER TABLE ONLY calendar_data
    ADD CONSTRAINT calendar_data_pkey PRIMARY KEY (id);


--
-- Name: calendar_exception_code_key; Type: CONSTRAINT; Schema: public; Owner: naval; Tablespace: 
--

ALTER TABLE ONLY calendar_exception
    ADD CONSTRAINT calendar_exception_code_key UNIQUE (code);


--
-- Name: calendar_exception_pkey; Type: CONSTRAINT; Schema: public; Owner: naval; Tablespace: 
--

ALTER TABLE ONLY calendar_exception
    ADD CONSTRAINT calendar_exception_pkey PRIMARY KEY (id);


--
-- Name: calendar_exception_type_code_key; Type: CONSTRAINT; Schema: public; Owner: naval; Tablespace: 
--

ALTER TABLE ONLY calendar_exception_type
    ADD CONSTRAINT calendar_exception_type_code_key UNIQUE (code);


--
-- Name: calendar_exception_type_name_key; Type: CONSTRAINT; Schema: public; Owner: naval; Tablespace: 
--

ALTER TABLE ONLY calendar_exception_type
    ADD CONSTRAINT calendar_exception_type_name_key UNIQUE (name);


--
-- Name: calendar_exception_type_pkey; Type: CONSTRAINT; Schema: public; Owner: naval; Tablespace: 
--

ALTER TABLE ONLY calendar_exception_type
    ADD CONSTRAINT calendar_exception_type_pkey PRIMARY KEY (id);


--
-- Name: configuration_pkey; Type: CONSTRAINT; Schema: public; Owner: naval; Tablespace: 
--

ALTER TABLE ONLY configuration
    ADD CONSTRAINT configuration_pkey PRIMARY KEY (id);


--
-- Name: consolidated_value_pkey; Type: CONSTRAINT; Schema: public; Owner: naval; Tablespace: 
--

ALTER TABLE ONLY consolidated_value
    ADD CONSTRAINT consolidated_value_pkey PRIMARY KEY (id);


--
-- Name: consolidation_pkey; Type: CONSTRAINT; Schema: public; Owner: naval; Tablespace: 
--

ALTER TABLE ONLY consolidation
    ADD CONSTRAINT consolidation_pkey PRIMARY KEY (id);


--
-- Name: cost_category_code_key; Type: CONSTRAINT; Schema: public; Owner: naval; Tablespace: 
--

ALTER TABLE ONLY cost_category
    ADD CONSTRAINT cost_category_code_key UNIQUE (code);


--
-- Name: cost_category_name_key; Type: CONSTRAINT; Schema: public; Owner: naval; Tablespace: 
--

ALTER TABLE ONLY cost_category
    ADD CONSTRAINT cost_category_name_key UNIQUE (name);


--
-- Name: cost_category_pkey; Type: CONSTRAINT; Schema: public; Owner: naval; Tablespace: 
--

ALTER TABLE ONLY cost_category
    ADD CONSTRAINT cost_category_pkey PRIMARY KEY (id);


--
-- Name: criterion_code_key; Type: CONSTRAINT; Schema: public; Owner: naval; Tablespace: 
--

ALTER TABLE ONLY criterion
    ADD CONSTRAINT criterion_code_key UNIQUE (code);


--
-- Name: criterion_name_key; Type: CONSTRAINT; Schema: public; Owner: naval; Tablespace: 
--

ALTER TABLE ONLY criterion
    ADD CONSTRAINT criterion_name_key UNIQUE (name, id_criterion_type);


--
-- Name: criterion_pkey; Type: CONSTRAINT; Schema: public; Owner: naval; Tablespace: 
--

ALTER TABLE ONLY criterion
    ADD CONSTRAINT criterion_pkey PRIMARY KEY (id);


--
-- Name: criterion_requirement_pkey; Type: CONSTRAINT; Schema: public; Owner: naval; Tablespace: 
--

ALTER TABLE ONLY criterion_requirement
    ADD CONSTRAINT criterion_requirement_pkey PRIMARY KEY (id);


--
-- Name: criterion_satisfaction_code_key; Type: CONSTRAINT; Schema: public; Owner: naval; Tablespace: 
--

ALTER TABLE ONLY criterion_satisfaction
    ADD CONSTRAINT criterion_satisfaction_code_key UNIQUE (code);


--
-- Name: criterion_satisfaction_pkey; Type: CONSTRAINT; Schema: public; Owner: naval; Tablespace: 
--

ALTER TABLE ONLY criterion_satisfaction
    ADD CONSTRAINT criterion_satisfaction_pkey PRIMARY KEY (id);


--
-- Name: criterion_type_code_key; Type: CONSTRAINT; Schema: public; Owner: naval; Tablespace: 
--

ALTER TABLE ONLY criterion_type
    ADD CONSTRAINT criterion_type_code_key UNIQUE (code);


--
-- Name: criterion_type_name_key; Type: CONSTRAINT; Schema: public; Owner: naval; Tablespace: 
--

ALTER TABLE ONLY criterion_type
    ADD CONSTRAINT criterion_type_name_key UNIQUE (name);


--
-- Name: criterion_type_pkey; Type: CONSTRAINT; Schema: public; Owner: naval; Tablespace: 
--

ALTER TABLE ONLY criterion_type
    ADD CONSTRAINT criterion_type_pkey PRIMARY KEY (id);


--
-- Name: day_assignment_pkey; Type: CONSTRAINT; Schema: public; Owner: naval; Tablespace: 
--

ALTER TABLE ONLY day_assignment
    ADD CONSTRAINT day_assignment_pkey PRIMARY KEY (id);


--
-- Name: dependency_pkey; Type: CONSTRAINT; Schema: public; Owner: naval; Tablespace: 
--

ALTER TABLE ONLY dependency
    ADD CONSTRAINT dependency_pkey PRIMARY KEY (id);


--
-- Name: derived_allocation_pkey; Type: CONSTRAINT; Schema: public; Owner: naval; Tablespace: 
--

ALTER TABLE ONLY derived_allocation
    ADD CONSTRAINT derived_allocation_pkey PRIMARY KEY (id);


--
-- Name: derived_day_assignments_container_pkey; Type: CONSTRAINT; Schema: public; Owner: naval; Tablespace: 
--

ALTER TABLE ONLY derived_day_assignments_container
    ADD CONSTRAINT derived_day_assignments_container_pkey PRIMARY KEY (id);


--
-- Name: direct_advance_assignment_pkey; Type: CONSTRAINT; Schema: public; Owner: naval; Tablespace: 
--

ALTER TABLE ONLY direct_advance_assignment
    ADD CONSTRAINT direct_advance_assignment_pkey PRIMARY KEY (advance_assignment_id);


--
-- Name: effortperday_pkey; Type: CONSTRAINT; Schema: public; Owner: naval; Tablespace: 
--

ALTER TABLE ONLY effortperday
    ADD CONSTRAINT effortperday_pkey PRIMARY KEY (base_calendar_id, day_id);


--
-- Name: entity_sequence_pkey; Type: CONSTRAINT; Schema: public; Owner: naval; Tablespace: 
--

ALTER TABLE ONLY entity_sequence
    ADD CONSTRAINT entity_sequence_pkey PRIMARY KEY (id);


--
-- Name: external_company_name_key; Type: CONSTRAINT; Schema: public; Owner: naval; Tablespace: 
--

ALTER TABLE ONLY external_company
    ADD CONSTRAINT external_company_name_key UNIQUE (name);


--
-- Name: external_company_nif_key; Type: CONSTRAINT; Schema: public; Owner: naval; Tablespace: 
--

ALTER TABLE ONLY external_company
    ADD CONSTRAINT external_company_nif_key UNIQUE (nif);


--
-- Name: external_company_pkey; Type: CONSTRAINT; Schema: public; Owner: naval; Tablespace: 
--

ALTER TABLE ONLY external_company
    ADD CONSTRAINT external_company_pkey PRIMARY KEY (id);


--
-- Name: generic_day_assignments_container_pkey; Type: CONSTRAINT; Schema: public; Owner: naval; Tablespace: 
--

ALTER TABLE ONLY generic_day_assignments_container
    ADD CONSTRAINT generic_day_assignments_container_pkey PRIMARY KEY (id);


--
-- Name: generic_resource_allocation_pkey; Type: CONSTRAINT; Schema: public; Owner: naval; Tablespace: 
--

ALTER TABLE ONLY generic_resource_allocation
    ADD CONSTRAINT generic_resource_allocation_pkey PRIMARY KEY (resource_allocation_id);


--
-- Name: hour_cost_code_key; Type: CONSTRAINT; Schema: public; Owner: naval; Tablespace: 
--

ALTER TABLE ONLY hour_cost
    ADD CONSTRAINT hour_cost_code_key UNIQUE (code);


--
-- Name: hour_cost_pkey; Type: CONSTRAINT; Schema: public; Owner: naval; Tablespace: 
--

ALTER TABLE ONLY hour_cost
    ADD CONSTRAINT hour_cost_pkey PRIMARY KEY (id);


--
-- Name: hours_group_code_key; Type: CONSTRAINT; Schema: public; Owner: naval; Tablespace: 
--

ALTER TABLE ONLY hours_group
    ADD CONSTRAINT hours_group_code_key UNIQUE (code);


--
-- Name: hours_group_pkey; Type: CONSTRAINT; Schema: public; Owner: naval; Tablespace: 
--

ALTER TABLE ONLY hours_group
    ADD CONSTRAINT hours_group_pkey PRIMARY KEY (id);


--
-- Name: indirect_advance_assignment_pkey; Type: CONSTRAINT; Schema: public; Owner: naval; Tablespace: 
--

ALTER TABLE ONLY indirect_advance_assignment
    ADD CONSTRAINT indirect_advance_assignment_pkey PRIMARY KEY (advance_assignment_id);


--
-- Name: label_code_key; Type: CONSTRAINT; Schema: public; Owner: naval; Tablespace: 
--

ALTER TABLE ONLY label
    ADD CONSTRAINT label_code_key UNIQUE (code);


--
-- Name: label_name_key; Type: CONSTRAINT; Schema: public; Owner: naval; Tablespace: 
--

ALTER TABLE ONLY label
    ADD CONSTRAINT label_name_key UNIQUE (name, label_type_id);


--
-- Name: label_pkey; Type: CONSTRAINT; Schema: public; Owner: naval; Tablespace: 
--

ALTER TABLE ONLY label
    ADD CONSTRAINT label_pkey PRIMARY KEY (id);


--
-- Name: label_type_code_key; Type: CONSTRAINT; Schema: public; Owner: naval; Tablespace: 
--

ALTER TABLE ONLY label_type
    ADD CONSTRAINT label_type_code_key UNIQUE (code);


--
-- Name: label_type_name_key; Type: CONSTRAINT; Schema: public; Owner: naval; Tablespace: 
--

ALTER TABLE ONLY label_type
    ADD CONSTRAINT label_type_name_key UNIQUE (name);


--
-- Name: label_type_pkey; Type: CONSTRAINT; Schema: public; Owner: naval; Tablespace: 
--

ALTER TABLE ONLY label_type
    ADD CONSTRAINT label_type_pkey PRIMARY KEY (id);


--
-- Name: limiting_resource_queue_dependency_pkey; Type: CONSTRAINT; Schema: public; Owner: naval; Tablespace: 
--

ALTER TABLE ONLY limiting_resource_queue_dependency
    ADD CONSTRAINT limiting_resource_queue_dependency_pkey PRIMARY KEY (id);


--
-- Name: limiting_resource_queue_element_pkey; Type: CONSTRAINT; Schema: public; Owner: naval; Tablespace: 
--

ALTER TABLE ONLY limiting_resource_queue_element
    ADD CONSTRAINT limiting_resource_queue_element_pkey PRIMARY KEY (id);


--
-- Name: limiting_resource_queue_element_resource_allocation_id_key; Type: CONSTRAINT; Schema: public; Owner: naval; Tablespace: 
--

ALTER TABLE ONLY limiting_resource_queue_element
    ADD CONSTRAINT limiting_resource_queue_element_resource_allocation_id_key UNIQUE (resource_allocation_id);


--
-- Name: limiting_resource_queue_pkey; Type: CONSTRAINT; Schema: public; Owner: naval; Tablespace: 
--

ALTER TABLE ONLY limiting_resource_queue
    ADD CONSTRAINT limiting_resource_queue_pkey PRIMARY KEY (id);


--
-- Name: limiting_resource_queue_resource_id_key; Type: CONSTRAINT; Schema: public; Owner: naval; Tablespace: 
--

ALTER TABLE ONLY limiting_resource_queue
    ADD CONSTRAINT limiting_resource_queue_resource_id_key UNIQUE (resource_id);


--
-- Name: machine_configuration_unit_required_criterions_pkey; Type: CONSTRAINT; Schema: public; Owner: naval; Tablespace: 
--

ALTER TABLE ONLY machine_configuration_unit_required_criterions
    ADD CONSTRAINT machine_configuration_unit_required_criterions_pkey PRIMARY KEY (id, criterion_id);


--
-- Name: machine_pkey; Type: CONSTRAINT; Schema: public; Owner: naval; Tablespace: 
--

ALTER TABLE ONLY machine
    ADD CONSTRAINT machine_pkey PRIMARY KEY (machine_id);


--
-- Name: machine_worker_assignment_pkey; Type: CONSTRAINT; Schema: public; Owner: naval; Tablespace: 
--

ALTER TABLE ONLY machine_worker_assignment
    ADD CONSTRAINT machine_worker_assignment_pkey PRIMARY KEY (id);


--
-- Name: machine_workers_configuration_unit_pkey; Type: CONSTRAINT; Schema: public; Owner: naval; Tablespace: 
--

ALTER TABLE ONLY machine_workers_configuration_unit
    ADD CONSTRAINT machine_workers_configuration_unit_pkey PRIMARY KEY (id);


--
-- Name: material_assigment_pkey; Type: CONSTRAINT; Schema: public; Owner: naval; Tablespace: 
--

ALTER TABLE ONLY material_assigment
    ADD CONSTRAINT material_assigment_pkey PRIMARY KEY (id);


--
-- Name: material_assigment_template_pkey; Type: CONSTRAINT; Schema: public; Owner: naval; Tablespace: 
--

ALTER TABLE ONLY material_assigment_template
    ADD CONSTRAINT material_assigment_template_pkey PRIMARY KEY (id);


--
-- Name: material_category_code_key; Type: CONSTRAINT; Schema: public; Owner: naval; Tablespace: 
--

ALTER TABLE ONLY material_category
    ADD CONSTRAINT material_category_code_key UNIQUE (code);


--
-- Name: material_category_pkey; Type: CONSTRAINT; Schema: public; Owner: naval; Tablespace: 
--

ALTER TABLE ONLY material_category
    ADD CONSTRAINT material_category_pkey PRIMARY KEY (id);


--
-- Name: material_code_key; Type: CONSTRAINT; Schema: public; Owner: naval; Tablespace: 
--

ALTER TABLE ONLY material
    ADD CONSTRAINT material_code_key UNIQUE (code);


--
-- Name: material_pkey; Type: CONSTRAINT; Schema: public; Owner: naval; Tablespace: 
--

ALTER TABLE ONLY material
    ADD CONSTRAINT material_pkey PRIMARY KEY (id);


--
-- Name: order_authorization_pkey; Type: CONSTRAINT; Schema: public; Owner: naval; Tablespace: 
--

ALTER TABLE ONLY order_authorization
    ADD CONSTRAINT order_authorization_pkey PRIMARY KEY (id);


--
-- Name: order_element_code_key; Type: CONSTRAINT; Schema: public; Owner: naval; Tablespace: 
--

ALTER TABLE ONLY order_element
    ADD CONSTRAINT order_element_code_key UNIQUE (code);


--
-- Name: order_element_label_pkey; Type: CONSTRAINT; Schema: public; Owner: naval; Tablespace: 
--

ALTER TABLE ONLY order_element_label
    ADD CONSTRAINT order_element_label_pkey PRIMARY KEY (order_element_id, label_id);


--
-- Name: order_element_pkey; Type: CONSTRAINT; Schema: public; Owner: naval; Tablespace: 
--

ALTER TABLE ONLY order_element
    ADD CONSTRAINT order_element_pkey PRIMARY KEY (id);


--
-- Name: order_element_sum_charged_hours_id_key; Type: CONSTRAINT; Schema: public; Owner: naval; Tablespace: 
--

ALTER TABLE ONLY order_element
    ADD CONSTRAINT order_element_sum_charged_hours_id_key UNIQUE (sum_charged_hours_id);


--
-- Name: order_element_template_label_pkey; Type: CONSTRAINT; Schema: public; Owner: naval; Tablespace: 
--

ALTER TABLE ONLY order_element_template_label
    ADD CONSTRAINT order_element_template_label_pkey PRIMARY KEY (order_element_template_id, label_id);


--
-- Name: order_element_template_pkey; Type: CONSTRAINT; Schema: public; Owner: naval; Tablespace: 
--

ALTER TABLE ONLY order_element_template
    ADD CONSTRAINT order_element_template_pkey PRIMARY KEY (id);


--
-- Name: order_element_template_quality_form_pkey; Type: CONSTRAINT; Schema: public; Owner: naval; Tablespace: 
--

ALTER TABLE ONLY order_element_template_quality_form
    ADD CONSTRAINT order_element_template_quality_form_pkey PRIMARY KEY (order_element_template_id, quality_form_id);


--
-- Name: order_line_group_pkey; Type: CONSTRAINT; Schema: public; Owner: naval; Tablespace: 
--

ALTER TABLE ONLY order_line_group
    ADD CONSTRAINT order_line_group_pkey PRIMARY KEY (order_element_id);


--
-- Name: order_line_group_template_pkey; Type: CONSTRAINT; Schema: public; Owner: naval; Tablespace: 
--

ALTER TABLE ONLY order_line_group_template
    ADD CONSTRAINT order_line_group_template_pkey PRIMARY KEY (group_template_id);


--
-- Name: order_line_pkey; Type: CONSTRAINT; Schema: public; Owner: naval; Tablespace: 
--

ALTER TABLE ONLY order_line
    ADD CONSTRAINT order_line_pkey PRIMARY KEY (order_element_id);


--
-- Name: order_line_template_pkey; Type: CONSTRAINT; Schema: public; Owner: naval; Tablespace: 
--

ALTER TABLE ONLY order_line_template
    ADD CONSTRAINT order_line_template_pkey PRIMARY KEY (order_line_template_id);


--
-- Name: order_table_pkey; Type: CONSTRAINT; Schema: public; Owner: naval; Tablespace: 
--

ALTER TABLE ONLY order_table
    ADD CONSTRAINT order_table_pkey PRIMARY KEY (order_element_id);


--
-- Name: order_template_pkey; Type: CONSTRAINT; Schema: public; Owner: naval; Tablespace: 
--

ALTER TABLE ONLY order_template
    ADD CONSTRAINT order_template_pkey PRIMARY KEY (order_template_id);


--
-- Name: order_version_pkey; Type: CONSTRAINT; Schema: public; Owner: naval; Tablespace: 
--

ALTER TABLE ONLY order_version
    ADD CONSTRAINT order_version_pkey PRIMARY KEY (id);


--
-- Name: pk_databasechangelog; Type: CONSTRAINT; Schema: public; Owner: naval; Tablespace: 
--

ALTER TABLE ONLY databasechangelog
    ADD CONSTRAINT pk_databasechangelog PRIMARY KEY (id, author, filename);


--
-- Name: pk_databasechangeloglock; Type: CONSTRAINT; Schema: public; Owner: naval; Tablespace: 
--

ALTER TABLE ONLY databasechangeloglock
    ADD CONSTRAINT pk_databasechangeloglock PRIMARY KEY (id);


--
-- Name: planning_data_pkey; Type: CONSTRAINT; Schema: public; Owner: naval; Tablespace: 
--

ALTER TABLE ONLY planning_data
    ADD CONSTRAINT planning_data_pkey PRIMARY KEY (planning_data_id);


--
-- Name: profile_table_pkey; Type: CONSTRAINT; Schema: public; Owner: naval; Tablespace: 
--

ALTER TABLE ONLY profile_table
    ADD CONSTRAINT profile_table_pkey PRIMARY KEY (id);


--
-- Name: profile_table_profile_name_key; Type: CONSTRAINT; Schema: public; Owner: naval; Tablespace: 
--

ALTER TABLE ONLY profile_table
    ADD CONSTRAINT profile_table_profile_name_key UNIQUE (profile_name);


--
-- Name: quality_form_items_pkey; Type: CONSTRAINT; Schema: public; Owner: naval; Tablespace: 
--

ALTER TABLE ONLY quality_form_items
    ADD CONSTRAINT quality_form_items_pkey PRIMARY KEY (quality_form_id, idx);


--
-- Name: quality_form_name_key; Type: CONSTRAINT; Schema: public; Owner: naval; Tablespace: 
--

ALTER TABLE ONLY quality_form
    ADD CONSTRAINT quality_form_name_key UNIQUE (name);


--
-- Name: quality_form_pkey; Type: CONSTRAINT; Schema: public; Owner: naval; Tablespace: 
--

ALTER TABLE ONLY quality_form
    ADD CONSTRAINT quality_form_pkey PRIMARY KEY (id);


--
-- Name: resource_allocation_pkey; Type: CONSTRAINT; Schema: public; Owner: naval; Tablespace: 
--

ALTER TABLE ONLY resource_allocation
    ADD CONSTRAINT resource_allocation_pkey PRIMARY KEY (id);


--
-- Name: resource_base_calendar_id_key; Type: CONSTRAINT; Schema: public; Owner: naval; Tablespace: 
--

ALTER TABLE ONLY resource
    ADD CONSTRAINT resource_base_calendar_id_key UNIQUE (base_calendar_id);


--
-- Name: resource_calendar_pkey; Type: CONSTRAINT; Schema: public; Owner: naval; Tablespace: 
--

ALTER TABLE ONLY resource_calendar
    ADD CONSTRAINT resource_calendar_pkey PRIMARY KEY (base_calendar_id);


--
-- Name: resource_code_key; Type: CONSTRAINT; Schema: public; Owner: naval; Tablespace: 
--

ALTER TABLE ONLY resource
    ADD CONSTRAINT resource_code_key UNIQUE (code);


--
-- Name: resource_pkey; Type: CONSTRAINT; Schema: public; Owner: naval; Tablespace: 
--

ALTER TABLE ONLY resource
    ADD CONSTRAINT resource_pkey PRIMARY KEY (id);


--
-- Name: resources_cost_category_assignment_code_key; Type: CONSTRAINT; Schema: public; Owner: naval; Tablespace: 
--

ALTER TABLE ONLY resources_cost_category_assignment
    ADD CONSTRAINT resources_cost_category_assignment_code_key UNIQUE (code);


--
-- Name: resources_cost_category_assignment_pkey; Type: CONSTRAINT; Schema: public; Owner: naval; Tablespace: 
--

ALTER TABLE ONLY resources_cost_category_assignment
    ADD CONSTRAINT resources_cost_category_assignment_pkey PRIMARY KEY (id);


--
-- Name: scenario_orders_pkey; Type: CONSTRAINT; Schema: public; Owner: naval; Tablespace: 
--

ALTER TABLE ONLY scenario_orders
    ADD CONSTRAINT scenario_orders_pkey PRIMARY KEY (scenario_id, order_id);


--
-- Name: scenario_pkey; Type: CONSTRAINT; Schema: public; Owner: naval; Tablespace: 
--

ALTER TABLE ONLY scenario
    ADD CONSTRAINT scenario_pkey PRIMARY KEY (id);


--
-- Name: scheduling_data_for_version_pkey; Type: CONSTRAINT; Schema: public; Owner: naval; Tablespace: 
--

ALTER TABLE ONLY scheduling_data_for_version
    ADD CONSTRAINT scheduling_data_for_version_pkey PRIMARY KEY (id);


--
-- Name: scheduling_states_by_order_version_pkey; Type: CONSTRAINT; Schema: public; Owner: naval; Tablespace: 
--

ALTER TABLE ONLY scheduling_states_by_order_version
    ADD CONSTRAINT scheduling_states_by_order_version_pkey PRIMARY KEY (order_element_id, order_version_id);


--
-- Name: sigmoid_function_pkey; Type: CONSTRAINT; Schema: public; Owner: naval; Tablespace: 
--

ALTER TABLE ONLY sigmoid_function
    ADD CONSTRAINT sigmoid_function_pkey PRIMARY KEY (assignment_function_id);


--
-- Name: specific_day_assignments_container_pkey; Type: CONSTRAINT; Schema: public; Owner: naval; Tablespace: 
--

ALTER TABLE ONLY specific_day_assignments_container
    ADD CONSTRAINT specific_day_assignments_container_pkey PRIMARY KEY (id);


--
-- Name: specific_resource_allocation_pkey; Type: CONSTRAINT; Schema: public; Owner: naval; Tablespace: 
--

ALTER TABLE ONLY specific_resource_allocation
    ADD CONSTRAINT specific_resource_allocation_pkey PRIMARY KEY (resource_allocation_id);


--
-- Name: stretches_function_pkey; Type: CONSTRAINT; Schema: public; Owner: naval; Tablespace: 
--

ALTER TABLE ONLY stretches_function
    ADD CONSTRAINT stretches_function_pkey PRIMARY KEY (assignment_function_id);


--
-- Name: stretches_pkey; Type: CONSTRAINT; Schema: public; Owner: naval; Tablespace: 
--

ALTER TABLE ONLY stretches
    ADD CONSTRAINT stretches_pkey PRIMARY KEY (assignment_function_id, stretch_position);


--
-- Name: subcontracted_task_data_pkey; Type: CONSTRAINT; Schema: public; Owner: naval; Tablespace: 
--

ALTER TABLE ONLY subcontracted_task_data
    ADD CONSTRAINT subcontracted_task_data_pkey PRIMARY KEY (id);


--
-- Name: sum_charged_hours_pkey; Type: CONSTRAINT; Schema: public; Owner: naval; Tablespace: 
--

ALTER TABLE ONLY sum_charged_hours
    ADD CONSTRAINT sum_charged_hours_pkey PRIMARY KEY (id);


--
-- Name: task_element_pkey; Type: CONSTRAINT; Schema: public; Owner: naval; Tablespace: 
--

ALTER TABLE ONLY task_element
    ADD CONSTRAINT task_element_pkey PRIMARY KEY (id);


--
-- Name: task_group_pkey; Type: CONSTRAINT; Schema: public; Owner: naval; Tablespace: 
--

ALTER TABLE ONLY task_group
    ADD CONSTRAINT task_group_pkey PRIMARY KEY (task_element_id);


--
-- Name: task_milestone_pkey; Type: CONSTRAINT; Schema: public; Owner: naval; Tablespace: 
--

ALTER TABLE ONLY task_milestone
    ADD CONSTRAINT task_milestone_pkey PRIMARY KEY (task_element_id);


--
-- Name: task_pkey; Type: CONSTRAINT; Schema: public; Owner: naval; Tablespace: 
--

ALTER TABLE ONLY task
    ADD CONSTRAINT task_pkey PRIMARY KEY (task_element_id);


--
-- Name: task_quality_form_items_pkey; Type: CONSTRAINT; Schema: public; Owner: naval; Tablespace: 
--

ALTER TABLE ONLY task_quality_form_items
    ADD CONSTRAINT task_quality_form_items_pkey PRIMARY KEY (task_quality_form_id, idx);


--
-- Name: task_quality_form_pkey; Type: CONSTRAINT; Schema: public; Owner: naval; Tablespace: 
--

ALTER TABLE ONLY task_quality_form
    ADD CONSTRAINT task_quality_form_pkey PRIMARY KEY (id);


--
-- Name: task_source_hours_groups_pkey; Type: CONSTRAINT; Schema: public; Owner: naval; Tablespace: 
--

ALTER TABLE ONLY task_source_hours_groups
    ADD CONSTRAINT task_source_hours_groups_pkey PRIMARY KEY (task_source_id, hours_group_id);


--
-- Name: task_source_pkey; Type: CONSTRAINT; Schema: public; Owner: naval; Tablespace: 
--

ALTER TABLE ONLY task_source
    ADD CONSTRAINT task_source_pkey PRIMARY KEY (id);


--
-- Name: task_source_schedulingdata_key; Type: CONSTRAINT; Schema: public; Owner: naval; Tablespace: 
--

ALTER TABLE ONLY task_source
    ADD CONSTRAINT task_source_schedulingdata_key UNIQUE (schedulingdata);


--
-- Name: task_subcontrated_task_data_id_key; Type: CONSTRAINT; Schema: public; Owner: naval; Tablespace: 
--

ALTER TABLE ONLY task
    ADD CONSTRAINT task_subcontrated_task_data_id_key UNIQUE (subcontrated_task_data_id);


--
-- Name: type_of_work_hours_code_key; Type: CONSTRAINT; Schema: public; Owner: naval; Tablespace: 
--

ALTER TABLE ONLY type_of_work_hours
    ADD CONSTRAINT type_of_work_hours_code_key UNIQUE (code);


--
-- Name: type_of_work_hours_name_key; Type: CONSTRAINT; Schema: public; Owner: naval; Tablespace: 
--

ALTER TABLE ONLY type_of_work_hours
    ADD CONSTRAINT type_of_work_hours_name_key UNIQUE (name);


--
-- Name: type_of_work_hours_pkey; Type: CONSTRAINT; Schema: public; Owner: naval; Tablespace: 
--

ALTER TABLE ONLY type_of_work_hours
    ADD CONSTRAINT type_of_work_hours_pkey PRIMARY KEY (id);


--
-- Name: unit_type_code_key; Type: CONSTRAINT; Schema: public; Owner: naval; Tablespace: 
--

ALTER TABLE ONLY unit_type
    ADD CONSTRAINT unit_type_code_key UNIQUE (code);


--
-- Name: unit_type_pkey; Type: CONSTRAINT; Schema: public; Owner: naval; Tablespace: 
--

ALTER TABLE ONLY unit_type
    ADD CONSTRAINT unit_type_pkey PRIMARY KEY (id);


--
-- Name: user_profiles_pkey; Type: CONSTRAINT; Schema: public; Owner: naval; Tablespace: 
--

ALTER TABLE ONLY user_profiles
    ADD CONSTRAINT user_profiles_pkey PRIMARY KEY (user_id, profile_id);


--
-- Name: user_table_login_name_key; Type: CONSTRAINT; Schema: public; Owner: naval; Tablespace: 
--

ALTER TABLE ONLY user_table
    ADD CONSTRAINT user_table_login_name_key UNIQUE (login_name);


--
-- Name: user_table_pkey; Type: CONSTRAINT; Schema: public; Owner: naval; Tablespace: 
--

ALTER TABLE ONLY user_table
    ADD CONSTRAINT user_table_pkey PRIMARY KEY (id);


--
-- Name: virtual_worker_pkey; Type: CONSTRAINT; Schema: public; Owner: naval; Tablespace: 
--

ALTER TABLE ONLY virtual_worker
    ADD CONSTRAINT virtual_worker_pkey PRIMARY KEY (virtual_worker_id);


--
-- Name: work_report_code_key; Type: CONSTRAINT; Schema: public; Owner: naval; Tablespace: 
--

ALTER TABLE ONLY work_report
    ADD CONSTRAINT work_report_code_key UNIQUE (code);


--
-- Name: work_report_label_type_assigment_pkey; Type: CONSTRAINT; Schema: public; Owner: naval; Tablespace: 
--

ALTER TABLE ONLY work_report_label_type_assigment
    ADD CONSTRAINT work_report_label_type_assigment_pkey PRIMARY KEY (id);


--
-- Name: work_report_line_code_key; Type: CONSTRAINT; Schema: public; Owner: naval; Tablespace: 
--

ALTER TABLE ONLY work_report_line
    ADD CONSTRAINT work_report_line_code_key UNIQUE (code);


--
-- Name: work_report_line_pkey; Type: CONSTRAINT; Schema: public; Owner: naval; Tablespace: 
--

ALTER TABLE ONLY work_report_line
    ADD CONSTRAINT work_report_line_pkey PRIMARY KEY (id);


--
-- Name: work_report_pkey; Type: CONSTRAINT; Schema: public; Owner: naval; Tablespace: 
--

ALTER TABLE ONLY work_report
    ADD CONSTRAINT work_report_pkey PRIMARY KEY (id);


--
-- Name: work_report_type_code_key; Type: CONSTRAINT; Schema: public; Owner: naval; Tablespace: 
--

ALTER TABLE ONLY work_report_type
    ADD CONSTRAINT work_report_type_code_key UNIQUE (code);


--
-- Name: work_report_type_name_key; Type: CONSTRAINT; Schema: public; Owner: naval; Tablespace: 
--

ALTER TABLE ONLY work_report_type
    ADD CONSTRAINT work_report_type_name_key UNIQUE (name);


--
-- Name: work_report_type_pkey; Type: CONSTRAINT; Schema: public; Owner: naval; Tablespace: 
--

ALTER TABLE ONLY work_report_type
    ADD CONSTRAINT work_report_type_pkey PRIMARY KEY (id);


--
-- Name: worker_pkey; Type: CONSTRAINT; Schema: public; Owner: naval; Tablespace: 
--

ALTER TABLE ONLY worker
    ADD CONSTRAINT worker_pkey PRIMARY KEY (worker_id);


--
-- Name: workreports_labels_pkey; Type: CONSTRAINT; Schema: public; Owner: naval; Tablespace: 
--

ALTER TABLE ONLY workreports_labels
    ADD CONSTRAINT workreports_labels_pkey PRIMARY KEY (work_report_id, label_id);


--
-- Name: workreportslines_labels_pkey; Type: CONSTRAINT; Schema: public; Owner: naval; Tablespace: 
--

ALTER TABLE ONLY workreportslines_labels
    ADD CONSTRAINT workreportslines_labels_pkey PRIMARY KEY (work_report_line_id, label_id);


--
-- Name: fk101a54bf87fa6b5d; Type: FK CONSTRAINT; Schema: public; Owner: naval
--

ALTER TABLE ONLY task_quality_form_items
    ADD CONSTRAINT fk101a54bf87fa6b5d FOREIGN KEY (task_quality_form_id) REFERENCES task_quality_form(id);


--
-- Name: fk11d365279578651e; Type: FK CONSTRAINT; Schema: public; Owner: naval
--

ALTER TABLE ONLY material
    ADD CONSTRAINT fk11d365279578651e FOREIGN KEY (category_id) REFERENCES material_category(id);


--
-- Name: fk11d36527f11b2d0; Type: FK CONSTRAINT; Schema: public; Owner: naval
--

ALTER TABLE ONLY material
    ADD CONSTRAINT fk11d36527f11b2d0 FOREIGN KEY (unit_type) REFERENCES unit_type(id);


--
-- Name: fk16e20ea114a5c61; Type: FK CONSTRAINT; Schema: public; Owner: naval
--

ALTER TABLE ONLY criterion
    ADD CONSTRAINT fk16e20ea114a5c61 FOREIGN KEY (id_criterion_type) REFERENCES criterion_type(id);


--
-- Name: fk16e20ea13a156175; Type: FK CONSTRAINT; Schema: public; Owner: naval
--

ALTER TABLE ONLY criterion
    ADD CONSTRAINT fk16e20ea13a156175 FOREIGN KEY (parent) REFERENCES criterion(id);


--
-- Name: fk172a16c02f2d3aec; Type: FK CONSTRAINT; Schema: public; Owner: naval
--

ALTER TABLE ONLY direct_advance_assignment
    ADD CONSTRAINT fk172a16c02f2d3aec FOREIGN KEY (advance_assignment_id) REFERENCES advance_assignment(id);


--
-- Name: fk172a16c0a1127ce5; Type: FK CONSTRAINT; Schema: public; Owner: naval
--

ALTER TABLE ONLY direct_advance_assignment
    ADD CONSTRAINT fk172a16c0a1127ce5 FOREIGN KEY (direct_order_element_id) REFERENCES order_element(id);


--
-- Name: fk1e6bf5475c390c4; Type: FK CONSTRAINT; Schema: public; Owner: naval
--

ALTER TABLE ONLY description_values_in_line
    ADD CONSTRAINT fk1e6bf5475c390c4 FOREIGN KEY (description_value_id) REFERENCES work_report_line(id);


--
-- Name: fk1fc5f45575ed79ba; Type: FK CONSTRAINT; Schema: public; Owner: naval
--

ALTER TABLE ONLY limiting_resource_queue_element
    ADD CONSTRAINT fk1fc5f45575ed79ba FOREIGN KEY (resource_allocation_id) REFERENCES resource_allocation(id);


--
-- Name: fk1fc5f455bd2209e8; Type: FK CONSTRAINT; Schema: public; Owner: naval
--

ALTER TABLE ONLY limiting_resource_queue_element
    ADD CONSTRAINT fk1fc5f455bd2209e8 FOREIGN KEY (limiting_resource_queue_id) REFERENCES limiting_resource_queue(id);


--
-- Name: fk225ff96a8c4c676c; Type: FK CONSTRAINT; Schema: public; Owner: naval
--

ALTER TABLE ONLY criterion_satisfaction
    ADD CONSTRAINT fk225ff96a8c4c676c FOREIGN KEY (criterion) REFERENCES criterion(id);


--
-- Name: fk225ff96aeae850b2; Type: FK CONSTRAINT; Schema: public; Owner: naval
--

ALTER TABLE ONLY criterion_satisfaction
    ADD CONSTRAINT fk225ff96aeae850b2 FOREIGN KEY (resource) REFERENCES resource(id);


--
-- Name: fk27c2a21648d21790; Type: FK CONSTRAINT; Schema: public; Owner: naval
--

ALTER TABLE ONLY resources_cost_category_assignment
    ADD CONSTRAINT fk27c2a21648d21790 FOREIGN KEY (resource_id) REFERENCES resource(id);


--
-- Name: fk27c2a216c29ad8eb; Type: FK CONSTRAINT; Schema: public; Owner: naval
--

ALTER TABLE ONLY resources_cost_category_assignment
    ADD CONSTRAINT fk27c2a216c29ad8eb FOREIGN KEY (cost_category_id) REFERENCES cost_category(id);


--
-- Name: fk2908787d415884f6; Type: FK CONSTRAINT; Schema: public; Owner: naval
--

ALTER TABLE ONLY heading_field
    ADD CONSTRAINT fk2908787d415884f6 FOREIGN KEY (heading_id) REFERENCES work_report_type(id);


--
-- Name: fk2d124245efda874f; Type: FK CONSTRAINT; Schema: public; Owner: naval
--

ALTER TABLE ONLY order_line
    ADD CONSTRAINT fk2d124245efda874f FOREIGN KEY (order_element_id) REFERENCES order_element(id);


--
-- Name: fk2e7e6bcc5567ad13; Type: FK CONSTRAINT; Schema: public; Owner: naval
--

ALTER TABLE ONLY roles_table
    ADD CONSTRAINT fk2e7e6bcc5567ad13 FOREIGN KEY (user_id) REFERENCES user_table(id);


--
-- Name: fk31314447937680b7; Type: FK CONSTRAINT; Schema: public; Owner: naval
--

ALTER TABLE ONLY machine
    ADD CONSTRAINT fk31314447937680b7 FOREIGN KEY (machine_id) REFERENCES resource(id);


--
-- Name: fk3525435419b9dfde; Type: FK CONSTRAINT; Schema: public; Owner: naval
--

ALTER TABLE ONLY material_assigment_template
    ADD CONSTRAINT fk3525435419b9dfde FOREIGN KEY (order_element_template_id) REFERENCES order_element_template(id);


--
-- Name: fk35254354b5c68337; Type: FK CONSTRAINT; Schema: public; Owner: naval
--

ALTER TABLE ONLY material_assigment_template
    ADD CONSTRAINT fk35254354b5c68337 FOREIGN KEY (material_id) REFERENCES material(id);


--
-- Name: fk35588e2d3ae24ff8; Type: FK CONSTRAINT; Schema: public; Owner: naval
--

ALTER TABLE ONLY consolidated_value
    ADD CONSTRAINT fk35588e2d3ae24ff8 FOREIGN KEY (consolidation_id) REFERENCES consolidation(id);


--
-- Name: fk35588e2db96bba28; Type: FK CONSTRAINT; Schema: public; Owner: naval
--

ALTER TABLE ONLY consolidated_value
    ADD CONSTRAINT fk35588e2db96bba28 FOREIGN KEY (advance_measurement_id) REFERENCES advance_measurement(id);


--
-- Name: fk35588e2dcec54333; Type: FK CONSTRAINT; Schema: public; Owner: naval
--

ALTER TABLE ONLY consolidated_value
    ADD CONSTRAINT fk35588e2dcec54333 FOREIGN KEY (consolidation_id) REFERENCES consolidation(id);


--
-- Name: fk35bc4ed63804cfa; Type: FK CONSTRAINT; Schema: public; Owner: naval
--

ALTER TABLE ONLY subcontracted_task_data
    ADD CONSTRAINT fk35bc4ed63804cfa FOREIGN KEY (external_company) REFERENCES external_company(id);


--
-- Name: fk3635854936bb8c; Type: FK CONSTRAINT; Schema: public; Owner: naval
--

ALTER TABLE ONLY task
    ADD CONSTRAINT fk3635854936bb8c FOREIGN KEY (task_element_id) REFERENCES task_element(id);


--
-- Name: fk3635855b595a0; Type: FK CONSTRAINT; Schema: public; Owner: naval
--

ALTER TABLE ONLY task
    ADD CONSTRAINT fk3635855b595a0 FOREIGN KEY (subcontrated_task_data_id) REFERENCES subcontracted_task_data(id);


--
-- Name: fk3b9a8148c29ad8eb; Type: FK CONSTRAINT; Schema: public; Owner: naval
--

ALTER TABLE ONLY hour_cost
    ADD CONSTRAINT fk3b9a8148c29ad8eb FOREIGN KEY (cost_category_id) REFERENCES cost_category(id);


--
-- Name: fk3b9a8148d5b6184d; Type: FK CONSTRAINT; Schema: public; Owner: naval
--

ALTER TABLE ONLY hour_cost
    ADD CONSTRAINT fk3b9a8148d5b6184d FOREIGN KEY (type_of_work_hours_id) REFERENCES type_of_work_hours(id);


--
-- Name: fk4339b2e41638aab; Type: FK CONSTRAINT; Schema: public; Owner: naval
--

ALTER TABLE ONLY order_element_template
    ADD CONSTRAINT fk4339b2e41638aab FOREIGN KEY (parent) REFERENCES order_line_group_template(group_template_id);


--
-- Name: fk4356e07e8b37665c; Type: FK CONSTRAINT; Schema: public; Owner: naval
--

ALTER TABLE ONLY task_quality_form
    ADD CONSTRAINT fk4356e07e8b37665c FOREIGN KEY (quality_form_id) REFERENCES quality_form(id);


--
-- Name: fk4356e07eefda874f; Type: FK CONSTRAINT; Schema: public; Owner: naval
--

ALTER TABLE ONLY task_quality_form
    ADD CONSTRAINT fk4356e07eefda874f FOREIGN KEY (order_element_id) REFERENCES order_element(id);


--
-- Name: fk4949f0241a5e11f8; Type: FK CONSTRAINT; Schema: public; Owner: naval
--

ALTER TABLE ONLY stretches_function
    ADD CONSTRAINT fk4949f0241a5e11f8 FOREIGN KEY (assignment_function_id) REFERENCES assignment_function(id);


--
-- Name: fk4d9497454936bb8c; Type: FK CONSTRAINT; Schema: public; Owner: naval
--

ALTER TABLE ONLY task_group
    ADD CONSTRAINT fk4d9497454936bb8c FOREIGN KEY (task_element_id) REFERENCES task_element(id);


--
-- Name: fk557738bca44abee3; Type: FK CONSTRAINT; Schema: public; Owner: naval
--

ALTER TABLE ONLY calendar_availability
    ADD CONSTRAINT fk557738bca44abee3 FOREIGN KEY (base_calendar_id) REFERENCES base_calendar(id);


--
-- Name: fk5948535228f2695; Type: FK CONSTRAINT; Schema: public; Owner: naval
--

ALTER TABLE ONLY limiting_resource_queue_dependency
    ADD CONSTRAINT fk5948535228f2695 FOREIGN KEY (origin_queue_element_id) REFERENCES limiting_resource_queue_element(id);


--
-- Name: fk59485352e42f8d29; Type: FK CONSTRAINT; Schema: public; Owner: naval
--

ALTER TABLE ONLY limiting_resource_queue_dependency
    ADD CONSTRAINT fk59485352e42f8d29 FOREIGN KEY (destiny_queue_element_id) REFERENCES limiting_resource_queue_element(id);


--
-- Name: fk616de2a319b9dfde; Type: FK CONSTRAINT; Schema: public; Owner: naval
--

ALTER TABLE ONLY order_element_template_label
    ADD CONSTRAINT fk616de2a319b9dfde FOREIGN KEY (order_element_template_id) REFERENCES order_element_template(id);


--
-- Name: fk616de2a3c1c2746e; Type: FK CONSTRAINT; Schema: public; Owner: naval
--

ALTER TABLE ONLY order_element_template_label
    ADD CONSTRAINT fk616de2a3c1c2746e FOREIGN KEY (label_id) REFERENCES label(id);


--
-- Name: fk61f7ef4707cd777; Type: FK CONSTRAINT; Schema: public; Owner: naval
--

ALTER TABLE ONLY label
    ADD CONSTRAINT fk61f7ef4707cd777 FOREIGN KEY (label_type_id) REFERENCES label_type(id);


--
-- Name: fk6476ce4b9a4a7d90; Type: FK CONSTRAINT; Schema: public; Owner: naval
--

ALTER TABLE ONLY order_template
    ADD CONSTRAINT fk6476ce4b9a4a7d90 FOREIGN KEY (order_template_id) REFERENCES order_line_group_template(group_template_id);


--
-- Name: fk6476ce4ba44abee3; Type: FK CONSTRAINT; Schema: public; Owner: naval
--

ALTER TABLE ONLY order_template
    ADD CONSTRAINT fk6476ce4ba44abee3 FOREIGN KEY (base_calendar_id) REFERENCES base_calendar(id);


--
-- Name: fk64cbad3b218d7620; Type: FK CONSTRAINT; Schema: public; Owner: naval
--

ALTER TABLE ONLY indirect_advance_assignment
    ADD CONSTRAINT fk64cbad3b218d7620 FOREIGN KEY (indirect_order_element_id) REFERENCES order_element(id);


--
-- Name: fk64cbad3b2f2d3aec; Type: FK CONSTRAINT; Schema: public; Owner: naval
--

ALTER TABLE ONLY indirect_advance_assignment
    ADD CONSTRAINT fk64cbad3b2f2d3aec FOREIGN KEY (advance_assignment_id) REFERENCES advance_assignment(id);


--
-- Name: fk64cbad3b8202350f; Type: FK CONSTRAINT; Schema: public; Owner: naval
--

ALTER TABLE ONLY indirect_advance_assignment
    ADD CONSTRAINT fk64cbad3b8202350f FOREIGN KEY (indirect_order_element_id) REFERENCES order_line_group(order_element_id);


--
-- Name: fk672eed98efda874f; Type: FK CONSTRAINT; Schema: public; Owner: naval
--

ALTER TABLE ONLY scheduling_data_for_version
    ADD CONSTRAINT fk672eed98efda874f FOREIGN KEY (order_element_id) REFERENCES order_element(id);


--
-- Name: fk733374f6cc119699; Type: FK CONSTRAINT; Schema: public; Owner: naval
--

ALTER TABLE ONLY configuration
    ADD CONSTRAINT fk733374f6cc119699 FOREIGN KEY (configuration_id) REFERENCES base_calendar(id);


--
-- Name: fk7358465a4cd98327; Type: FK CONSTRAINT; Schema: public; Owner: naval
--

ALTER TABLE ONLY user_table
    ADD CONSTRAINT fk7358465a4cd98327 FOREIGN KEY (lastconnectedscenario) REFERENCES scenario(id);


--
-- Name: fk74fc040b7fa34e3f; Type: FK CONSTRAINT; Schema: public; Owner: naval
--

ALTER TABLE ONLY calendar_data
    ADD CONSTRAINT fk74fc040b7fa34e3f FOREIGN KEY (parent) REFERENCES base_calendar(id);


--
-- Name: fk74fc040ba44abee3; Type: FK CONSTRAINT; Schema: public; Owner: naval
--

ALTER TABLE ONLY calendar_data
    ADD CONSTRAINT fk74fc040ba44abee3 FOREIGN KEY (base_calendar_id) REFERENCES base_calendar(id);


--
-- Name: fk75a2f39d4ec080cf; Type: FK CONSTRAINT; Schema: public; Owner: naval
--

ALTER TABLE ONLY order_table
    ADD CONSTRAINT fk75a2f39d4ec080cf FOREIGN KEY (customer) REFERENCES external_company(id);


--
-- Name: fk75a2f39d504f463e; Type: FK CONSTRAINT; Schema: public; Owner: naval
--

ALTER TABLE ONLY order_table
    ADD CONSTRAINT fk75a2f39d504f463e FOREIGN KEY (order_element_id) REFERENCES order_line_group(order_element_id);


--
-- Name: fk75a2f39da44abee3; Type: FK CONSTRAINT; Schema: public; Owner: naval
--

ALTER TABLE ONLY order_table
    ADD CONSTRAINT fk75a2f39da44abee3 FOREIGN KEY (base_calendar_id) REFERENCES base_calendar(id);


--
-- Name: fk7950e0153d72bc6f; Type: FK CONSTRAINT; Schema: public; Owner: naval
--

ALTER TABLE ONLY task_source
    ADD CONSTRAINT fk7950e0153d72bc6f FOREIGN KEY (id) REFERENCES task_element(id);


--
-- Name: fk7950e0159a2c0abd; Type: FK CONSTRAINT; Schema: public; Owner: naval
--

ALTER TABLE ONLY task_source
    ADD CONSTRAINT fk7950e0159a2c0abd FOREIGN KEY (schedulingdata) REFERENCES scheduling_data_for_version(id);


--
-- Name: fk7980035061f02c44; Type: FK CONSTRAINT; Schema: public; Owner: naval
--

ALTER TABLE ONLY all_criterions
    ADD CONSTRAINT fk7980035061f02c44 FOREIGN KEY (criterion_id) REFERENCES criterion(id);


--
-- Name: fk79800350b1524a73; Type: FK CONSTRAINT; Schema: public; Owner: naval
--

ALTER TABLE ONLY all_criterions
    ADD CONSTRAINT fk79800350b1524a73 FOREIGN KEY (generic_resource_allocation_id) REFERENCES generic_resource_allocation(resource_allocation_id);


--
-- Name: fk7d1ee2c5fec79eb0; Type: FK CONSTRAINT; Schema: public; Owner: naval
--

ALTER TABLE ONLY description_values
    ADD CONSTRAINT fk7d1ee2c5fec79eb0 FOREIGN KEY (description_value_id) REFERENCES work_report(id);


--
-- Name: fk7e57469848d21790; Type: FK CONSTRAINT; Schema: public; Owner: naval
--

ALTER TABLE ONLY limiting_resource_queue
    ADD CONSTRAINT fk7e57469848d21790 FOREIGN KEY (resource_id) REFERENCES resource(id);


--
-- Name: fk84c66516b53669f2; Type: FK CONSTRAINT; Schema: public; Owner: naval
--

ALTER TABLE ONLY material_category
    ADD CONSTRAINT fk84c66516b53669f2 FOREIGN KEY (parent_id) REFERENCES material_category(id);


--
-- Name: fk84f61df123b85cf1; Type: FK CONSTRAINT; Schema: public; Owner: naval
--

ALTER TABLE ONLY scheduling_states_by_order_version
    ADD CONSTRAINT fk84f61df123b85cf1 FOREIGN KEY (order_version_id) REFERENCES order_version(id);


--
-- Name: fk84f61df19bfe55d0; Type: FK CONSTRAINT; Schema: public; Owner: naval
--

ALTER TABLE ONLY scheduling_states_by_order_version
    ADD CONSTRAINT fk84f61df19bfe55d0 FOREIGN KEY (scheduling_state_for_version_id) REFERENCES scheduling_data_for_version(id);


--
-- Name: fk84f61df1efda874f; Type: FK CONSTRAINT; Schema: public; Owner: naval
--

ALTER TABLE ONLY scheduling_states_by_order_version
    ADD CONSTRAINT fk84f61df1efda874f FOREIGN KEY (order_element_id) REFERENCES order_element(id);


--
-- Name: fk88eecef415884f6; Type: FK CONSTRAINT; Schema: public; Owner: naval
--

ALTER TABLE ONLY line_field
    ADD CONSTRAINT fk88eecef415884f6 FOREIGN KEY (heading_id) REFERENCES work_report_type(id);


--
-- Name: fk91bbca7423b85cf1; Type: FK CONSTRAINT; Schema: public; Owner: naval
--

ALTER TABLE ONLY scenario_orders
    ADD CONSTRAINT fk91bbca7423b85cf1 FOREIGN KEY (order_version_id) REFERENCES order_version(id);


--
-- Name: fk91bbca7487287288; Type: FK CONSTRAINT; Schema: public; Owner: naval
--

ALTER TABLE ONLY scenario_orders
    ADD CONSTRAINT fk91bbca7487287288 FOREIGN KEY (order_id) REFERENCES order_table(order_element_id);


--
-- Name: fk91bbca74c0fb9d8e; Type: FK CONSTRAINT; Schema: public; Owner: naval
--

ALTER TABLE ONLY scenario_orders
    ADD CONSTRAINT fk91bbca74c0fb9d8e FOREIGN KEY (scenario_id) REFERENCES scenario(id);


--
-- Name: fk92271f0b1e635c19; Type: FK CONSTRAINT; Schema: public; Owner: naval
--

ALTER TABLE ONLY order_element
    ADD CONSTRAINT fk92271f0b1e635c19 FOREIGN KEY (parent) REFERENCES order_line_group(order_element_id);


--
-- Name: fk92271f0b7ec17fa6; Type: FK CONSTRAINT; Schema: public; Owner: naval
--

ALTER TABLE ONLY order_element
    ADD CONSTRAINT fk92271f0b7ec17fa6 FOREIGN KEY (sum_charged_hours_id) REFERENCES sum_charged_hours(id);


--
-- Name: fk92271f0bd97bcc8c; Type: FK CONSTRAINT; Schema: public; Owner: naval
--

ALTER TABLE ONLY order_element
    ADD CONSTRAINT fk92271f0bd97bcc8c FOREIGN KEY (template) REFERENCES order_element_template(id);


--
-- Name: fk95548d7861f02c44; Type: FK CONSTRAINT; Schema: public; Owner: naval
--

ALTER TABLE ONLY machine_configuration_unit_required_criterions
    ADD CONSTRAINT fk95548d7861f02c44 FOREIGN KEY (criterion_id) REFERENCES criterion(id);


--
-- Name: fk95548d7875999a91; Type: FK CONSTRAINT; Schema: public; Owner: naval
--

ALTER TABLE ONLY machine_configuration_unit_required_criterions
    ADD CONSTRAINT fk95548d7875999a91 FOREIGN KEY (id) REFERENCES machine_workers_configuration_unit(id);


--
-- Name: fk9619184fa44abee3; Type: FK CONSTRAINT; Schema: public; Owner: naval
--

ALTER TABLE ONLY resource_calendar
    ADD CONSTRAINT fk9619184fa44abee3 FOREIGN KEY (base_calendar_id) REFERENCES base_calendar(id);


--
-- Name: fk9c819f74ddc82952; Type: FK CONSTRAINT; Schema: public; Owner: naval
--

ALTER TABLE ONLY order_line_group_template
    ADD CONSTRAINT fk9c819f74ddc82952 FOREIGN KEY (group_template_id) REFERENCES order_element_template(id);


--
-- Name: fka01fe4ee8c80ccb7; Type: FK CONSTRAINT; Schema: public; Owner: naval
--

ALTER TABLE ONLY task_source_hours_groups
    ADD CONSTRAINT fka01fe4ee8c80ccb7 FOREIGN KEY (task_source_id) REFERENCES task_source(id);


--
-- Name: fka01fe4eee036cfed; Type: FK CONSTRAINT; Schema: public; Owner: naval
--

ALTER TABLE ONLY task_source_hours_groups
    ADD CONSTRAINT fka01fe4eee036cfed FOREIGN KEY (hours_group_id) REFERENCES hours_group(id);


--
-- Name: fka215508ea44abee3; Type: FK CONSTRAINT; Schema: public; Owner: naval
--

ALTER TABLE ONLY calendar_exception
    ADD CONSTRAINT fka215508ea44abee3 FOREIGN KEY (base_calendar_id) REFERENCES base_calendar(id);


--
-- Name: fka215508eadad7e51; Type: FK CONSTRAINT; Schema: public; Owner: naval
--

ALTER TABLE ONLY calendar_exception
    ADD CONSTRAINT fka215508eadad7e51 FOREIGN KEY (calendar_exception_id) REFERENCES calendar_exception_type(id);


--
-- Name: fka2c1583686b2de7a; Type: FK CONSTRAINT; Schema: public; Owner: naval
--

ALTER TABLE ONLY machine_worker_assignment
    ADD CONSTRAINT fka2c1583686b2de7a FOREIGN KEY (configuration_id) REFERENCES machine_workers_configuration_unit(id);


--
-- Name: fka2c158369bebcf10; Type: FK CONSTRAINT; Schema: public; Owner: naval
--

ALTER TABLE ONLY machine_worker_assignment
    ADD CONSTRAINT fka2c158369bebcf10 FOREIGN KEY (worker_id) REFERENCES worker(worker_id);


--
-- Name: fka391ce7a2380ca7; Type: FK CONSTRAINT; Schema: public; Owner: naval
--

ALTER TABLE ONLY order_version
    ADD CONSTRAINT fka391ce7a2380ca7 FOREIGN KEY (ownerscenario) REFERENCES scenario(id);


--
-- Name: fkad6003c58b37665c; Type: FK CONSTRAINT; Schema: public; Owner: naval
--

ALTER TABLE ONLY quality_form_items
    ADD CONSTRAINT fkad6003c58b37665c FOREIGN KEY (quality_form_id) REFERENCES quality_form(id);


--
-- Name: fkb3e9425b5c68337; Type: FK CONSTRAINT; Schema: public; Owner: naval
--

ALTER TABLE ONLY material_assigment
    ADD CONSTRAINT fkb3e9425b5c68337 FOREIGN KEY (material_id) REFERENCES material(id);


--
-- Name: fkb3e9425efda874f; Type: FK CONSTRAINT; Schema: public; Owner: naval
--

ALTER TABLE ONLY material_assigment
    ADD CONSTRAINT fkb3e9425efda874f FOREIGN KEY (order_element_id) REFERENCES order_element(id);


--
-- Name: fkb83176c31b8e7cf2; Type: FK CONSTRAINT; Schema: public; Owner: naval
--

ALTER TABLE ONLY derived_day_assignments_container
    ADD CONSTRAINT fkb83176c31b8e7cf2 FOREIGN KEY (derived_allocation_id) REFERENCES derived_allocation(id);


--
-- Name: fkb83176c3421c7cf4; Type: FK CONSTRAINT; Schema: public; Owner: naval
--

ALTER TABLE ONLY derived_day_assignments_container
    ADD CONSTRAINT fkb83176c3421c7cf4 FOREIGN KEY (scenario) REFERENCES scenario(id);


--
-- Name: fkb92b59485567ad13; Type: FK CONSTRAINT; Schema: public; Owner: naval
--

ALTER TABLE ONLY order_authorization
    ADD CONSTRAINT fkb92b59485567ad13 FOREIGN KEY (user_id) REFERENCES user_table(id);


--
-- Name: fkb92b594887287288; Type: FK CONSTRAINT; Schema: public; Owner: naval
--

ALTER TABLE ONLY order_authorization
    ADD CONSTRAINT fkb92b594887287288 FOREIGN KEY (order_id) REFERENCES order_table(order_element_id);


--
-- Name: fkb92b5948edc4db41; Type: FK CONSTRAINT; Schema: public; Owner: naval
--

ALTER TABLE ONLY order_authorization
    ADD CONSTRAINT fkb92b5948edc4db41 FOREIGN KEY (profile_id) REFERENCES profile_table(id);


--
-- Name: fkbb262920131853a1; Type: FK CONSTRAINT; Schema: public; Owner: naval
--

ALTER TABLE ONLY work_report_label_type_assigment
    ADD CONSTRAINT fkbb262920131853a1 FOREIGN KEY (work_report_type_id) REFERENCES work_report_type(id);


--
-- Name: fkbb262920707cd777; Type: FK CONSTRAINT; Schema: public; Owner: naval
--

ALTER TABLE ONLY work_report_label_type_assigment
    ADD CONSTRAINT fkbb262920707cd777 FOREIGN KEY (label_type_id) REFERENCES label_type(id);


--
-- Name: fkbb262920c1c2746e; Type: FK CONSTRAINT; Schema: public; Owner: naval
--

ALTER TABLE ONLY work_report_label_type_assigment
    ADD CONSTRAINT fkbb262920c1c2746e FOREIGN KEY (label_id) REFERENCES label(id);


--
-- Name: fkbb493f5019256004; Type: FK CONSTRAINT; Schema: public; Owner: naval
--

ALTER TABLE ONLY day_assignment
    ADD CONSTRAINT fkbb493f5019256004 FOREIGN KEY (generic_container_id) REFERENCES generic_day_assignments_container(id);


--
-- Name: fkbb493f5048d21790; Type: FK CONSTRAINT; Schema: public; Owner: naval
--

ALTER TABLE ONLY day_assignment
    ADD CONSTRAINT fkbb493f5048d21790 FOREIGN KEY (resource_id) REFERENCES resource(id);


--
-- Name: fkbb493f50510e7a78; Type: FK CONSTRAINT; Schema: public; Owner: naval
--

ALTER TABLE ONLY day_assignment
    ADD CONSTRAINT fkbb493f50510e7a78 FOREIGN KEY (derived_container_id) REFERENCES derived_day_assignments_container(id);


--
-- Name: fkbb493f50756348a8; Type: FK CONSTRAINT; Schema: public; Owner: naval
--

ALTER TABLE ONLY day_assignment
    ADD CONSTRAINT fkbb493f50756348a8 FOREIGN KEY (specific_container_id) REFERENCES specific_day_assignments_container(id);


--
-- Name: fkbb58534c6ccf87c5; Type: FK CONSTRAINT; Schema: public; Owner: naval
--

ALTER TABLE ONLY planning_data
    ADD CONSTRAINT fkbb58534c6ccf87c5 FOREIGN KEY (planning_data_id) REFERENCES task_group(task_element_id);


--
-- Name: fkc01655fd421c7cf4; Type: FK CONSTRAINT; Schema: public; Owner: naval
--

ALTER TABLE ONLY generic_day_assignments_container
    ADD CONSTRAINT fkc01655fd421c7cf4 FOREIGN KEY (scenario) REFERENCES scenario(id);


--
-- Name: fkc01655fdee970b; Type: FK CONSTRAINT; Schema: public; Owner: naval
--

ALTER TABLE ONLY generic_day_assignments_container
    ADD CONSTRAINT fkc01655fdee970b FOREIGN KEY (resource_allocation_id) REFERENCES generic_resource_allocation(resource_allocation_id);


--
-- Name: fkc405554bfd5e49bc; Type: FK CONSTRAINT; Schema: public; Owner: naval
--

ALTER TABLE ONLY effortperday
    ADD CONSTRAINT fkc405554bfd5e49bc FOREIGN KEY (base_calendar_id) REFERENCES calendar_data(id);


--
-- Name: fkc631a642a44abee3; Type: FK CONSTRAINT; Schema: public; Owner: naval
--

ALTER TABLE ONLY task_element
    ADD CONSTRAINT fkc631a642a44abee3 FOREIGN KEY (base_calendar_id) REFERENCES base_calendar(id);


--
-- Name: fkc631a642a5f3c581; Type: FK CONSTRAINT; Schema: public; Owner: naval
--

ALTER TABLE ONLY task_element
    ADD CONSTRAINT fkc631a642a5f3c581 FOREIGN KEY (parent) REFERENCES task_group(task_element_id);


--
-- Name: fkc74605de5567ad13; Type: FK CONSTRAINT; Schema: public; Owner: naval
--

ALTER TABLE ONLY user_profiles
    ADD CONSTRAINT fkc74605de5567ad13 FOREIGN KEY (user_id) REFERENCES user_table(id);


--
-- Name: fkc74605deedc4db41; Type: FK CONSTRAINT; Schema: public; Owner: naval
--

ALTER TABLE ONLY user_profiles
    ADD CONSTRAINT fkc74605deedc4db41 FOREIGN KEY (profile_id) REFERENCES profile_table(id);


--
-- Name: fkc9400e2c430ea1de; Type: FK CONSTRAINT; Schema: public; Owner: naval
--

ALTER TABLE ONLY consolidation
    ADD CONSTRAINT fkc9400e2c430ea1de FOREIGN KEY (ind_advance_assignment_id) REFERENCES indirect_advance_assignment(advance_assignment_id);


--
-- Name: fkc9400e2c9f1d6611; Type: FK CONSTRAINT; Schema: public; Owner: naval
--

ALTER TABLE ONLY consolidation
    ADD CONSTRAINT fkc9400e2c9f1d6611 FOREIGN KEY (dir_advance_assignment_id) REFERENCES direct_advance_assignment(advance_assignment_id);


--
-- Name: fkc9400e2cff2b2ba3; Type: FK CONSTRAINT; Schema: public; Owner: naval
--

ALTER TABLE ONLY consolidation
    ADD CONSTRAINT fkc9400e2cff2b2ba3 FOREIGN KEY (id) REFERENCES task(task_element_id);


--
-- Name: fkc9c3fe691a5e11f8; Type: FK CONSTRAINT; Schema: public; Owner: naval
--

ALTER TABLE ONLY sigmoid_function
    ADD CONSTRAINT fkc9c3fe691a5e11f8 FOREIGN KEY (assignment_function_id) REFERENCES assignment_function(id);


--
-- Name: fkcb8fc1cd5078e161; Type: FK CONSTRAINT; Schema: public; Owner: naval
--

ALTER TABLE ONLY workreportslines_labels
    ADD CONSTRAINT fkcb8fc1cd5078e161 FOREIGN KEY (work_report_line_id) REFERENCES work_report_line(id);


--
-- Name: fkcb8fc1cdc1c2746e; Type: FK CONSTRAINT; Schema: public; Owner: naval
--

ALTER TABLE ONLY workreportslines_labels
    ADD CONSTRAINT fkcb8fc1cdc1c2746e FOREIGN KEY (label_id) REFERENCES label(id);


--
-- Name: fkcee46998421c7cf4; Type: FK CONSTRAINT; Schema: public; Owner: naval
--

ALTER TABLE ONLY specific_day_assignments_container
    ADD CONSTRAINT fkcee46998421c7cf4 FOREIGN KEY (scenario) REFERENCES scenario(id);


--
-- Name: fkcee469987518838c; Type: FK CONSTRAINT; Schema: public; Owner: naval
--

ALTER TABLE ONLY specific_day_assignments_container
    ADD CONSTRAINT fkcee469987518838c FOREIGN KEY (resource_allocation_id) REFERENCES specific_resource_allocation(resource_allocation_id);


--
-- Name: fkd04de7364936bb8c; Type: FK CONSTRAINT; Schema: public; Owner: naval
--

ALTER TABLE ONLY task_milestone
    ADD CONSTRAINT fkd04de7364936bb8c FOREIGN KEY (task_element_id) REFERENCES task_element(id);


--
-- Name: fkd162537e40901220; Type: FK CONSTRAINT; Schema: public; Owner: naval
--

ALTER TABLE ONLY worker
    ADD CONSTRAINT fkd162537e40901220 FOREIGN KEY (worker_id) REFERENCES resource(id);


--
-- Name: fkd1c57390fd99606d; Type: FK CONSTRAINT; Schema: public; Owner: naval
--

ALTER TABLE ONLY scenario
    ADD CONSTRAINT fkd1c57390fd99606d FOREIGN KEY (predecessor) REFERENCES scenario(id);


--
-- Name: fkd4192eaab216ed4c; Type: FK CONSTRAINT; Schema: public; Owner: naval
--

ALTER TABLE ONLY advance_assignment
    ADD CONSTRAINT fkd4192eaab216ed4c FOREIGN KEY (advance_type_id) REFERENCES advance_type(id);


--
-- Name: fkd47281efffeb5538; Type: FK CONSTRAINT; Schema: public; Owner: naval
--

ALTER TABLE ONLY machine_workers_configuration_unit
    ADD CONSTRAINT fkd47281efffeb5538 FOREIGN KEY (machine) REFERENCES machine(machine_id);


--
-- Name: fkd557d8a7edc4db41; Type: FK CONSTRAINT; Schema: public; Owner: naval
--

ALTER TABLE ONLY profile_roles
    ADD CONSTRAINT fkd557d8a7edc4db41 FOREIGN KEY (profile_id) REFERENCES profile_table(id);


--
-- Name: fkd8e14c09b36a6d51; Type: FK CONSTRAINT; Schema: public; Owner: naval
--

ALTER TABLE ONLY external_company
    ADD CONSTRAINT fkd8e14c09b36a6d51 FOREIGN KEY (company_user) REFERENCES user_table(id);


--
-- Name: fkd9b7594f1ed629ea; Type: FK CONSTRAINT; Schema: public; Owner: naval
--

ALTER TABLE ONLY hours_group
    ADD CONSTRAINT fkd9b7594f1ed629ea FOREIGN KEY (parent_order_line) REFERENCES order_line(order_element_id);


--
-- Name: fkd9b7594f8bdc6ac6; Type: FK CONSTRAINT; Schema: public; Owner: naval
--

ALTER TABLE ONLY hours_group
    ADD CONSTRAINT fkd9b7594f8bdc6ac6 FOREIGN KEY (order_line_template) REFERENCES order_line_template(order_line_template_id);


--
-- Name: fkd9bfae6f19b9dfde; Type: FK CONSTRAINT; Schema: public; Owner: naval
--

ALTER TABLE ONLY advance_assignment_template
    ADD CONSTRAINT fkd9bfae6f19b9dfde FOREIGN KEY (order_element_template_id) REFERENCES order_element_template(id);


--
-- Name: fkd9bfae6fb216ed4c; Type: FK CONSTRAINT; Schema: public; Owner: naval
--

ALTER TABLE ONLY advance_assignment_template
    ADD CONSTRAINT fkd9bfae6fb216ed4c FOREIGN KEY (advance_type_id) REFERENCES advance_type(id);


--
-- Name: fkdaba2f7f2f2d3aec; Type: FK CONSTRAINT; Schema: public; Owner: naval
--

ALTER TABLE ONLY advance_measurement
    ADD CONSTRAINT fkdaba2f7f2f2d3aec FOREIGN KEY (advance_assignment_id) REFERENCES advance_assignment(id);


--
-- Name: fkdaba2f7fa9e53843; Type: FK CONSTRAINT; Schema: public; Owner: naval
--

ALTER TABLE ONLY advance_measurement
    ADD CONSTRAINT fkdaba2f7fa9e53843 FOREIGN KEY (advance_assignment_id) REFERENCES direct_advance_assignment(advance_assignment_id);


--
-- Name: fkdce41405efda874f; Type: FK CONSTRAINT; Schema: public; Owner: naval
--

ALTER TABLE ONLY order_line_group
    ADD CONSTRAINT fkdce41405efda874f FOREIGN KEY (order_element_id) REFERENCES order_element(id);


--
-- Name: fke2af47f148d21790; Type: FK CONSTRAINT; Schema: public; Owner: naval
--

ALTER TABLE ONLY work_report_line
    ADD CONSTRAINT fke2af47f148d21790 FOREIGN KEY (resource_id) REFERENCES resource(id);


--
-- Name: fke2af47f1e7e1020b; Type: FK CONSTRAINT; Schema: public; Owner: naval
--

ALTER TABLE ONLY work_report_line
    ADD CONSTRAINT fke2af47f1e7e1020b FOREIGN KEY (type_work_hours_id) REFERENCES type_of_work_hours(id);


--
-- Name: fke2af47f1efda874f; Type: FK CONSTRAINT; Schema: public; Owner: naval
--

ALTER TABLE ONLY work_report_line
    ADD CONSTRAINT fke2af47f1efda874f FOREIGN KEY (order_element_id) REFERENCES order_element(id);


--
-- Name: fke2af47f1f1a3177c; Type: FK CONSTRAINT; Schema: public; Owner: naval
--

ALTER TABLE ONLY work_report_line
    ADD CONSTRAINT fke2af47f1f1a3177c FOREIGN KEY (work_report_id) REFERENCES work_report(id);


--
-- Name: fke4c379349fb7fc18; Type: FK CONSTRAINT; Schema: public; Owner: naval
--

ALTER TABLE ONLY order_line_template
    ADD CONSTRAINT fke4c379349fb7fc18 FOREIGN KEY (order_line_template_id) REFERENCES order_element_template(id);


--
-- Name: fke8344cc0c1c2746e; Type: FK CONSTRAINT; Schema: public; Owner: naval
--

ALTER TABLE ONLY order_element_label
    ADD CONSTRAINT fke8344cc0c1c2746e FOREIGN KEY (label_id) REFERENCES label(id);


--
-- Name: fke8344cc0efda874f; Type: FK CONSTRAINT; Schema: public; Owner: naval
--

ALTER TABLE ONLY order_element_label
    ADD CONSTRAINT fke8344cc0efda874f FOREIGN KEY (order_element_id) REFERENCES order_element(id);


--
-- Name: fke8a96db115671e92; Type: FK CONSTRAINT; Schema: public; Owner: naval
--

ALTER TABLE ONLY resource_allocation
    ADD CONSTRAINT fke8a96db115671e92 FOREIGN KEY (assignment_function) REFERENCES assignment_function(id);


--
-- Name: fke8a96db1ff61540d; Type: FK CONSTRAINT; Schema: public; Owner: naval
--

ALTER TABLE ONLY resource_allocation
    ADD CONSTRAINT fke8a96db1ff61540d FOREIGN KEY (task) REFERENCES task(task_element_id);


--
-- Name: fkebabc40edc874c20; Type: FK CONSTRAINT; Schema: public; Owner: naval
--

ALTER TABLE ONLY resource
    ADD CONSTRAINT fkebabc40edc874c20 FOREIGN KEY (base_calendar_id) REFERENCES resource_calendar(base_calendar_id);


--
-- Name: fkee053f32f2ed6dc; Type: FK CONSTRAINT; Schema: public; Owner: naval
--

ALTER TABLE ONLY virtual_worker
    ADD CONSTRAINT fkee053f32f2ed6dc FOREIGN KEY (virtual_worker_id) REFERENCES worker(worker_id);


--
-- Name: fkee374673ae0677b8; Type: FK CONSTRAINT; Schema: public; Owner: naval
--

ALTER TABLE ONLY stretches
    ADD CONSTRAINT fkee374673ae0677b8 FOREIGN KEY (assignment_function_id) REFERENCES stretches_function(assignment_function_id);


--
-- Name: fkef395fa519b9dfde; Type: FK CONSTRAINT; Schema: public; Owner: naval
--

ALTER TABLE ONLY criterion_requirement
    ADD CONSTRAINT fkef395fa519b9dfde FOREIGN KEY (order_element_template_id) REFERENCES order_element_template(id);


--
-- Name: fkef395fa561f02c44; Type: FK CONSTRAINT; Schema: public; Owner: naval
--

ALTER TABLE ONLY criterion_requirement
    ADD CONSTRAINT fkef395fa561f02c44 FOREIGN KEY (criterion_id) REFERENCES criterion(id);


--
-- Name: fkef395fa5e036cfed; Type: FK CONSTRAINT; Schema: public; Owner: naval
--

ALTER TABLE ONLY criterion_requirement
    ADD CONSTRAINT fkef395fa5e036cfed FOREIGN KEY (hours_group_id) REFERENCES hours_group(id);


--
-- Name: fkef395fa5efda874f; Type: FK CONSTRAINT; Schema: public; Owner: naval
--

ALTER TABLE ONLY criterion_requirement
    ADD CONSTRAINT fkef395fa5efda874f FOREIGN KEY (order_element_id) REFERENCES order_element(id);


--
-- Name: fkef395fa5f41d57f2; Type: FK CONSTRAINT; Schema: public; Owner: naval
--

ALTER TABLE ONLY criterion_requirement
    ADD CONSTRAINT fkef395fa5f41d57f2 FOREIGN KEY (parent) REFERENCES criterion_requirement(id);


--
-- Name: fkf0260c4275ed79ba; Type: FK CONSTRAINT; Schema: public; Owner: naval
--

ALTER TABLE ONLY derived_allocation
    ADD CONSTRAINT fkf0260c4275ed79ba FOREIGN KEY (resource_allocation_id) REFERENCES resource_allocation(id);


--
-- Name: fkf0260c4287b470f0; Type: FK CONSTRAINT; Schema: public; Owner: naval
--

ALTER TABLE ONLY derived_allocation
    ADD CONSTRAINT fkf0260c4287b470f0 FOREIGN KEY (configurationunit) REFERENCES machine_workers_configuration_unit(id);


--
-- Name: fkf0e8572475ed79ba; Type: FK CONSTRAINT; Schema: public; Owner: naval
--

ALTER TABLE ONLY specific_resource_allocation
    ADD CONSTRAINT fkf0e8572475ed79ba FOREIGN KEY (resource_allocation_id) REFERENCES resource_allocation(id);


--
-- Name: fkf0e85724eae850b2; Type: FK CONSTRAINT; Schema: public; Owner: naval
--

ALTER TABLE ONLY specific_resource_allocation
    ADD CONSTRAINT fkf0e85724eae850b2 FOREIGN KEY (resource) REFERENCES resource(id);


--
-- Name: fkf635cc04b216ed4c; Type: FK CONSTRAINT; Schema: public; Owner: naval
--

ALTER TABLE ONLY quality_form
    ADD CONSTRAINT fkf635cc04b216ed4c FOREIGN KEY (advance_type_id) REFERENCES advance_type(id);


--
-- Name: fkf788b34975ed79ba; Type: FK CONSTRAINT; Schema: public; Owner: naval
--

ALTER TABLE ONLY generic_resource_allocation
    ADD CONSTRAINT fkf788b34975ed79ba FOREIGN KEY (resource_allocation_id) REFERENCES resource_allocation(id);


--
-- Name: fkf796fbd0c1c2746e; Type: FK CONSTRAINT; Schema: public; Owner: naval
--

ALTER TABLE ONLY workreports_labels
    ADD CONSTRAINT fkf796fbd0c1c2746e FOREIGN KEY (label_id) REFERENCES label(id);


--
-- Name: fkf796fbd0f1a3177c; Type: FK CONSTRAINT; Schema: public; Owner: naval
--

ALTER TABLE ONLY workreports_labels
    ADD CONSTRAINT fkf796fbd0f1a3177c FOREIGN KEY (work_report_id) REFERENCES work_report(id);


--
-- Name: fkfd7aa62248d21790; Type: FK CONSTRAINT; Schema: public; Owner: naval
--

ALTER TABLE ONLY work_report
    ADD CONSTRAINT fkfd7aa62248d21790 FOREIGN KEY (resource_id) REFERENCES resource(id);


--
-- Name: fkfd7aa62278e4e2ea; Type: FK CONSTRAINT; Schema: public; Owner: naval
--

ALTER TABLE ONLY work_report
    ADD CONSTRAINT fkfd7aa62278e4e2ea FOREIGN KEY (ork_report_type_id) REFERENCES work_report_type(id);


--
-- Name: fkfd7aa622efda874f; Type: FK CONSTRAINT; Schema: public; Owner: naval
--

ALTER TABLE ONLY work_report
    ADD CONSTRAINT fkfd7aa622efda874f FOREIGN KEY (order_element_id) REFERENCES order_element(id);


--
-- Name: fkfe6ed34b1545e7a; Type: FK CONSTRAINT; Schema: public; Owner: naval
--

ALTER TABLE ONLY dependency
    ADD CONSTRAINT fkfe6ed34b1545e7a FOREIGN KEY (origin) REFERENCES task_element(id);


--
-- Name: fkfe6ed34b9e788f90; Type: FK CONSTRAINT; Schema: public; Owner: naval
--

ALTER TABLE ONLY dependency
    ADD CONSTRAINT fkfe6ed34b9e788f90 FOREIGN KEY (queue_dependency) REFERENCES limiting_resource_queue_dependency(id);


--
-- Name: fkfe6ed34be838f362; Type: FK CONSTRAINT; Schema: public; Owner: naval
--

ALTER TABLE ONLY dependency
    ADD CONSTRAINT fkfe6ed34be838f362 FOREIGN KEY (destination) REFERENCES task_element(id);


--
-- Name: fkfe6fb57519b9dfde; Type: FK CONSTRAINT; Schema: public; Owner: naval
--

ALTER TABLE ONLY order_element_template_quality_form
    ADD CONSTRAINT fkfe6fb57519b9dfde FOREIGN KEY (order_element_template_id) REFERENCES order_element_template(id);


--
-- Name: fkfe6fb5758b37665c; Type: FK CONSTRAINT; Schema: public; Owner: naval
--

ALTER TABLE ONLY order_element_template_quality_form
    ADD CONSTRAINT fkfe6fb5758b37665c FOREIGN KEY (quality_form_id) REFERENCES quality_form(id);


--
-- Name: public; Type: ACL; Schema: -; Owner: postgres
--

REVOKE ALL ON SCHEMA public FROM PUBLIC;
REVOKE ALL ON SCHEMA public FROM postgres;
GRANT ALL ON SCHEMA public TO postgres;
GRANT ALL ON SCHEMA public TO PUBLIC;


--
-- PostgreSQL database dump complete
--

