--
-- PostgreSQL database dump
--

SET statement_timeout = 0;
SET client_encoding = 'UTF8';
SET standard_conforming_strings = off;
SET check_function_bodies = false;
SET client_min_messages = warning;
SET escape_string_warning = off;

SET search_path = public, pg_catalog;

SET default_tablespace = '';

SET default_with_oids = false;

--
-- Name: advance_assignment; Type: TABLE; Schema: public; Owner: naval; Tablespace: 
--

CREATE TABLE advance_assignment (
    id bigint NOT NULL,
    version bigint NOT NULL,
    report_global_advance boolean,
    advance_type_id bigint
);


ALTER TABLE public.advance_assignment OWNER TO naval;

--
-- Name: advance_assignment_template; Type: TABLE; Schema: public; Owner: naval; Tablespace: 
--

CREATE TABLE advance_assignment_template (
    id bigint NOT NULL,
    version bigint NOT NULL,
    advance_type_id bigint,
    order_element_template_id bigint,
    report_global_advance boolean,
    max_value numeric(19,2)
);


ALTER TABLE public.advance_assignment_template OWNER TO naval;

--
-- Name: advance_measurement; Type: TABLE; Schema: public; Owner: naval; Tablespace: 
--

CREATE TABLE advance_measurement (
    id bigint NOT NULL,
    version bigint NOT NULL,
    date date,
    value numeric(19,2),
    advance_assignment_id bigint,
    communication_date timestamp with time zone
);


ALTER TABLE public.advance_measurement OWNER TO naval;

--
-- Name: advance_type; Type: TABLE; Schema: public; Owner: naval; Tablespace: 
--

CREATE TABLE advance_type (
    id bigint NOT NULL,
    version bigint NOT NULL,
    unit_name character varying(255),
    default_max_value numeric(19,4),
    updatable boolean,
    unit_precision numeric(19,4),
    active boolean,
    percentage boolean,
    quality_form boolean
);


ALTER TABLE public.advance_type OWNER TO naval;

--
-- Name: all_criterions; Type: TABLE; Schema: public; Owner: naval; Tablespace: 
--

CREATE TABLE all_criterions (
    generic_resource_allocation_id bigint NOT NULL,
    criterion_id bigint NOT NULL
);


ALTER TABLE public.all_criterions OWNER TO naval;

--
-- Name: assignment_function; Type: TABLE; Schema: public; Owner: naval; Tablespace: 
--

CREATE TABLE assignment_function (
    id bigint NOT NULL,
    version bigint NOT NULL
);


ALTER TABLE public.assignment_function OWNER TO naval;

--
-- Name: base_calendar; Type: TABLE; Schema: public; Owner: naval; Tablespace: 
--

CREATE TABLE base_calendar (
    id bigint NOT NULL,
    version bigint NOT NULL,
    code character varying(255) NOT NULL,
    name character varying(255),
    code_autogenerated boolean,
    last_sequence_code integer
);


ALTER TABLE public.base_calendar OWNER TO naval;

--
-- Name: calendar_availability; Type: TABLE; Schema: public; Owner: naval; Tablespace: 
--

CREATE TABLE calendar_availability (
    id bigint NOT NULL,
    version bigint NOT NULL,
    code character varying(255) NOT NULL,
    start_date date,
    end_date date,
    base_calendar_id bigint,
    position_in_calendar integer
);


ALTER TABLE public.calendar_availability OWNER TO naval;

--
-- Name: calendar_data; Type: TABLE; Schema: public; Owner: naval; Tablespace: 
--

CREATE TABLE calendar_data (
    id bigint NOT NULL,
    version bigint NOT NULL,
    code character varying(255) NOT NULL,
    parent bigint,
    expiring_date date,
    base_calendar_id bigint,
    position_in_calendar integer
);


ALTER TABLE public.calendar_data OWNER TO naval;

--
-- Name: calendar_exception; Type: TABLE; Schema: public; Owner: naval; Tablespace: 
--

CREATE TABLE calendar_exception (
    id bigint NOT NULL,
    version bigint NOT NULL,
    code character varying(255) NOT NULL,
    date date,
    duration integer,
    calendar_exception_id bigint,
    base_calendar_id bigint
);


ALTER TABLE public.calendar_exception OWNER TO naval;

--
-- Name: calendar_exception_type; Type: TABLE; Schema: public; Owner: naval; Tablespace: 
--

CREATE TABLE calendar_exception_type (
    id bigint NOT NULL,
    version bigint NOT NULL,
    code character varying(255) NOT NULL,
    code_autogenerated boolean NOT NULL,
    name character varying(255),
    color character varying(255),
    not_assignable boolean,
    duration integer
);


ALTER TABLE public.calendar_exception_type OWNER TO naval;

--
-- Name: configuration; Type: TABLE; Schema: public; Owner: naval; Tablespace: 
--

CREATE TABLE configuration (
    id bigint NOT NULL,
    version bigint NOT NULL,
    configuration_id bigint,
    company_code character varying(255),
    generate_code_for_cost_category boolean NOT NULL,
    generate_code_for_calendar_exception_type boolean NOT NULL,
    generate_code_for_work_report_type boolean NOT NULL,
    generate_code_for_criterion boolean NOT NULL,
    generate_code_for_label boolean NOT NULL,
    generate_code_for_work_report boolean NOT NULL,
    generate_code_for_resources boolean NOT NULL,
    generate_code_for_types_of_work_hours boolean NOT NULL,
    generate_code_for_material_categories boolean NOT NULL,
    generate_code_for_unit_types boolean NOT NULL,
    generate_code_for_base_calendars boolean NOT NULL,
    expand_company_planning_view_charts boolean NOT NULL,
    expand_order_planning_view_charts boolean NOT NULL,
    expand_resource_load_view_charts boolean NOT NULL,
    monte_carlo_method_tab_visible boolean NOT NULL,
    progress_type integer,
    company_logo_url character varying(255),
    scenarios_visible boolean
);


ALTER TABLE public.configuration OWNER TO naval;

--
-- Name: consolidated_value; Type: TABLE; Schema: public; Owner: naval; Tablespace: 
--

CREATE TABLE consolidated_value (
    id bigint NOT NULL,
    consolidated_value_type character varying(255) NOT NULL,
    version bigint NOT NULL,
    date date,
    value numeric(19,2),
    task_end_date date,
    consolidation_id bigint,
    advance_measurement_id bigint
);


ALTER TABLE public.consolidated_value OWNER TO naval;

--
-- Name: consolidation; Type: TABLE; Schema: public; Owner: naval; Tablespace: 
--

CREATE TABLE consolidation (
    id bigint NOT NULL,
    consolidation_type character varying(255) NOT NULL,
    version bigint NOT NULL,
    dir_advance_assignment_id bigint,
    ind_advance_assignment_id bigint
);


ALTER TABLE public.consolidation OWNER TO naval;

--
-- Name: cost_category; Type: TABLE; Schema: public; Owner: naval; Tablespace: 
--

CREATE TABLE cost_category (
    id bigint NOT NULL,
    version bigint NOT NULL,
    code character varying(255) NOT NULL,
    name character varying(255),
    code_autogenerated boolean NOT NULL,
    last_hour_cost_sequence_code integer NOT NULL,
    enabled boolean
);


ALTER TABLE public.cost_category OWNER TO naval;

--
-- Name: criterion; Type: TABLE; Schema: public; Owner: naval; Tablespace: 
--

CREATE TABLE criterion (
    id bigint NOT NULL,
    version bigint NOT NULL,
    code character varying(255) NOT NULL,
    name character varying(255),
    predefined_criterion_internal_name character varying(255),
    active boolean,
    id_criterion_type bigint NOT NULL,
    parent bigint
);


ALTER TABLE public.criterion OWNER TO naval;

--
-- Name: criterion_requirement; Type: TABLE; Schema: public; Owner: naval; Tablespace: 
--

CREATE TABLE criterion_requirement (
    id bigint NOT NULL,
    criterion_requirement_type character varying(255) NOT NULL,
    version bigint NOT NULL,
    hours_group_id bigint,
    order_element_id bigint,
    order_element_template_id bigint,
    criterion_id bigint,
    parent bigint,
    valid boolean
);


ALTER TABLE public.criterion_requirement OWNER TO naval;

--
-- Name: criterion_satisfaction; Type: TABLE; Schema: public; Owner: naval; Tablespace: 
--

CREATE TABLE criterion_satisfaction (
    id bigint NOT NULL,
    version bigint NOT NULL,
    code character varying(255) NOT NULL,
    start_date timestamp with time zone NOT NULL,
    finish_date timestamp with time zone,
    is_deleted boolean,
    criterion bigint NOT NULL,
    resource bigint NOT NULL
);


ALTER TABLE public.criterion_satisfaction OWNER TO naval;

--
-- Name: criterion_type; Type: TABLE; Schema: public; Owner: naval; Tablespace: 
--

CREATE TABLE criterion_type (
    id bigint NOT NULL,
    version bigint NOT NULL,
    code character varying(255) NOT NULL,
    name character varying(255),
    predefined_type_internal_name character varying(255),
    description character varying(255),
    allow_simultaneous_criterions_per_resource boolean,
    allow_hierarchy boolean,
    last_criterion_sequence_code integer,
    enabled boolean,
    code_autogenerated boolean NOT NULL,
    resource integer
);


ALTER TABLE public.criterion_type OWNER TO naval;

--
-- Name: databasechangelog; Type: TABLE; Schema: public; Owner: naval; Tablespace: 
--

CREATE TABLE databasechangelog (
    id character varying(63) NOT NULL,
    author character varying(63) NOT NULL,
    filename character varying(200) NOT NULL,
    dateexecuted timestamp with time zone NOT NULL,
    orderexecuted integer NOT NULL,
    exectype character varying(10) NOT NULL,
    md5sum character varying(35),
    description character varying(255),
    comments character varying(255),
    tag character varying(255),
    liquibase character varying(20)
);


ALTER TABLE public.databasechangelog OWNER TO naval;

--
-- Name: databasechangeloglock; Type: TABLE; Schema: public; Owner: naval; Tablespace: 
--

CREATE TABLE databasechangeloglock (
    id integer NOT NULL,
    locked boolean NOT NULL,
    lockgranted timestamp with time zone,
    lockedby character varying(255)
);


ALTER TABLE public.databasechangeloglock OWNER TO naval;

--
-- Name: day_assignment; Type: TABLE; Schema: public; Owner: naval; Tablespace: 
--

CREATE TABLE day_assignment (
    id bigint NOT NULL,
    day_assignment_type character varying(255) NOT NULL,
    version bigint NOT NULL,
    duration integer NOT NULL,
    consolidated boolean,
    day date NOT NULL,
    resource_id bigint NOT NULL,
    specific_container_id bigint,
    generic_container_id bigint,
    derived_container_id bigint
);


ALTER TABLE public.day_assignment OWNER TO naval;

--
-- Name: dependency; Type: TABLE; Schema: public; Owner: naval; Tablespace: 
--

CREATE TABLE dependency (
    id bigint NOT NULL,
    version bigint NOT NULL,
    origin bigint,
    destination bigint,
    queue_dependency bigint,
    type integer
);


ALTER TABLE public.dependency OWNER TO naval;

--
-- Name: derived_allocation; Type: TABLE; Schema: public; Owner: naval; Tablespace: 
--

CREATE TABLE derived_allocation (
    id bigint NOT NULL,
    version bigint NOT NULL,
    resource_allocation_id bigint,
    configurationunit bigint NOT NULL
);


ALTER TABLE public.derived_allocation OWNER TO naval;

--
-- Name: derived_day_assignments_container; Type: TABLE; Schema: public; Owner: naval; Tablespace: 
--

CREATE TABLE derived_day_assignments_container (
    id bigint NOT NULL,
    version bigint NOT NULL,
    derived_allocation_id bigint,
    scenario bigint
);


ALTER TABLE public.derived_day_assignments_container OWNER TO naval;

--
-- Name: description_values; Type: TABLE; Schema: public; Owner: naval; Tablespace: 
--

CREATE TABLE description_values (
    description_value_id bigint NOT NULL,
    fieldname character varying(255),
    value character varying(255)
);


ALTER TABLE public.description_values OWNER TO naval;

--
-- Name: description_values_in_line; Type: TABLE; Schema: public; Owner: naval; Tablespace: 
--

CREATE TABLE description_values_in_line (
    description_value_id bigint NOT NULL,
    field_name character varying(255),
    value character varying(255)
);


ALTER TABLE public.description_values_in_line OWNER TO naval;

--
-- Name: direct_advance_assignment; Type: TABLE; Schema: public; Owner: naval; Tablespace: 
--

CREATE TABLE direct_advance_assignment (
    advance_assignment_id bigint NOT NULL,
    direct_order_element_id bigint,
    max_value numeric(19,2)
);


ALTER TABLE public.direct_advance_assignment OWNER TO naval;

--
-- Name: effort_per_day; Type: TABLE; Schema: public; Owner: naval; Tablespace: 
--

CREATE TABLE effort_per_day (
    base_calendar_id bigint NOT NULL,
    effort integer,
    day_id integer NOT NULL
);


ALTER TABLE public.effort_per_day OWNER TO naval;

--
-- Name: entity_sequence; Type: TABLE; Schema: public; Owner: naval; Tablespace: 
--

CREATE TABLE entity_sequence (
    id bigint NOT NULL,
    version bigint NOT NULL,
    entity_name integer,
    prefix character varying(255),
    last_value integer,
    number_of_digits integer,
    active boolean
);


ALTER TABLE public.entity_sequence OWNER TO naval;

--
-- Name: external_company; Type: TABLE; Schema: public; Owner: naval; Tablespace: 
--

CREATE TABLE external_company (
    id bigint NOT NULL,
    version bigint NOT NULL,
    name character varying(255),
    nif character varying(255),
    client boolean,
    subcontractor boolean,
    interacts_with_applications boolean,
    app_uri character varying(255),
    our_company_login character varying(255),
    our_company_password character varying(255),
    company_user bigint
);


ALTER TABLE public.external_company OWNER TO naval;

--
-- Name: generic_day_assignments_container; Type: TABLE; Schema: public; Owner: naval; Tablespace: 
--

CREATE TABLE generic_day_assignments_container (
    id bigint NOT NULL,
    version bigint NOT NULL,
    resource_allocation_id bigint,
    scenario bigint,
    start_date date,
    duration_start_in_first_day integer,
    end_date date,
    duration_in_last_day integer
);


ALTER TABLE public.generic_day_assignments_container OWNER TO naval;

--
-- Name: generic_resource_allocation; Type: TABLE; Schema: public; Owner: naval; Tablespace: 
--

CREATE TABLE generic_resource_allocation (
    resource_allocation_id bigint NOT NULL,
    resource_type integer
);


ALTER TABLE public.generic_resource_allocation OWNER TO naval;

--
-- Name: heading_field; Type: TABLE; Schema: public; Owner: naval; Tablespace: 
--

CREATE TABLE heading_field (
    heading_id bigint NOT NULL,
    fieldname character varying(255),
    length integer,
    positionnumber integer
);


ALTER TABLE public.heading_field OWNER TO naval;

--
-- Name: hibernate_unique_key; Type: TABLE; Schema: public; Owner: naval; Tablespace: 
--

CREATE TABLE hibernate_unique_key (
    next_hi integer
);


ALTER TABLE public.hibernate_unique_key OWNER TO naval;

--
-- Name: hour_cost; Type: TABLE; Schema: public; Owner: naval; Tablespace: 
--

CREATE TABLE hour_cost (
    id bigint NOT NULL,
    version bigint NOT NULL,
    code character varying(255) NOT NULL,
    price_cost numeric(19,2),
    init_date date,
    end_date date,
    type_of_work_hours_id bigint,
    cost_category_id bigint
);


ALTER TABLE public.hour_cost OWNER TO naval;

--
-- Name: hours_group; Type: TABLE; Schema: public; Owner: naval; Tablespace: 
--

CREATE TABLE hours_group (
    id bigint NOT NULL,
    version bigint NOT NULL,
    code character varying(255) NOT NULL,
    resource_type character varying(255),
    working_hours integer NOT NULL,
    percentage numeric(19,2),
    fixed_percentage boolean,
    parent_order_line bigint,
    order_line_template bigint
);


ALTER TABLE public.hours_group OWNER TO naval;

--
-- Name: indirect_advance_assignment; Type: TABLE; Schema: public; Owner: naval; Tablespace: 
--

CREATE TABLE indirect_advance_assignment (
    advance_assignment_id bigint NOT NULL,
    indirect_order_element_id bigint
);


ALTER TABLE public.indirect_advance_assignment OWNER TO naval;

--
-- Name: label; Type: TABLE; Schema: public; Owner: naval; Tablespace: 
--

CREATE TABLE label (
    id bigint NOT NULL,
    version bigint NOT NULL,
    code character varying(255) NOT NULL,
    name character varying(255),
    label_type_id bigint
);


ALTER TABLE public.label OWNER TO naval;

--
-- Name: label_type; Type: TABLE; Schema: public; Owner: naval; Tablespace: 
--

CREATE TABLE label_type (
    id bigint NOT NULL,
    version bigint NOT NULL,
    code character varying(255) NOT NULL,
    name character varying(255),
    code_autogenerated boolean NOT NULL,
    last_label_sequence_code integer
);


ALTER TABLE public.label_type OWNER TO naval;

--
-- Name: limiting_resource_queue; Type: TABLE; Schema: public; Owner: naval; Tablespace: 
--

CREATE TABLE limiting_resource_queue (
    id bigint NOT NULL,
    version bigint NOT NULL,
    resource_id bigint
);


ALTER TABLE public.limiting_resource_queue OWNER TO naval;

--
-- Name: limiting_resource_queue_dependency; Type: TABLE; Schema: public; Owner: naval; Tablespace: 
--

CREATE TABLE limiting_resource_queue_dependency (
    id bigint NOT NULL,
    type integer,
    origin_queue_element_id bigint,
    destiny_queue_element_id bigint
);


ALTER TABLE public.limiting_resource_queue_dependency OWNER TO naval;

--
-- Name: limiting_resource_queue_element; Type: TABLE; Schema: public; Owner: naval; Tablespace: 
--

CREATE TABLE limiting_resource_queue_element (
    id bigint NOT NULL,
    version bigint NOT NULL,
    resource_allocation_id bigint,
    limiting_resource_queue_id bigint,
    earlier_start_date_because_of_gantt timestamp with time zone,
    earliest_end_date_because_of_gantt timestamp with time zone,
    creation_timestamp bigint,
    start_date date,
    start_hour integer,
    end_date date,
    end_hour integer
);


ALTER TABLE public.limiting_resource_queue_element OWNER TO naval;

--
-- Name: line_field; Type: TABLE; Schema: public; Owner: naval; Tablespace: 
--

CREATE TABLE line_field (
    heading_id bigint NOT NULL,
    fieldname character varying(255),
    length integer,
    positionnumber integer
);


ALTER TABLE public.line_field OWNER TO naval;

--
-- Name: machine; Type: TABLE; Schema: public; Owner: naval; Tablespace: 
--

CREATE TABLE machine (
    machine_id bigint NOT NULL,
    name character varying(255),
    description character varying(255)
);


ALTER TABLE public.machine OWNER TO naval;

--
-- Name: machine_configuration_unit_required_criterions; Type: TABLE; Schema: public; Owner: naval; Tablespace: 
--

CREATE TABLE machine_configuration_unit_required_criterions (
    id bigint NOT NULL,
    criterion_id bigint NOT NULL
);


ALTER TABLE public.machine_configuration_unit_required_criterions OWNER TO naval;

--
-- Name: machine_worker_assignment; Type: TABLE; Schema: public; Owner: naval; Tablespace: 
--

CREATE TABLE machine_worker_assignment (
    id bigint NOT NULL,
    version bigint NOT NULL,
    start_date timestamp with time zone,
    finish_date timestamp with time zone,
    configuration_id bigint NOT NULL,
    worker_id bigint
);


ALTER TABLE public.machine_worker_assignment OWNER TO naval;

--
-- Name: machine_workers_configuration_unit; Type: TABLE; Schema: public; Owner: naval; Tablespace: 
--

CREATE TABLE machine_workers_configuration_unit (
    id bigint NOT NULL,
    version bigint NOT NULL,
    name character varying(255) NOT NULL,
    alpha numeric(19,2) NOT NULL,
    machine bigint NOT NULL
);


ALTER TABLE public.machine_workers_configuration_unit OWNER TO naval;

--
-- Name: material; Type: TABLE; Schema: public; Owner: naval; Tablespace: 
--

CREATE TABLE material (
    id bigint NOT NULL,
    version bigint NOT NULL,
    code character varying(255) NOT NULL,
    description character varying(255),
    default_unit_price numeric(19,2),
    unit_type bigint,
    disabled boolean,
    category_id bigint
);


ALTER TABLE public.material OWNER TO naval;

--
-- Name: material_assigment; Type: TABLE; Schema: public; Owner: naval; Tablespace: 
--

CREATE TABLE material_assigment (
    id bigint NOT NULL,
    version bigint NOT NULL,
    units numeric(19,2),
    unit_price numeric(19,2),
    material_id bigint,
    estimated_availability timestamp with time zone,
    status integer,
    order_element_id bigint
);


ALTER TABLE public.material_assigment OWNER TO naval;

--
-- Name: material_assigment_template; Type: TABLE; Schema: public; Owner: naval; Tablespace: 
--

CREATE TABLE material_assigment_template (
    id bigint NOT NULL,
    version bigint NOT NULL,
    units numeric(19,2),
    unit_price numeric(19,2),
    material_id bigint,
    order_element_template_id bigint
);


ALTER TABLE public.material_assigment_template OWNER TO naval;

--
-- Name: material_category; Type: TABLE; Schema: public; Owner: naval; Tablespace: 
--

CREATE TABLE material_category (
    id bigint NOT NULL,
    version bigint NOT NULL,
    code character varying(255) NOT NULL,
    name character varying(255),
    code_autogenerated boolean NOT NULL,
    last_material_sequence_code integer NOT NULL,
    parent_id bigint
);


ALTER TABLE public.material_category OWNER TO naval;

--
-- Name: order_authorization; Type: TABLE; Schema: public; Owner: naval; Tablespace: 
--

CREATE TABLE order_authorization (
    id bigint NOT NULL,
    order_authorization_subclass character varying(255) NOT NULL,
    version bigint NOT NULL,
    authorization_type character varying(255) NOT NULL,
    order_id bigint,
    user_id bigint,
    profile_id bigint
);


ALTER TABLE public.order_authorization OWNER TO naval;

--
-- Name: order_element; Type: TABLE; Schema: public; Owner: naval; Tablespace: 
--

CREATE TABLE order_element (
    id bigint NOT NULL,
    version bigint NOT NULL,
    name character varying(255),
    description character varying(255),
    code character varying(255),
    init_date timestamp with time zone,
    deadline timestamp with time zone,
    last_advance_meausurement_for_spreading numeric(19,2),
    dirty_last_advance_measurement_for_spreading boolean,
    parent bigint,
    template bigint,
    external_code character varying(255),
    sum_charged_hours_id bigint,
    position_in_container integer
);


ALTER TABLE public.order_element OWNER TO naval;

--
-- Name: order_element_label; Type: TABLE; Schema: public; Owner: naval; Tablespace: 
--

CREATE TABLE order_element_label (
    order_element_id bigint NOT NULL,
    label_id bigint NOT NULL
);


ALTER TABLE public.order_element_label OWNER TO naval;

--
-- Name: order_element_template; Type: TABLE; Schema: public; Owner: naval; Tablespace: 
--

CREATE TABLE order_element_template (
    id bigint NOT NULL,
    version bigint NOT NULL,
    name character varying(255),
    description character varying(255),
    code character varying(255),
    start_as_days_from_beginning integer,
    deadline_as_days_from_beginning integer,
    scheduling_state_type integer,
    parent bigint,
    position_in_container integer
);


ALTER TABLE public.order_element_template OWNER TO naval;

--
-- Name: order_element_template_label; Type: TABLE; Schema: public; Owner: naval; Tablespace: 
--

CREATE TABLE order_element_template_label (
    order_element_template_id bigint NOT NULL,
    label_id bigint NOT NULL
);


ALTER TABLE public.order_element_template_label OWNER TO naval;

--
-- Name: order_element_template_quality_form; Type: TABLE; Schema: public; Owner: naval; Tablespace: 
--

CREATE TABLE order_element_template_quality_form (
    order_element_template_id bigint NOT NULL,
    quality_form_id bigint NOT NULL
);


ALTER TABLE public.order_element_template_quality_form OWNER TO naval;

--
-- Name: order_line; Type: TABLE; Schema: public; Owner: naval; Tablespace: 
--

CREATE TABLE order_line (
    order_element_id bigint NOT NULL,
    last_hours_group_sequence_code integer
);


ALTER TABLE public.order_line OWNER TO naval;

--
-- Name: order_line_group; Type: TABLE; Schema: public; Owner: naval; Tablespace: 
--

CREATE TABLE order_line_group (
    order_element_id bigint NOT NULL
);


ALTER TABLE public.order_line_group OWNER TO naval;

--
-- Name: order_line_group_template; Type: TABLE; Schema: public; Owner: naval; Tablespace: 
--

CREATE TABLE order_line_group_template (
    group_template_id bigint NOT NULL
);


ALTER TABLE public.order_line_group_template OWNER TO naval;

--
-- Name: order_line_template; Type: TABLE; Schema: public; Owner: naval; Tablespace: 
--

CREATE TABLE order_line_template (
    order_line_template_id bigint NOT NULL,
    last_hours_group_sequence_code integer
);


ALTER TABLE public.order_line_template OWNER TO naval;

--
-- Name: order_table; Type: TABLE; Schema: public; Owner: naval; Tablespace: 
--

CREATE TABLE order_table (
    order_element_id bigint NOT NULL,
    responsible character varying(255),
    dependencies_constraints_have_priority boolean,
    code_autogenerated boolean,
    last_order_element_sequence_code integer,
    work_budget numeric(19,2),
    materials_budget numeric(19,2),
    total_hours integer,
    customer_reference character varying(255),
    external_code character varying(255),
    state integer,
    customer bigint,
    base_calendar_id bigint,
    scheduling_mode integer
);


ALTER TABLE public.order_table OWNER TO naval;

--
-- Name: order_template; Type: TABLE; Schema: public; Owner: naval; Tablespace: 
--

CREATE TABLE order_template (
    order_template_id bigint NOT NULL,
    base_calendar_id bigint
);


ALTER TABLE public.order_template OWNER TO naval;

--
-- Name: order_version; Type: TABLE; Schema: public; Owner: naval; Tablespace: 
--

CREATE TABLE order_version (
    id bigint NOT NULL,
    version bigint NOT NULL,
    modification_by_owner_timestamp timestamp with time zone,
    ownerscenario bigint
);


ALTER TABLE public.order_version OWNER TO naval;

--
-- Name: planning_data; Type: TABLE; Schema: public; Owner: naval; Tablespace: 
--

CREATE TABLE planning_data (
    planning_data_id bigint NOT NULL,
    progress_by_duration numeric(19,6),
    progress_by_num_hours numeric(19,6)
);


ALTER TABLE public.planning_data OWNER TO naval;

--
-- Name: profile_roles; Type: TABLE; Schema: public; Owner: naval; Tablespace: 
--

CREATE TABLE profile_roles (
    profile_id bigint NOT NULL,
    elt character varying(255)
);


ALTER TABLE public.profile_roles OWNER TO naval;

--
-- Name: profile_table; Type: TABLE; Schema: public; Owner: naval; Tablespace: 
--

CREATE TABLE profile_table (
    id bigint NOT NULL,
    version bigint NOT NULL,
    profile_name character varying(255) NOT NULL
);


ALTER TABLE public.profile_table OWNER TO naval;

--
-- Name: quality_form; Type: TABLE; Schema: public; Owner: naval; Tablespace: 
--

CREATE TABLE quality_form (
    id bigint NOT NULL,
    version bigint NOT NULL,
    name character varying(255),
    description character varying(255),
    quality_form_type integer,
    report_advance boolean,
    advance_type_id bigint
);


ALTER TABLE public.quality_form OWNER TO naval;

--
-- Name: quality_form_items; Type: TABLE; Schema: public; Owner: naval; Tablespace: 
--

CREATE TABLE quality_form_items (
    quality_form_id bigint NOT NULL,
    name character varying(255),
    percentage numeric(19,2),
    "position" integer,
    idx integer NOT NULL
);


ALTER TABLE public.quality_form_items OWNER TO naval;

--
-- Name: resource; Type: TABLE; Schema: public; Owner: naval; Tablespace: 
--

CREATE TABLE resource (
    id bigint NOT NULL,
    version bigint NOT NULL,
    code character varying(255) NOT NULL,
    code_autogenerated boolean NOT NULL,
    limited_resource boolean NOT NULL,
    base_calendar_id bigint
);


ALTER TABLE public.resource OWNER TO naval;

--
-- Name: resource_allocation; Type: TABLE; Schema: public; Owner: naval; Tablespace: 
--

CREATE TABLE resource_allocation (
    id bigint NOT NULL,
    version bigint NOT NULL,
    resources_per_day numeric(19,2),
    intended_total_hours integer,
    original_total_assignment integer,
    task bigint,
    assignment_function bigint
);


ALTER TABLE public.resource_allocation OWNER TO naval;

--
-- Name: resource_calendar; Type: TABLE; Schema: public; Owner: naval; Tablespace: 
--

CREATE TABLE resource_calendar (
    base_calendar_id bigint NOT NULL,
    capacity integer NOT NULL
);


ALTER TABLE public.resource_calendar OWNER TO naval;

--
-- Name: resources_cost_category_assignment; Type: TABLE; Schema: public; Owner: naval; Tablespace: 
--

CREATE TABLE resources_cost_category_assignment (
    id bigint NOT NULL,
    version bigint NOT NULL,
    code character varying(255) NOT NULL,
    init_date date,
    end_date date,
    cost_category_id bigint,
    resource_id bigint
);


ALTER TABLE public.resources_cost_category_assignment OWNER TO naval;

--
-- Name: roles_table; Type: TABLE; Schema: public; Owner: naval; Tablespace: 
--

CREATE TABLE roles_table (
    user_id bigint NOT NULL,
    elt character varying(255)
);


ALTER TABLE public.roles_table OWNER TO naval;

--
-- Name: scenario; Type: TABLE; Schema: public; Owner: naval; Tablespace: 
--

CREATE TABLE scenario (
    id bigint NOT NULL,
    version bigint NOT NULL,
    name character varying(255),
    description character varying(255),
    last_not_owned_reassignations_time_stamp timestamp with time zone,
    predecessor bigint
);


ALTER TABLE public.scenario OWNER TO naval;

--
-- Name: scenario_orders; Type: TABLE; Schema: public; Owner: naval; Tablespace: 
--

CREATE TABLE scenario_orders (
    order_id bigint NOT NULL,
    order_version_id bigint NOT NULL,
    scenario_id bigint NOT NULL
);


ALTER TABLE public.scenario_orders OWNER TO naval;

--
-- Name: scheduling_data_for_version; Type: TABLE; Schema: public; Owner: naval; Tablespace: 
--

CREATE TABLE scheduling_data_for_version (
    id bigint NOT NULL,
    version bigint NOT NULL,
    scheduling_state_type integer,
    order_element_id bigint
);


ALTER TABLE public.scheduling_data_for_version OWNER TO naval;

--
-- Name: scheduling_states_by_order_version; Type: TABLE; Schema: public; Owner: naval; Tablespace: 
--

CREATE TABLE scheduling_states_by_order_version (
    order_element_id bigint NOT NULL,
    scheduling_state_for_version_id bigint NOT NULL,
    order_version_id bigint NOT NULL
);


ALTER TABLE public.scheduling_states_by_order_version OWNER TO naval;

--
-- Name: sigmoid_function; Type: TABLE; Schema: public; Owner: naval; Tablespace: 
--

CREATE TABLE sigmoid_function (
    assignment_function_id bigint NOT NULL
);


ALTER TABLE public.sigmoid_function OWNER TO naval;

--
-- Name: specific_day_assignments_container; Type: TABLE; Schema: public; Owner: naval; Tablespace: 
--

CREATE TABLE specific_day_assignments_container (
    id bigint NOT NULL,
    version bigint NOT NULL,
    resource_allocation_id bigint,
    scenario bigint,
    start_date date,
    duration_start_in_first_day integer,
    end_date date,
    duration_in_last_day integer
);


ALTER TABLE public.specific_day_assignments_container OWNER TO naval;

--
-- Name: specific_resource_allocation; Type: TABLE; Schema: public; Owner: naval; Tablespace: 
--

CREATE TABLE specific_resource_allocation (
    resource_allocation_id bigint NOT NULL,
    resource bigint
);


ALTER TABLE public.specific_resource_allocation OWNER TO naval;

--
-- Name: stretches; Type: TABLE; Schema: public; Owner: naval; Tablespace: 
--

CREATE TABLE stretches (
    assignment_function_id bigint NOT NULL,
    date date NOT NULL,
    length_percentage numeric(19,2) NOT NULL,
    amount_work_percentage numeric(19,2) NOT NULL,
    stretch_position integer NOT NULL
);


ALTER TABLE public.stretches OWNER TO naval;

--
-- Name: stretches_function; Type: TABLE; Schema: public; Owner: naval; Tablespace: 
--

CREATE TABLE stretches_function (
    assignment_function_id bigint NOT NULL,
    type integer
);


ALTER TABLE public.stretches_function OWNER TO naval;

--
-- Name: subcontracted_task_data; Type: TABLE; Schema: public; Owner: naval; Tablespace: 
--

CREATE TABLE subcontracted_task_data (
    id bigint NOT NULL,
    version bigint NOT NULL,
    external_company bigint,
    subcontratation_date timestamp with time zone,
    subcontract_communication_date timestamp with time zone,
    work_description character varying(255),
    subcontract_price numeric(19,2),
    subcontracted_code character varying(255),
    node_without_children_exported boolean,
    labels_exported boolean,
    material_assignments_exported boolean,
    hours_groups_exported boolean,
    state integer
);


ALTER TABLE public.subcontracted_task_data OWNER TO naval;

--
-- Name: sum_charged_hours; Type: TABLE; Schema: public; Owner: naval; Tablespace: 
--

CREATE TABLE sum_charged_hours (
    id bigint NOT NULL,
    version bigint NOT NULL,
    direct_charged_hours integer,
    indirect_charged_hours integer
);


ALTER TABLE public.sum_charged_hours OWNER TO naval;

--
-- Name: task; Type: TABLE; Schema: public; Owner: naval; Tablespace: 
--

CREATE TABLE task (
    task_element_id bigint NOT NULL,
    calculated_value integer,
    constraint_type integer,
    constraint_date date,
    workable_days integer,
    allocation_direction integer,
    subcontrated_task_data_id bigint,
    priority integer
);


ALTER TABLE public.task OWNER TO naval;

--
-- Name: task_element; Type: TABLE; Schema: public; Owner: naval; Tablespace: 
--

CREATE TABLE task_element (
    id bigint NOT NULL,
    version bigint NOT NULL,
    name character varying(255),
    notes character varying(255),
    start_date date NOT NULL,
    start_day_duration integer,
    end_date date NOT NULL,
    end_day_duration integer,
    deadline date,
    advance_percentage numeric(19,4),
    sum_of_hours_allocated integer,
    parent bigint,
    base_calendar_id bigint,
    position_in_parent integer
);


ALTER TABLE public.task_element OWNER TO naval;

--
-- Name: task_group; Type: TABLE; Schema: public; Owner: naval; Tablespace: 
--

CREATE TABLE task_group (
    task_element_id bigint NOT NULL
);


ALTER TABLE public.task_group OWNER TO naval;

--
-- Name: task_milestone; Type: TABLE; Schema: public; Owner: naval; Tablespace: 
--

CREATE TABLE task_milestone (
    task_element_id bigint NOT NULL,
    constraint_type integer,
    constraint_date date
);


ALTER TABLE public.task_milestone OWNER TO naval;

--
-- Name: task_quality_form; Type: TABLE; Schema: public; Owner: naval; Tablespace: 
--

CREATE TABLE task_quality_form (
    id bigint NOT NULL,
    version bigint NOT NULL,
    quality_form_id bigint,
    order_element_id bigint,
    report_advance boolean
);


ALTER TABLE public.task_quality_form OWNER TO naval;

--
-- Name: task_quality_form_items; Type: TABLE; Schema: public; Owner: naval; Tablespace: 
--

CREATE TABLE task_quality_form_items (
    task_quality_form_id bigint NOT NULL,
    name character varying(255),
    percentage numeric(19,2),
    "position" integer,
    passed boolean,
    date timestamp with time zone,
    idx integer NOT NULL
);


ALTER TABLE public.task_quality_form_items OWNER TO naval;

--
-- Name: task_source; Type: TABLE; Schema: public; Owner: naval; Tablespace: 
--

CREATE TABLE task_source (
    id bigint NOT NULL,
    version bigint NOT NULL,
    schedulingdata bigint
);


ALTER TABLE public.task_source OWNER TO naval;

--
-- Name: task_source_hours_groups; Type: TABLE; Schema: public; Owner: naval; Tablespace: 
--

CREATE TABLE task_source_hours_groups (
    task_source_id bigint NOT NULL,
    hours_group_id bigint NOT NULL
);


ALTER TABLE public.task_source_hours_groups OWNER TO naval;

--
-- Name: type_of_work_hours; Type: TABLE; Schema: public; Owner: naval; Tablespace: 
--

CREATE TABLE type_of_work_hours (
    id bigint NOT NULL,
    version bigint NOT NULL,
    name character varying(255),
    code character varying(255),
    default_price numeric(19,2),
    enabled boolean,
    code_autogenerated boolean NOT NULL
);


ALTER TABLE public.type_of_work_hours OWNER TO naval;

--
-- Name: unit_type; Type: TABLE; Schema: public; Owner: naval; Tablespace: 
--

CREATE TABLE unit_type (
    id bigint NOT NULL,
    version bigint NOT NULL,
    code character varying(255) NOT NULL,
    measure character varying(255),
    code_autogenerated boolean NOT NULL
);


ALTER TABLE public.unit_type OWNER TO naval;

--
-- Name: user_profiles; Type: TABLE; Schema: public; Owner: naval; Tablespace: 
--

CREATE TABLE user_profiles (
    user_id bigint NOT NULL,
    profile_id bigint NOT NULL
);


ALTER TABLE public.user_profiles OWNER TO naval;

--
-- Name: user_table; Type: TABLE; Schema: public; Owner: naval; Tablespace: 
--

CREATE TABLE user_table (
    id bigint NOT NULL,
    version bigint NOT NULL,
    login_name character varying(255) NOT NULL,
    password character varying(255) NOT NULL,
    email character varying(255),
    disabled boolean,
    lastconnectedscenario bigint
);


ALTER TABLE public.user_table OWNER TO naval;

--
-- Name: virtual_worker; Type: TABLE; Schema: public; Owner: naval; Tablespace: 
--

CREATE TABLE virtual_worker (
    virtual_worker_id bigint NOT NULL,
    observations character varying(255)
);


ALTER TABLE public.virtual_worker OWNER TO naval;

--
-- Name: work_report; Type: TABLE; Schema: public; Owner: naval; Tablespace: 
--

CREATE TABLE work_report (
    id bigint NOT NULL,
    version bigint NOT NULL,
    code character varying(255) NOT NULL,
    date timestamp with time zone,
    code_autogenerated boolean NOT NULL,
    last_work_report_line_sequence_code integer,
    ork_report_type_id bigint NOT NULL,
    resource_id bigint,
    order_element_id bigint
);


ALTER TABLE public.work_report OWNER TO naval;

--
-- Name: work_report_label_type_assigment; Type: TABLE; Schema: public; Owner: naval; Tablespace: 
--

CREATE TABLE work_report_label_type_assigment (
    id bigint NOT NULL,
    version bigint NOT NULL,
    labels_shared_by_lines boolean,
    position_number integer,
    label_type_id bigint,
    label_id bigint,
    work_report_type_id bigint
);


ALTER TABLE public.work_report_label_type_assigment OWNER TO naval;

--
-- Name: work_report_line; Type: TABLE; Schema: public; Owner: naval; Tablespace: 
--

CREATE TABLE work_report_line (
    id bigint NOT NULL,
    version bigint NOT NULL,
    code character varying(255) NOT NULL,
    num_hours integer,
    date timestamp with time zone,
    clock_start integer,
    clock_finish integer,
    work_report_id bigint,
    resource_id bigint NOT NULL,
    order_element_id bigint NOT NULL,
    type_work_hours_id bigint NOT NULL
);


ALTER TABLE public.work_report_line OWNER TO naval;

--
-- Name: work_report_type; Type: TABLE; Schema: public; Owner: naval; Tablespace: 
--

CREATE TABLE work_report_type (
    id bigint NOT NULL,
    version bigint NOT NULL,
    name character varying(255),
    code character varying(255),
    date_is_shared_by_lines boolean,
    resource_is_shared_in_lines boolean,
    order_element_is_shared_in_lines boolean,
    code_autogenerated boolean NOT NULL,
    hours_management integer
);


ALTER TABLE public.work_report_type OWNER TO naval;

--
-- Name: worker; Type: TABLE; Schema: public; Owner: naval; Tablespace: 
--

CREATE TABLE worker (
    worker_id bigint NOT NULL,
    first_name character varying(255),
    surname character varying(255),
    nif character varying(255)
);


ALTER TABLE public.worker OWNER TO naval;

--
-- Name: workreports_labels; Type: TABLE; Schema: public; Owner: naval; Tablespace: 
--

CREATE TABLE workreports_labels (
    work_report_id bigint NOT NULL,
    label_id bigint NOT NULL
);


ALTER TABLE public.workreports_labels OWNER TO naval;

--
-- Name: workreportslines_labels; Type: TABLE; Schema: public; Owner: naval; Tablespace: 
--

CREATE TABLE workreportslines_labels (
    work_report_line_id bigint NOT NULL,
    label_id bigint NOT NULL
);


ALTER TABLE public.workreportslines_labels OWNER TO naval;

--
-- Data for Name: advance_assignment; Type: TABLE DATA; Schema: public; Owner: naval
--

COPY advance_assignment (id, version, report_global_advance, advance_type_id) FROM stdin;
2426	4	t	909
2425	4	f	910
2427	6	t	910
2424	8	t	910
2428	6	t	910
2431	3	f	910
2430	3	t	909
2429	6	t	910
2432	3	t	910
\.


--
-- Data for Name: advance_assignment_template; Type: TABLE DATA; Schema: public; Owner: naval
--

COPY advance_assignment_template (id, version, advance_type_id, order_element_template_id, report_global_advance, max_value) FROM stdin;
\.


--
-- Data for Name: advance_measurement; Type: TABLE DATA; Schema: public; Owner: naval
--

COPY advance_measurement (id, version, date, value, advance_assignment_id, communication_date) FROM stdin;
\.


--
-- Data for Name: advance_type; Type: TABLE DATA; Schema: public; Owner: naval
--

COPY advance_type (id, version, unit_name, default_max_value, updatable, unit_precision, active, percentage, quality_form) FROM stdin;
909	4	children	100.0000	f	0.0100	t	t	f
910	3	percentage	100.0000	f	0.0100	t	t	f
911	2	units	2147483647.0000	f	1.0000	t	f	f
912	1	subcontractor	100.0000	f	0.0100	t	t	f
\.


--
-- Data for Name: all_criterions; Type: TABLE DATA; Schema: public; Owner: naval
--

COPY all_criterions (generic_resource_allocation_id, criterion_id) FROM stdin;
2728	610
2734	611
2735	611
2736	611
\.


--
-- Data for Name: assignment_function; Type: TABLE DATA; Schema: public; Owner: naval
--

COPY assignment_function (id, version) FROM stdin;
\.


--
-- Data for Name: base_calendar; Type: TABLE DATA; Schema: public; Owner: naval
--

COPY base_calendar (id, version, code, name, code_autogenerated, last_sequence_code) FROM stdin;
202	1	CALENDAR00001	Default	t	0
1414	2	RESOURCE_CALENDAR00001	\N	t	2
1415	2	RESOURCE_CALENDAR00002	\N	t	2
1416	2	RESOURCE_CALENDAR00003	\N	t	2
1417	3	RESOURCE_CALENDAR00004	\N	t	2
\.


--
-- Data for Name: calendar_availability; Type: TABLE DATA; Schema: public; Owner: naval
--

COPY calendar_availability (id, version, code, start_date, end_date, base_calendar_id, position_in_calendar) FROM stdin;
1616	2	RESOURCE_CALENDAR00001-00002	2011-01-04	\N	1414	0
1617	2	RESOURCE_CALENDAR00002-00002	2011-01-04	\N	1415	0
1618	2	RESOURCE_CALENDAR00003-00002	2011-01-04	\N	1416	0
1619	3	RESOURCE_CALENDAR00004-00002	2011-01-04	\N	1417	0
\.


--
-- Data for Name: calendar_data; Type: TABLE DATA; Schema: public; Owner: naval
--

COPY calendar_data (id, version, code, parent, expiring_date, base_calendar_id, position_in_calendar) FROM stdin;
303	1	7cd564b6-ee61-497b-8acb-2443e7fc989d	\N	\N	202	0
1515	2	RESOURCE_CALENDAR00001-00001	202	\N	1414	0
1516	2	RESOURCE_CALENDAR00002-00001	202	\N	1415	0
1517	2	RESOURCE_CALENDAR00003-00001	202	\N	1416	0
1518	3	RESOURCE_CALENDAR00004-00001	202	\N	1417	0
\.


--
-- Data for Name: calendar_exception; Type: TABLE DATA; Schema: public; Owner: naval
--

COPY calendar_exception (id, version, code, date, duration, calendar_exception_id, base_calendar_id) FROM stdin;
\.


--
-- Data for Name: calendar_exception_type; Type: TABLE DATA; Schema: public; Owner: naval
--

COPY calendar_exception_type (id, version, code, code_autogenerated, name, color, not_assignable, duration) FROM stdin;
707	11	CALENDAR_EXCEPTION_TYPE00001	t	HOLIDAY	red	t	0
708	9	CALENDAR_EXCEPTION_TYPE00002	t	SICK_LEAVE	red	t	0
709	7	CALENDAR_EXCEPTION_TYPE00003	t	LEAVE	red	t	0
710	5	CALENDAR_EXCEPTION_TYPE00004	t	STRIKE	red	t	0
711	3	CALENDAR_EXCEPTION_TYPE00005	t	BANK_HOLIDAY	red	t	0
712	1	CALENDAR_EXCEPTION_TYPE00006	t	WORKABLE_BANK_HOLIDAY	orange	f	0
\.


--
-- Data for Name: configuration; Type: TABLE DATA; Schema: public; Owner: naval
--

COPY configuration (id, version, configuration_id, company_code, generate_code_for_cost_category, generate_code_for_calendar_exception_type, generate_code_for_work_report_type, generate_code_for_criterion, generate_code_for_label, generate_code_for_work_report, generate_code_for_resources, generate_code_for_types_of_work_hours, generate_code_for_material_categories, generate_code_for_unit_types, generate_code_for_base_calendars, expand_company_planning_view_charts, expand_order_planning_view_charts, expand_resource_load_view_charts, monte_carlo_method_tab_visible, progress_type, company_logo_url, scenarios_visible) FROM stdin;
404	1	202	COMPANY_CODE	t	t	t	t	t	t	t	t	t	t	t	f	t	t	f	0		f
\.


--
-- Data for Name: consolidated_value; Type: TABLE DATA; Schema: public; Owner: naval
--

COPY consolidated_value (id, consolidated_value_type, version, date, value, task_end_date, consolidation_id, advance_measurement_id) FROM stdin;
\.


--
-- Data for Name: consolidation; Type: TABLE DATA; Schema: public; Owner: naval
--

COPY consolidation (id, consolidation_type, version, dir_advance_assignment_id, ind_advance_assignment_id) FROM stdin;
\.


--
-- Data for Name: cost_category; Type: TABLE DATA; Schema: public; Owner: naval
--

COPY cost_category (id, version, code, name, code_autogenerated, last_hour_cost_sequence_code, enabled) FROM stdin;
\.


--
-- Data for Name: criterion; Type: TABLE DATA; Schema: public; Owner: naval
--

COPY criterion (id, version, code, name, predefined_criterion_internal_name, active, id_criterion_type, parent) FROM stdin;
610	1	CRITERION00008-00002	Pontevedra	\N	t	163847	\N
611	1	CRITERION00008-00001	Coruña	\N	t	163847	\N
606	25	CRITERION00001-00001	medicalLeave	medicalLeave	t	163840	\N
607	23	CRITERION00001-00002	paternityLeave	paternityLeave	t	163840	\N
608	6	CRITERION00006-00001	hiredResourceWorkingRelationship	hiredResourceWorkingRelationship	t	163845	\N
609	4	CRITERION00006-00002	firedResourceWorkingRelationship	firedResourceWorkingRelationship	t	163845	\N
\.


--
-- Data for Name: criterion_requirement; Type: TABLE DATA; Schema: public; Owner: naval
--

COPY criterion_requirement (id, criterion_requirement_type, version, hours_group_id, order_element_id, order_element_template_id, criterion_id, parent, valid) FROM stdin;
\.


--
-- Data for Name: criterion_satisfaction; Type: TABLE DATA; Schema: public; Owner: naval
--

COPY criterion_satisfaction (id, version, code, start_date, finish_date, is_deleted, criterion, resource) FROM stdin;
1717	1	CRITERION_SATISFACTION00001	2011-01-04 11:35:27.863+01	\N	f	610	1314
1718	1	CRITERION_SATISFACTION00002	2011-01-04 11:36:33.847+01	\N	f	610	1316
1719	1	CRITERION_SATISFACTION00003	2011-01-04 11:46:10.833+01	\N	f	611	1318
1720	2	CRITERION_SATISFACTION00004	2011-01-04 11:46:36.403+01	\N	f	611	1320
\.


--
-- Data for Name: criterion_type; Type: TABLE DATA; Schema: public; Owner: naval
--

COPY criterion_type (id, version, code, name, predefined_type_internal_name, description, allow_simultaneous_criterions_per_resource, allow_hierarchy, last_criterion_sequence_code, enabled, code_autogenerated, resource) FROM stdin;
163840	26	CRITERION00001	LEAVE	LEAVE	Leave	f	f	2	t	t	0
163841	20	CRITERION00002	MACHINE_LOCATION_GROUP	MACHINE_LOCATION_GROUP	Location where there are machines	t	f	0	t	t	1
163842	17	CRITERION00003	CATEGORY	CATEGORY	Professional category	t	t	0	t	t	0
163843	14	CRITERION00004	TRAINING	TRAINING	Training courses and labor training	t	t	0	t	t	0
163844	11	CRITERION00005	JOB	JOB	Job	t	t	0	t	t	0
163845	8	CRITERION00006	WORK_RELATIONSHIP	WORK_RELATIONSHIP	Relationship of the resource with the enterprise 	f	f	2	t	t	0
163846	1	CRITERION00007	LOCATION_GROUP	LOCATION_GROUP	Location where the workers work	t	f	0	t	t	0
163847	1	CRITERION00008	GROUP	\N	\N	t	t	2	t	t	0
\.


--
-- Data for Name: databasechangelog; Type: TABLE DATA; Schema: public; Owner: naval
--

COPY databasechangelog (id, author, filename, dateexecuted, orderexecuted, exectype, md5sum, description, comments, tag, liquibase) FROM stdin;
initial-database-creation-1	mrego	src/main/resources/db.changelog-database.xml	2011-01-03 19:01:03.156472+01	1	EXECUTED	3:0819191bfc79c85258e53388e6c3a269	Create Table		\N	2.0-rc7
initial-database-creation-2	mrego	src/main/resources/db.changelog-database.xml	2011-01-03 19:01:03.359727+01	2	EXECUTED	3:492e699609703ebfdc7f14d0b9d3fa10	Create Table		\N	2.0-rc7
initial-database-creation-3	mrego	src/main/resources/db.changelog-database.xml	2011-01-03 19:01:03.530808+01	3	EXECUTED	3:ce0671ca8c9c310243bcc2ffb2d35523	Create Table		\N	2.0-rc7
initial-database-creation-4	mrego	src/main/resources/db.changelog-database.xml	2011-01-03 19:01:03.667804+01	4	EXECUTED	3:5a28bfc5ca316e6f6cd3a0b3ef5f67b9	Create Table		\N	2.0-rc7
initial-database-creation-5	mrego	src/main/resources/db.changelog-database.xml	2011-01-03 19:01:03.734027+01	5	EXECUTED	3:dd32a9e5c58bd33f528f3a4176736205	Create Table		\N	2.0-rc7
initial-database-creation-6	mrego	src/main/resources/db.changelog-database.xml	2011-01-03 19:01:03.914528+01	6	EXECUTED	3:de107aebd954ab5c29c39bd6260b1c69	Create Table		\N	2.0-rc7
initial-database-creation-7	mrego	src/main/resources/db.changelog-database.xml	2011-01-03 19:01:04.203408+01	7	EXECUTED	3:588d5677bcc5dff757c327873f896443	Create Table		\N	2.0-rc7
initial-database-creation-8	mrego	src/main/resources/db.changelog-database.xml	2011-01-03 19:01:04.437548+01	8	EXECUTED	3:7fa824a67c2de27b2b2a3f66e5118412	Create Table		\N	2.0-rc7
initial-database-creation-9	mrego	src/main/resources/db.changelog-database.xml	2011-01-03 19:01:04.682833+01	9	EXECUTED	3:93bc8fa1188ddda3969df439f29c8f31	Create Table		\N	2.0-rc7
initial-database-creation-10	mrego	src/main/resources/db.changelog-database.xml	2011-01-03 19:01:04.940983+01	10	EXECUTED	3:0c72c8c2330c2408a6b079239c401a91	Create Table		\N	2.0-rc7
initial-database-creation-11	mrego	src/main/resources/db.changelog-database.xml	2011-01-03 19:01:05.135421+01	11	EXECUTED	3:30ecc1c237e1c3c3db800537ffa8883d	Create Table		\N	2.0-rc7
initial-database-creation-12	mrego	src/main/resources/db.changelog-database.xml	2011-01-03 19:01:05.58116+01	12	EXECUTED	3:f3c4e20ee90e3380f608f73bd0bbb630	Create Table		\N	2.0-rc7
initial-database-creation-13	mrego	src/main/resources/db.changelog-database.xml	2011-01-03 19:01:05.90132+01	13	EXECUTED	3:aaaa113557606faf71ee9f5ee1df07ce	Create Table		\N	2.0-rc7
initial-database-creation-14	mrego	src/main/resources/db.changelog-database.xml	2011-01-03 19:01:06.152772+01	14	EXECUTED	3:54c846355565319d7d50bd78f4f569bb	Create Table		\N	2.0-rc7
initial-database-creation-15	mrego	src/main/resources/db.changelog-database.xml	2011-01-03 19:01:06.505147+01	15	EXECUTED	3:206376e864171d400ce1602f7ef53d49	Create Table		\N	2.0-rc7
initial-database-creation-16	mrego	src/main/resources/db.changelog-database.xml	2011-01-03 19:01:06.873275+01	16	EXECUTED	3:cf757d69a753e856b6342f679cff9fac	Create Table		\N	2.0-rc7
initial-database-creation-17	mrego	src/main/resources/db.changelog-database.xml	2011-01-03 19:01:07.130392+01	17	EXECUTED	3:ce6dfb988cb41f0adbe43e1855caa76e	Create Table		\N	2.0-rc7
initial-database-creation-18	mrego	src/main/resources/db.changelog-database.xml	2011-01-03 19:01:07.328777+01	18	EXECUTED	3:967c04d80a2d485f868b3c984579c4e8	Create Table		\N	2.0-rc7
initial-database-creation-19	mrego	src/main/resources/db.changelog-database.xml	2011-01-03 19:01:07.559689+01	19	EXECUTED	3:4e9058f3e2f5b8173503167ec5c538a3	Create Table		\N	2.0-rc7
initial-database-creation-20	mrego	src/main/resources/db.changelog-database.xml	2011-01-03 19:01:07.74727+01	20	EXECUTED	3:60a882fa6c0f1d848bf4c69f9bfff35c	Create Table		\N	2.0-rc7
initial-database-creation-21	mrego	src/main/resources/db.changelog-database.xml	2011-01-03 19:01:07.893021+01	21	EXECUTED	3:19b23f729aa196a1abed154f225db676	Create Table		\N	2.0-rc7
initial-database-creation-22	mrego	src/main/resources/db.changelog-database.xml	2011-01-03 19:01:08.050402+01	22	EXECUTED	3:947b787c1bbe91a331dd46cb1640f5e5	Create Table		\N	2.0-rc7
initial-database-creation-23	mrego	src/main/resources/db.changelog-database.xml	2011-01-03 19:01:08.17588+01	23	EXECUTED	3:48f908ec702ae89b5da9f0eac7479005	Create Table		\N	2.0-rc7
initial-database-creation-24	mrego	src/main/resources/db.changelog-database.xml	2011-01-03 19:01:08.29694+01	24	EXECUTED	3:84355bc36e649a2786237afa2239406b	Create Table		\N	2.0-rc7
initial-database-creation-25	mrego	src/main/resources/db.changelog-database.xml	2011-01-03 19:01:08.403532+01	25	EXECUTED	3:b8724c07bf0377b89a789f4068225748	Create Table		\N	2.0-rc7
initial-database-creation-26	mrego	src/main/resources/db.changelog-database.xml	2011-01-03 19:01:08.53455+01	26	EXECUTED	3:f9826236b01812c13b8773d5ab43eba3	Create Table		\N	2.0-rc7
initial-database-creation-27	mrego	src/main/resources/db.changelog-database.xml	2011-01-03 19:01:08.646156+01	27	EXECUTED	3:c793cee4a905e7c283e5670c7a78ce75	Create Table		\N	2.0-rc7
initial-database-creation-28	mrego	src/main/resources/db.changelog-database.xml	2011-01-03 19:01:08.74957+01	28	EXECUTED	3:10e53ad074ddb8a722b7327c489af2a4	Create Table		\N	2.0-rc7
initial-database-creation-29	mrego	src/main/resources/db.changelog-database.xml	2011-01-03 19:01:08.910045+01	29	EXECUTED	3:ffd33e338772b05e1ec66bc5f536b857	Create Table		\N	2.0-rc7
initial-database-creation-30	mrego	src/main/resources/db.changelog-database.xml	2011-01-03 19:01:09.064182+01	30	EXECUTED	3:de8601efc174c9011c267a989abc558d	Create Table		\N	2.0-rc7
initial-database-creation-31	mrego	src/main/resources/db.changelog-database.xml	2011-01-03 19:01:09.166564+01	31	EXECUTED	3:fc5ec26502de974f7ab46118f4f53196	Create Table		\N	2.0-rc7
initial-database-creation-32	mrego	src/main/resources/db.changelog-database.xml	2011-01-03 19:01:09.229837+01	32	EXECUTED	3:b3be37758841b13194d3710d6defef04	Create Table		\N	2.0-rc7
initial-database-creation-33	mrego	src/main/resources/db.changelog-database.xml	2011-01-03 19:01:09.308269+01	33	EXECUTED	3:a951462763f5d55a3f7e10f12f81335f	Create Table		\N	2.0-rc7
initial-database-creation-34	mrego	src/main/resources/db.changelog-database.xml	2011-01-03 19:01:09.408719+01	34	EXECUTED	3:a51224ce4bb0ca6d2b3f7bd992c65f0a	Create Table		\N	2.0-rc7
initial-database-creation-35	mrego	src/main/resources/db.changelog-database.xml	2011-01-03 19:01:09.494418+01	35	EXECUTED	3:8afd863ae4753040b121f5858594660b	Create Table		\N	2.0-rc7
initial-database-creation-36	mrego	src/main/resources/db.changelog-database.xml	2011-01-03 19:01:09.560699+01	36	EXECUTED	3:0754fc448f05289e922e36fe342d121d	Create Table		\N	2.0-rc7
initial-database-creation-37	mrego	src/main/resources/db.changelog-database.xml	2011-01-03 19:01:09.638176+01	37	EXECUTED	3:5cfa72b6d860176124f25ff3a9d331fc	Create Table		\N	2.0-rc7
initial-database-creation-38	mrego	src/main/resources/db.changelog-database.xml	2011-01-03 19:01:09.751174+01	38	EXECUTED	3:f831e87d1de1fc1338d42b8e833dc9c9	Create Table		\N	2.0-rc7
initial-database-creation-39	mrego	src/main/resources/db.changelog-database.xml	2011-01-03 19:01:09.822216+01	39	EXECUTED	3:6bd033fff9beeafa67d07445dbaee07f	Create Table		\N	2.0-rc7
initial-database-creation-40	mrego	src/main/resources/db.changelog-database.xml	2011-01-03 19:01:09.924176+01	40	EXECUTED	3:bdd3c4d65620a2a8f7b1a964a353f58f	Create Table		\N	2.0-rc7
initial-database-creation-41	mrego	src/main/resources/db.changelog-database.xml	2011-01-03 19:01:10.016138+01	41	EXECUTED	3:096d3c30326f7805f4b0039355445d54	Create Table		\N	2.0-rc7
initial-database-creation-42	mrego	src/main/resources/db.changelog-database.xml	2011-01-03 19:01:10.208173+01	42	EXECUTED	3:ded3fb067f8bc57e6638e6920fd44604	Create Table		\N	2.0-rc7
initial-database-creation-43	mrego	src/main/resources/db.changelog-database.xml	2011-01-03 19:01:10.279706+01	43	EXECUTED	3:55f995d5648794d3432adc45e49630ac	Create Table		\N	2.0-rc7
initial-database-creation-44	mrego	src/main/resources/db.changelog-database.xml	2011-01-03 19:01:10.681385+01	44	EXECUTED	3:36bec1cf129dbbe7479b6fd37ec4cfc8	Create Table		\N	2.0-rc7
initial-database-creation-45	mrego	src/main/resources/db.changelog-database.xml	2011-01-03 19:01:10.767705+01	45	EXECUTED	3:14bba3e0f5ceb3f2fd6f8957e1838de4	Create Table		\N	2.0-rc7
initial-database-creation-46	mrego	src/main/resources/db.changelog-database.xml	2011-01-03 19:01:10.872525+01	46	EXECUTED	3:20a4b538a58ecad5fefff00c68060415	Create Table		\N	2.0-rc7
initial-database-creation-47	mrego	src/main/resources/db.changelog-database.xml	2011-01-03 19:01:10.948579+01	47	EXECUTED	3:20d9ca0a2dac404d34031a303d36332f	Create Table		\N	2.0-rc7
initial-database-creation-48	mrego	src/main/resources/db.changelog-database.xml	2011-01-03 19:01:11.044038+01	48	EXECUTED	3:9422bfd2634488255bcbb32d73d4d9a6	Create Table		\N	2.0-rc7
initial-database-creation-49	mrego	src/main/resources/db.changelog-database.xml	2011-01-03 19:01:11.140803+01	49	EXECUTED	3:bb378576fc9548e6e0bf30c553be56c2	Create Table		\N	2.0-rc7
initial-database-creation-50	mrego	src/main/resources/db.changelog-database.xml	2011-01-03 19:01:11.243094+01	50	EXECUTED	3:86be514721a43f3a69e0fc5575f68bcf	Create Table		\N	2.0-rc7
initial-database-creation-51	mrego	src/main/resources/db.changelog-database.xml	2011-01-03 19:01:11.353772+01	51	EXECUTED	3:6a7ac8677daeb7b232876fef8bc2eb13	Create Table		\N	2.0-rc7
initial-database-creation-52	mrego	src/main/resources/db.changelog-database.xml	2011-01-03 19:01:11.417125+01	52	EXECUTED	3:132f159f7460a378fe40004d8844911c	Create Table		\N	2.0-rc7
initial-database-creation-53	mrego	src/main/resources/db.changelog-database.xml	2011-01-03 19:01:11.562251+01	53	EXECUTED	3:e86194e70e6973332ef4538bdc5d7a1a	Create Table		\N	2.0-rc7
initial-database-creation-54	mrego	src/main/resources/db.changelog-database.xml	2011-01-03 19:01:11.639455+01	54	EXECUTED	3:2524421c32a9b419da3fe430869fdb1d	Create Table		\N	2.0-rc7
initial-database-creation-55	mrego	src/main/resources/db.changelog-database.xml	2011-01-03 19:01:11.722496+01	55	EXECUTED	3:f07c8df4ae4b20f431ed20c225b80172	Create Table		\N	2.0-rc7
initial-database-creation-56	mrego	src/main/resources/db.changelog-database.xml	2011-01-03 19:01:11.819352+01	56	EXECUTED	3:d180f6978451999d3c71c31e22a05f12	Create Table		\N	2.0-rc7
initial-database-creation-57	mrego	src/main/resources/db.changelog-database.xml	2011-01-03 19:01:11.899079+01	57	EXECUTED	3:96dee6dd4c6fe24bdf27aec7375f97a2	Create Table		\N	2.0-rc7
initial-database-creation-58	mrego	src/main/resources/db.changelog-database.xml	2011-01-03 19:01:12.038585+01	58	EXECUTED	3:57a5a9423e13e7d46ab17b29ef36e3ac	Create Table		\N	2.0-rc7
initial-database-creation-59	mrego	src/main/resources/db.changelog-database.xml	2011-01-03 19:01:12.18347+01	59	EXECUTED	3:481dae68046dee1729404fcb4b8f6724	Create Table		\N	2.0-rc7
initial-database-creation-60	mrego	src/main/resources/db.changelog-database.xml	2011-01-03 19:01:12.317383+01	60	EXECUTED	3:3c79c9a14789f861812e28b85f42ba1a	Create Table		\N	2.0-rc7
initial-database-creation-61	mrego	src/main/resources/db.changelog-database.xml	2011-01-03 19:01:12.423169+01	61	EXECUTED	3:b0647147970dcc6926527bcc26e08d0d	Create Table		\N	2.0-rc7
initial-database-creation-62	mrego	src/main/resources/db.changelog-database.xml	2011-01-03 19:01:12.50068+01	62	EXECUTED	3:7a0cee9dc0952cca4c3e2a32508a4433	Create Table		\N	2.0-rc7
initial-database-creation-63	mrego	src/main/resources/db.changelog-database.xml	2011-01-03 19:01:12.620917+01	63	EXECUTED	3:2b9225897f01e983677b51310e4fe0c6	Create Table		\N	2.0-rc7
initial-database-creation-64	mrego	src/main/resources/db.changelog-database.xml	2011-01-03 19:01:12.798909+01	64	EXECUTED	3:8c6b353a40e4bbfe9ddec68b6e2ed109	Create Table		\N	2.0-rc7
initial-database-creation-65	mrego	src/main/resources/db.changelog-database.xml	2011-01-03 19:01:12.918371+01	65	EXECUTED	3:181a3cfd4d56baa702ea56857d70c6a5	Create Table		\N	2.0-rc7
initial-database-creation-66	mrego	src/main/resources/db.changelog-database.xml	2011-01-03 19:01:13.044107+01	66	EXECUTED	3:1ce12362bbe5c9289c1b1417b4534017	Create Table		\N	2.0-rc7
initial-database-creation-67	mrego	src/main/resources/db.changelog-database.xml	2011-01-03 19:01:13.13011+01	67	EXECUTED	3:3db8192b7fc2c73f2d6f0b811b86193a	Create Table		\N	2.0-rc7
initial-database-creation-68	mrego	src/main/resources/db.changelog-database.xml	2011-01-03 19:01:13.311757+01	68	EXECUTED	3:49669d8f9f006e24a66e6baef277ebaf	Create Table		\N	2.0-rc7
initial-database-creation-69	mrego	src/main/resources/db.changelog-database.xml	2011-01-03 19:01:13.440772+01	69	EXECUTED	3:ec29eb383f779659440de1992b1b6bba	Create Table		\N	2.0-rc7
initial-database-creation-70	mrego	src/main/resources/db.changelog-database.xml	2011-01-03 19:01:13.559826+01	70	EXECUTED	3:668c637d3c53b7592d3dc67fc4703cff	Create Table		\N	2.0-rc7
initial-database-creation-71	mrego	src/main/resources/db.changelog-database.xml	2011-01-03 19:01:13.675552+01	71	EXECUTED	3:4f9d5316304450ab582b0858ce87c849	Create Table		\N	2.0-rc7
initial-database-creation-72	mrego	src/main/resources/db.changelog-database.xml	2011-01-03 19:01:13.76914+01	72	EXECUTED	3:7a3e44f865f5a910f79c5f06e0b64f14	Create Table		\N	2.0-rc7
initial-database-creation-73	mrego	src/main/resources/db.changelog-database.xml	2011-01-03 19:01:13.920767+01	73	EXECUTED	3:a635c19cae307c38b2763e3b9d58d224	Create Table		\N	2.0-rc7
initial-database-creation-74	mrego	src/main/resources/db.changelog-database.xml	2011-01-03 19:01:14.029094+01	74	EXECUTED	3:95ac63bf89b9b48c007e8460e7e48cdb	Create Table		\N	2.0-rc7
initial-database-creation-75	mrego	src/main/resources/db.changelog-database.xml	2011-01-03 19:01:14.12798+01	75	EXECUTED	3:28e6cc28eded2e909048c08ffacc1748	Create Table		\N	2.0-rc7
initial-database-creation-76	mrego	src/main/resources/db.changelog-database.xml	2011-01-03 19:01:14.234025+01	76	EXECUTED	3:f32e144cefab5640c93a41de30b01609	Create Table		\N	2.0-rc7
initial-database-creation-77	mrego	src/main/resources/db.changelog-database.xml	2011-01-03 19:01:14.33023+01	77	EXECUTED	3:5504fcfe56f3f27aedab1932b345ef67	Create Table		\N	2.0-rc7
initial-database-creation-78	mrego	src/main/resources/db.changelog-database.xml	2011-01-03 19:01:14.468615+01	78	EXECUTED	3:bfb3ce3ba16ec8f8206c296f743868e5	Create Table		\N	2.0-rc7
initial-database-creation-79	mrego	src/main/resources/db.changelog-database.xml	2011-01-03 19:01:14.613101+01	79	EXECUTED	3:7b7e2576df7e2b013c4609c905a1e89f	Create Table		\N	2.0-rc7
initial-database-creation-80	mrego	src/main/resources/db.changelog-database.xml	2011-01-03 19:01:14.705865+01	80	EXECUTED	3:f095dee1e812c9f76e21c526566bd348	Create Table		\N	2.0-rc7
initial-database-creation-81	mrego	src/main/resources/db.changelog-database.xml	2011-01-03 19:01:14.843235+01	81	EXECUTED	3:0e6f358e54f708c3e05debfeae8027f8	Create Table		\N	2.0-rc7
initial-database-creation-82	mrego	src/main/resources/db.changelog-database.xml	2011-01-03 19:01:14.980171+01	82	EXECUTED	3:660f1dd76f869c29fde7efc6f7e1255e	Create Table		\N	2.0-rc7
initial-database-creation-83	mrego	src/main/resources/db.changelog-database.xml	2011-01-03 19:01:15.089922+01	83	EXECUTED	3:43f98ac2e8ef569c2ace92091588dfc5	Create Table		\N	2.0-rc7
initial-database-creation-84	mrego	src/main/resources/db.changelog-database.xml	2011-01-03 19:01:15.207501+01	84	EXECUTED	3:72aa9950802d4e8da713013ae72ea212	Create Table		\N	2.0-rc7
initial-database-creation-85	mrego	src/main/resources/db.changelog-database.xml	2011-01-03 19:01:15.342216+01	85	EXECUTED	3:5f58cf1966364d46c430e933f520332c	Create Table		\N	2.0-rc7
initial-database-creation-86	mrego	src/main/resources/db.changelog-database.xml	2011-01-03 19:01:15.506105+01	86	EXECUTED	3:930edd522020ea950b89ea3fcc60293f	Create Table		\N	2.0-rc7
initial-database-creation-87	mrego	src/main/resources/db.changelog-database.xml	2011-01-03 19:01:15.616794+01	87	EXECUTED	3:eef1806c4faaa543eabf7aa919ee1871	Create Table		\N	2.0-rc7
initial-database-creation-88	mrego	src/main/resources/db.changelog-database.xml	2011-01-03 19:01:15.731859+01	88	EXECUTED	3:ba5ed5b46b50e4e696f26943e4846b38	Create Table		\N	2.0-rc7
initial-database-creation-89	mrego	src/main/resources/db.changelog-database.xml	2011-01-03 19:01:15.807925+01	89	EXECUTED	3:25d42a7f59acd170516f566f91db477b	Create Table		\N	2.0-rc7
initial-database-creation-90	mrego	src/main/resources/db.changelog-database.xml	2011-01-03 19:01:15.930295+01	90	EXECUTED	3:0220e67c3c6e052be5b2683f3aff6cd9	Create Table		\N	2.0-rc7
initial-database-creation-91	mrego	src/main/resources/db.changelog-database.xml	2011-01-03 19:01:15.984049+01	91	EXECUTED	3:dbeb7f14726427f4332caba3c3882781	Create Table		\N	2.0-rc7
initial-database-creation-92	mrego	src/main/resources/db.changelog-database.xml	2011-01-03 19:01:16.094731+01	92	EXECUTED	3:a4f2631814df0304d6e1a9142e0174a1	Create Table		\N	2.0-rc7
initial-database-creation-93	mrego	src/main/resources/db.changelog-database.xml	2011-01-03 19:01:16.219952+01	93	EXECUTED	3:665d61220b4af809bb0048a73af9529d	Create Table		\N	2.0-rc7
initial-database-creation-94	mrego	src/main/resources/db.changelog-database.xml	2011-01-03 19:01:16.313618+01	94	EXECUTED	3:77fb476c14c92eda11701adb0a6d406f	Create Table		\N	2.0-rc7
initial-database-creation-95	mrego	src/main/resources/db.changelog-database.xml	2011-01-03 19:01:16.443807+01	95	EXECUTED	3:2e07882701f4d10d2c5249aefdae87ee	Create Table		\N	2.0-rc7
initial-database-creation-96	mrego	src/main/resources/db.changelog-database.xml	2011-01-03 19:01:16.573404+01	96	EXECUTED	3:12e1f91eae40df9eda60c20d6f9c8874	Create Table		\N	2.0-rc7
initial-database-creation-97	mrego	src/main/resources/db.changelog-database.xml	2011-01-03 19:01:16.724487+01	97	EXECUTED	3:72db70644086a38aa90367c038a89350	Create Table		\N	2.0-rc7
initial-database-creation-98	mrego	src/main/resources/db.changelog-database.xml	2011-01-03 19:01:16.849826+01	98	EXECUTED	3:1d6bac1b7849a0442a162078696893e3	Create Table		\N	2.0-rc7
initial-database-creation-99	mrego	src/main/resources/db.changelog-database.xml	2011-01-03 19:01:16.959774+01	99	EXECUTED	3:7f6646bbd481090fa616c199b956b014	Create Table		\N	2.0-rc7
initial-database-creation-100	mrego	src/main/resources/db.changelog-database.xml	2011-01-03 19:01:17.141088+01	100	EXECUTED	3:bbbcbaf05cf76c8236d9137a4a7a25ec	Create Table		\N	2.0-rc7
initial-database-creation-101	mrego	src/main/resources/db.changelog-database.xml	2011-01-03 19:01:17.233418+01	101	EXECUTED	3:15f1e5f6e1f7c3308b084e536e88b9b8	Create Table		\N	2.0-rc7
initial-database-creation-102	mrego	src/main/resources/db.changelog-database.xml	2011-01-03 19:01:17.279477+01	102	EXECUTED	3:69b1aeed86840d511ac06119ad1f3c2a	Create Table		\N	2.0-rc7
initial-database-creation-103	mrego	src/main/resources/db.changelog-database.xml	2011-01-03 19:01:17.356518+01	103	EXECUTED	3:57d3f2fd8967dfd691fd95d30fb1c134	Create Table		\N	2.0-rc7
initial-database-creation-104	mrego	src/main/resources/db.changelog-database.xml	2011-01-03 19:01:17.444416+01	104	EXECUTED	3:0e57f86b004bedba6c607c8d2c566164	Add Primary Key		\N	2.0-rc7
initial-database-creation-105	mrego	src/main/resources/db.changelog-database.xml	2011-01-03 19:01:17.496556+01	105	EXECUTED	3:55a89da076a5b87ce5e49e1db3ed3fb9	Add Primary Key		\N	2.0-rc7
initial-database-creation-106	mrego	src/main/resources/db.changelog-database.xml	2011-01-03 19:01:17.556231+01	106	EXECUTED	3:4db964219e3dde449c0a54d58d204a7b	Add Primary Key		\N	2.0-rc7
initial-database-creation-107	mrego	src/main/resources/db.changelog-database.xml	2011-01-03 19:01:17.629233+01	107	EXECUTED	3:0d50d294d4db44aed32f8c909114645d	Add Primary Key		\N	2.0-rc7
initial-database-creation-108	mrego	src/main/resources/db.changelog-database.xml	2011-01-03 19:01:17.727307+01	108	EXECUTED	3:9c39ac8c3d6ebc758e69da66cfc20283	Add Primary Key		\N	2.0-rc7
initial-database-creation-109	mrego	src/main/resources/db.changelog-database.xml	2011-01-03 19:01:17.776133+01	109	EXECUTED	3:254739c105dc46829b4019e6cd4daa8e	Add Primary Key		\N	2.0-rc7
initial-database-creation-110	mrego	src/main/resources/db.changelog-database.xml	2011-01-03 19:01:17.886889+01	110	EXECUTED	3:330cbde32db56aa70e52784794b743ff	Add Primary Key		\N	2.0-rc7
initial-database-creation-111	mrego	src/main/resources/db.changelog-database.xml	2011-01-03 19:01:17.966013+01	111	EXECUTED	3:39d0f5be8bc00a3752b5f49dd92866de	Add Primary Key		\N	2.0-rc7
initial-database-creation-112	mrego	src/main/resources/db.changelog-database.xml	2011-01-03 19:01:18.116438+01	112	EXECUTED	3:005cd1ac6366225c7124eb995c790329	Add Primary Key		\N	2.0-rc7
initial-database-creation-113	mrego	src/main/resources/db.changelog-database.xml	2011-01-03 19:01:18.226134+01	113	EXECUTED	3:aa9ef6bec758b8fef0d7f58d652f23ed	Add Primary Key		\N	2.0-rc7
initial-database-creation-114	mrego	src/main/resources/db.changelog-database.xml	2011-01-03 19:01:18.327486+01	114	EXECUTED	3:57037ae27d15fb149b2b18b70e3ac640	Add Primary Key		\N	2.0-rc7
initial-database-creation-115	mrego	src/main/resources/db.changelog-database.xml	2011-01-03 19:01:18.436399+01	115	EXECUTED	3:9a325bc706e5f056e25b5029c144c5d8	Add Primary Key		\N	2.0-rc7
initial-database-creation-116	mrego	src/main/resources/db.changelog-database.xml	2011-01-03 19:01:18.517181+01	116	EXECUTED	3:f5bef61b4276a1bf815b80abfbbdd0dd	Add Primary Key		\N	2.0-rc7
initial-database-creation-117	mrego	src/main/resources/db.changelog-database.xml	2011-01-03 19:01:18.616268+01	117	EXECUTED	3:7eff22e0b4befe8f4c445f1c5a58a15e	Add Primary Key		\N	2.0-rc7
initial-database-creation-118	mrego	src/main/resources/db.changelog-database.xml	2011-01-03 19:01:18.696302+01	118	EXECUTED	3:dadfa8f8caf1ae02cfc16ecbed0c8b90	Add Primary Key		\N	2.0-rc7
initial-database-creation-119	mrego	src/main/resources/db.changelog-database.xml	2011-01-03 19:01:18.776816+01	119	EXECUTED	3:138d0588ac80f0a920e484db36f4e97d	Add Unique Constraint		\N	2.0-rc7
initial-database-creation-120	mrego	src/main/resources/db.changelog-database.xml	2011-01-03 19:01:18.846986+01	120	EXECUTED	3:2a81f473aa411fe1bf94ff891f950f05	Add Unique Constraint		\N	2.0-rc7
initial-database-creation-121	mrego	src/main/resources/db.changelog-database.xml	2011-01-03 19:01:18.939193+01	121	EXECUTED	3:465b67c4800169a5ad1a1fa4cf9937ce	Add Unique Constraint		\N	2.0-rc7
initial-database-creation-122	mrego	src/main/resources/db.changelog-database.xml	2011-01-03 19:01:19.057455+01	122	EXECUTED	3:d9da052c7f29fb3f76a2a4056af176bd	Add Unique Constraint		\N	2.0-rc7
initial-database-creation-123	mrego	src/main/resources/db.changelog-database.xml	2011-01-03 19:01:19.15771+01	123	EXECUTED	3:7ebb4272b707b682e405cb30ebb3fccb	Add Unique Constraint		\N	2.0-rc7
initial-database-creation-124	mrego	src/main/resources/db.changelog-database.xml	2011-01-03 19:01:19.216876+01	124	EXECUTED	3:360b5d5226fa5eb0d62b8531c2812a05	Add Unique Constraint		\N	2.0-rc7
initial-database-creation-125	mrego	src/main/resources/db.changelog-database.xml	2011-01-03 19:01:19.328707+01	125	EXECUTED	3:963fdb094cb961a23659f3e19a1ddde3	Add Unique Constraint		\N	2.0-rc7
initial-database-creation-126	mrego	src/main/resources/db.changelog-database.xml	2011-01-03 19:01:19.455746+01	126	EXECUTED	3:b20bb3c187e6488863f9d5481665fdac	Add Unique Constraint		\N	2.0-rc7
initial-database-creation-127	mrego	src/main/resources/db.changelog-database.xml	2011-01-03 19:01:19.543822+01	127	EXECUTED	3:f3035f410a920573b57eb459d1bcd6b1	Add Unique Constraint		\N	2.0-rc7
initial-database-creation-128	mrego	src/main/resources/db.changelog-database.xml	2011-01-03 19:01:19.586579+01	128	EXECUTED	3:ca1cdff9e1a997ff2c7b285e84221ab3	Add Unique Constraint		\N	2.0-rc7
initial-database-creation-129	mrego	src/main/resources/db.changelog-database.xml	2011-01-03 19:01:19.655703+01	129	EXECUTED	3:b475e7347003735620c2366fe038ee40	Add Unique Constraint		\N	2.0-rc7
initial-database-creation-130	mrego	src/main/resources/db.changelog-database.xml	2011-01-03 19:01:19.707053+01	130	EXECUTED	3:5523e28282da63951996a88d29635632	Add Unique Constraint		\N	2.0-rc7
initial-database-creation-131	mrego	src/main/resources/db.changelog-database.xml	2011-01-03 19:01:19.816505+01	131	EXECUTED	3:484e71ddda004fcbb6f56b3a1df07c12	Add Unique Constraint		\N	2.0-rc7
initial-database-creation-132	mrego	src/main/resources/db.changelog-database.xml	2011-01-03 19:01:19.916278+01	132	EXECUTED	3:750f465a29368e3c472c7717368e5315	Add Unique Constraint		\N	2.0-rc7
initial-database-creation-133	mrego	src/main/resources/db.changelog-database.xml	2011-01-03 19:01:20.006928+01	133	EXECUTED	3:ed11a2642a9063cae1be4ee314990279	Add Unique Constraint		\N	2.0-rc7
initial-database-creation-134	mrego	src/main/resources/db.changelog-database.xml	2011-01-03 19:01:20.060548+01	134	EXECUTED	3:632199e3f5e02d7b644fef85e7c7a148	Add Unique Constraint		\N	2.0-rc7
initial-database-creation-135	mrego	src/main/resources/db.changelog-database.xml	2011-01-03 19:01:20.168194+01	135	EXECUTED	3:f6136a87270d6999c38c78c5a4507ba0	Add Unique Constraint		\N	2.0-rc7
initial-database-creation-136	mrego	src/main/resources/db.changelog-database.xml	2011-01-03 19:01:20.258307+01	136	EXECUTED	3:3b8cdb7c8a87aded69e76f1127d93338	Add Unique Constraint		\N	2.0-rc7
initial-database-creation-137	mrego	src/main/resources/db.changelog-database.xml	2011-01-03 19:01:20.366514+01	137	EXECUTED	3:f21de5aaf5812d3b53ff6ba37c500419	Add Unique Constraint		\N	2.0-rc7
initial-database-creation-138	mrego	src/main/resources/db.changelog-database.xml	2011-01-03 19:01:20.474668+01	138	EXECUTED	3:212ee29342faa1bb2b4a50cfdfdf9a78	Add Unique Constraint		\N	2.0-rc7
initial-database-creation-139	mrego	src/main/resources/db.changelog-database.xml	2011-01-03 19:01:20.566472+01	139	EXECUTED	3:c1cd1a61a496daaf1bc3e941f84aa781	Add Unique Constraint		\N	2.0-rc7
initial-database-creation-140	mrego	src/main/resources/db.changelog-database.xml	2011-01-03 19:01:20.670535+01	140	EXECUTED	3:d5266cebc05f66e670752fd599970deb	Add Unique Constraint		\N	2.0-rc7
initial-database-creation-141	mrego	src/main/resources/db.changelog-database.xml	2011-01-03 19:01:20.778802+01	141	EXECUTED	3:1846e834301cbacca345ad1d30c97783	Add Unique Constraint		\N	2.0-rc7
initial-database-creation-142	mrego	src/main/resources/db.changelog-database.xml	2011-01-03 19:01:20.873732+01	142	EXECUTED	3:02dd707d2304800fa3353b76b4b14a79	Add Unique Constraint		\N	2.0-rc7
initial-database-creation-143	mrego	src/main/resources/db.changelog-database.xml	2011-01-03 19:01:20.960374+01	143	EXECUTED	3:c7d786a54bd2744456d86331287eaf88	Add Unique Constraint		\N	2.0-rc7
initial-database-creation-144	mrego	src/main/resources/db.changelog-database.xml	2011-01-03 19:01:21.046674+01	144	EXECUTED	3:d83e1d31be4d2a88a30cef280323dc14	Add Unique Constraint		\N	2.0-rc7
initial-database-creation-145	mrego	src/main/resources/db.changelog-database.xml	2011-01-03 19:01:21.167179+01	145	EXECUTED	3:2c8d1d5abd94c1f1b77b812e5a218703	Add Unique Constraint		\N	2.0-rc7
initial-database-creation-146	mrego	src/main/resources/db.changelog-database.xml	2011-01-03 19:01:21.267037+01	146	EXECUTED	3:98959c39111d467dbaef246b4e77c7d4	Add Unique Constraint		\N	2.0-rc7
initial-database-creation-147	mrego	src/main/resources/db.changelog-database.xml	2011-01-03 19:01:21.367705+01	147	EXECUTED	3:2f5b3db90f5fe8d7166b8698732d89ee	Add Unique Constraint		\N	2.0-rc7
initial-database-creation-148	mrego	src/main/resources/db.changelog-database.xml	2011-01-03 19:01:21.480274+01	148	EXECUTED	3:b6ab8ac7897d485ec2c01795fdbacba6	Add Unique Constraint		\N	2.0-rc7
initial-database-creation-149	mrego	src/main/resources/db.changelog-database.xml	2011-01-03 19:01:21.576302+01	149	EXECUTED	3:4621bf17b5d622b52e70ee84a2720ce4	Add Unique Constraint		\N	2.0-rc7
initial-database-creation-150	mrego	src/main/resources/db.changelog-database.xml	2011-01-03 19:01:21.678868+01	150	EXECUTED	3:d706f00de9bf475742860188e15d7b41	Add Unique Constraint		\N	2.0-rc7
initial-database-creation-151	mrego	src/main/resources/db.changelog-database.xml	2011-01-03 19:01:21.786362+01	151	EXECUTED	3:003b820bd40132476357aae25ba7d50b	Add Unique Constraint		\N	2.0-rc7
initial-database-creation-152	mrego	src/main/resources/db.changelog-database.xml	2011-01-03 19:01:21.886769+01	152	EXECUTED	3:cbe9e0b14bac88a7b895d8bc4c4777d7	Add Unique Constraint		\N	2.0-rc7
initial-database-creation-153	mrego	src/main/resources/db.changelog-database.xml	2011-01-03 19:01:22.022207+01	153	EXECUTED	3:38dc59e34869bc2425c7c820ba45cb9b	Add Unique Constraint		\N	2.0-rc7
initial-database-creation-154	mrego	src/main/resources/db.changelog-database.xml	2011-01-03 19:01:22.129219+01	154	EXECUTED	3:1822fb3caf8d43038c67a53fdb75e432	Add Unique Constraint		\N	2.0-rc7
initial-database-creation-155	mrego	src/main/resources/db.changelog-database.xml	2011-01-03 19:01:22.216455+01	155	EXECUTED	3:8416952db331ffa2dd27dc4f5734036c	Add Unique Constraint		\N	2.0-rc7
initial-database-creation-156	mrego	src/main/resources/db.changelog-database.xml	2011-01-03 19:01:22.296465+01	156	EXECUTED	3:4c2b2e5a5a4ee0175cab19c8b6ee084c	Add Unique Constraint		\N	2.0-rc7
initial-database-creation-157	mrego	src/main/resources/db.changelog-database.xml	2011-01-03 19:01:22.360981+01	157	EXECUTED	3:c5bf072f2de5890c8b3e22c07577f5ad	Add Unique Constraint		\N	2.0-rc7
initial-database-creation-158	mrego	src/main/resources/db.changelog-database.xml	2011-01-03 19:01:22.481775+01	158	EXECUTED	3:61b84144638971ed2b9f8a2a0fb1484f	Add Unique Constraint		\N	2.0-rc7
initial-database-creation-159	mrego	src/main/resources/db.changelog-database.xml	2011-01-03 19:01:22.570241+01	159	EXECUTED	3:edef41963c0d8e8d51ad15aa7a757420	Add Unique Constraint		\N	2.0-rc7
initial-database-creation-160	mrego	src/main/resources/db.changelog-database.xml	2011-01-03 19:01:22.673769+01	160	EXECUTED	3:6d94d16cf714dd8872660b484e632513	Add Unique Constraint		\N	2.0-rc7
initial-database-creation-161	mrego	src/main/resources/db.changelog-database.xml	2011-01-03 19:01:22.806462+01	161	EXECUTED	3:c47020da3e40d9b6239153776affab17	Add Unique Constraint		\N	2.0-rc7
initial-database-creation-162	mrego	src/main/resources/db.changelog-database.xml	2011-01-03 19:01:22.933593+01	162	EXECUTED	3:8c1de34a4070d7a104ef5595ff365355	Add Foreign Key Constraint		\N	2.0-rc7
initial-database-creation-163	mrego	src/main/resources/db.changelog-database.xml	2011-01-03 19:01:23.024296+01	163	EXECUTED	3:00c8bf9c83805a10ad1abbfe6cabdba8	Add Foreign Key Constraint		\N	2.0-rc7
initial-database-creation-164	mrego	src/main/resources/db.changelog-database.xml	2011-01-03 19:01:23.095276+01	164	EXECUTED	3:3fa310189e738082742a06c3751f2f3e	Add Foreign Key Constraint		\N	2.0-rc7
initial-database-creation-165	mrego	src/main/resources/db.changelog-database.xml	2011-01-03 19:01:23.156505+01	165	EXECUTED	3:0ed5111ef301a24755a17b99ba609336	Add Foreign Key Constraint		\N	2.0-rc7
initial-database-creation-166	mrego	src/main/resources/db.changelog-database.xml	2011-01-03 19:01:23.251326+01	166	EXECUTED	3:f781f197771175ae97a798ae4c732613	Add Foreign Key Constraint		\N	2.0-rc7
initial-database-creation-167	mrego	src/main/resources/db.changelog-database.xml	2011-01-03 19:01:23.335441+01	167	EXECUTED	3:f82641b8c47ac3372c38bd410315f1d7	Add Foreign Key Constraint		\N	2.0-rc7
initial-database-creation-168	mrego	src/main/resources/db.changelog-database.xml	2011-01-03 19:01:23.406801+01	168	EXECUTED	3:e819b9f5b305d94a874ffff77f1b0b00	Add Foreign Key Constraint		\N	2.0-rc7
initial-database-creation-169	mrego	src/main/resources/db.changelog-database.xml	2011-01-03 19:01:23.484357+01	169	EXECUTED	3:e638fd6a15647613720dfab7af6c67af	Add Foreign Key Constraint		\N	2.0-rc7
initial-database-creation-170	mrego	src/main/resources/db.changelog-database.xml	2011-01-03 19:01:23.537189+01	170	EXECUTED	3:5f2cae397111f9c4c4112a513b9e811f	Add Foreign Key Constraint		\N	2.0-rc7
initial-database-creation-171	mrego	src/main/resources/db.changelog-database.xml	2011-01-03 19:01:23.611825+01	171	EXECUTED	3:0cd6d510389a9b5c7e7707baabf175d1	Add Foreign Key Constraint		\N	2.0-rc7
initial-database-creation-172	mrego	src/main/resources/db.changelog-database.xml	2011-01-03 19:01:23.695298+01	172	EXECUTED	3:1e0dbe21557bd995cc4e10c17b06ad77	Add Foreign Key Constraint		\N	2.0-rc7
initial-database-creation-173	mrego	src/main/resources/db.changelog-database.xml	2011-01-03 19:01:23.751359+01	173	EXECUTED	3:3c00120a79d285e58d49014dc3b3def2	Add Foreign Key Constraint		\N	2.0-rc7
initial-database-creation-174	mrego	src/main/resources/db.changelog-database.xml	2011-01-03 19:01:23.848766+01	174	EXECUTED	3:a5d223789fb73e1b821bdd45c72478c8	Add Foreign Key Constraint		\N	2.0-rc7
initial-database-creation-175	mrego	src/main/resources/db.changelog-database.xml	2011-01-03 19:01:23.908713+01	175	EXECUTED	3:b7e560667260a76220664084e75a699b	Add Foreign Key Constraint		\N	2.0-rc7
initial-database-creation-176	mrego	src/main/resources/db.changelog-database.xml	2011-01-03 19:01:23.979486+01	176	EXECUTED	3:a04c06f20662d01674c2481258088719	Add Foreign Key Constraint		\N	2.0-rc7
initial-database-creation-177	mrego	src/main/resources/db.changelog-database.xml	2011-01-03 19:01:24.046033+01	177	EXECUTED	3:eda6446777e754a9b28667808386fc07	Add Foreign Key Constraint		\N	2.0-rc7
initial-database-creation-178	mrego	src/main/resources/db.changelog-database.xml	2011-01-03 19:01:24.121368+01	178	EXECUTED	3:cc43a952d1f4e90ae8ca08a86400b5b8	Add Foreign Key Constraint		\N	2.0-rc7
initial-database-creation-179	mrego	src/main/resources/db.changelog-database.xml	2011-01-03 19:01:24.188224+01	179	EXECUTED	3:3b7feac7849308d546f9e32306a0337b	Add Foreign Key Constraint		\N	2.0-rc7
initial-database-creation-180	mrego	src/main/resources/db.changelog-database.xml	2011-01-03 19:01:24.255223+01	180	EXECUTED	3:626dfbab1f6c43cbf5eda15af6c2d0b4	Add Foreign Key Constraint		\N	2.0-rc7
initial-database-creation-181	mrego	src/main/resources/db.changelog-database.xml	2011-01-03 19:01:24.328163+01	181	EXECUTED	3:5d35e584fe5144871639463ab48448d9	Add Foreign Key Constraint		\N	2.0-rc7
initial-database-creation-182	mrego	src/main/resources/db.changelog-database.xml	2011-01-03 19:01:24.39476+01	182	EXECUTED	3:54f532733816ed1173eb0a0978bc5d80	Add Foreign Key Constraint		\N	2.0-rc7
initial-database-creation-183	mrego	src/main/resources/db.changelog-database.xml	2011-01-03 19:01:24.448324+01	183	EXECUTED	3:edf8db4cfb961a06787936314df7b94e	Add Foreign Key Constraint		\N	2.0-rc7
initial-database-creation-184	mrego	src/main/resources/db.changelog-database.xml	2011-01-03 19:01:24.516436+01	184	EXECUTED	3:1e122af08a912e15ee5c66f91b6c5bfa	Add Foreign Key Constraint		\N	2.0-rc7
initial-database-creation-185	mrego	src/main/resources/db.changelog-database.xml	2011-01-03 19:01:24.656032+01	185	EXECUTED	3:49c144bddd204a4b53a3fa24016b0be2	Add Foreign Key Constraint		\N	2.0-rc7
initial-database-creation-186	mrego	src/main/resources/db.changelog-database.xml	2011-01-03 19:01:24.762842+01	186	EXECUTED	3:7f27b6d4f3c5e0b00fb64f7131248b36	Add Foreign Key Constraint		\N	2.0-rc7
initial-database-creation-187	mrego	src/main/resources/db.changelog-database.xml	2011-01-03 19:01:24.835812+01	187	EXECUTED	3:9c92c633ec12d7a6df8b65c97ad0fa35	Add Foreign Key Constraint		\N	2.0-rc7
initial-database-creation-188	mrego	src/main/resources/db.changelog-database.xml	2011-01-03 19:01:24.89402+01	188	EXECUTED	3:94a94a8ce91fc86d16d4fa653a0d1453	Add Foreign Key Constraint		\N	2.0-rc7
initial-database-creation-189	mrego	src/main/resources/db.changelog-database.xml	2011-01-03 19:01:24.942248+01	189	EXECUTED	3:b338072cafac27857c87f450a2ad6c46	Add Foreign Key Constraint		\N	2.0-rc7
initial-database-creation-190	mrego	src/main/resources/db.changelog-database.xml	2011-01-03 19:01:25.288985+01	190	EXECUTED	3:9d5bd211cfd49f3b9fc91441f5eb908f	Add Foreign Key Constraint		\N	2.0-rc7
initial-database-creation-191	mrego	src/main/resources/db.changelog-database.xml	2011-01-03 19:01:25.366046+01	191	EXECUTED	3:bc7668fdd82c710bf043fa2f8a95dbeb	Add Foreign Key Constraint		\N	2.0-rc7
initial-database-creation-192	mrego	src/main/resources/db.changelog-database.xml	2011-01-03 19:01:25.428934+01	192	EXECUTED	3:9a377a1c95da43a4a33381c22ed4e951	Add Foreign Key Constraint		\N	2.0-rc7
initial-database-creation-193	mrego	src/main/resources/db.changelog-database.xml	2011-01-03 19:01:25.506331+01	193	EXECUTED	3:73a6387f780aa23e047099f18b15b50f	Add Foreign Key Constraint		\N	2.0-rc7
initial-database-creation-194	mrego	src/main/resources/db.changelog-database.xml	2011-01-03 19:01:25.573269+01	194	EXECUTED	3:8b99d9b4b1544d9b15595cfcc5e5ec4f	Add Foreign Key Constraint		\N	2.0-rc7
initial-database-creation-195	mrego	src/main/resources/db.changelog-database.xml	2011-01-03 19:01:25.644795+01	195	EXECUTED	3:c267aaa5cd192977a88171f504e04f29	Add Foreign Key Constraint		\N	2.0-rc7
initial-database-creation-196	mrego	src/main/resources/db.changelog-database.xml	2011-01-03 19:01:25.726094+01	196	EXECUTED	3:8667c573c47e4d0fbcc32caa84df333a	Add Foreign Key Constraint		\N	2.0-rc7
initial-database-creation-197	mrego	src/main/resources/db.changelog-database.xml	2011-01-03 19:01:25.796986+01	197	EXECUTED	3:f11c3d339e18a174df76d41cd195f9de	Add Foreign Key Constraint		\N	2.0-rc7
initial-database-creation-198	mrego	src/main/resources/db.changelog-database.xml	2011-01-03 19:01:25.888401+01	198	EXECUTED	3:05a89763fa1de7b97f16102791cfefed	Add Foreign Key Constraint		\N	2.0-rc7
initial-database-creation-199	mrego	src/main/resources/db.changelog-database.xml	2011-01-03 19:01:25.984235+01	199	EXECUTED	3:c14c67e4fab2a4378ba63d3da1fb628a	Add Foreign Key Constraint		\N	2.0-rc7
initial-database-creation-200	mrego	src/main/resources/db.changelog-database.xml	2011-01-03 19:01:26.064833+01	200	EXECUTED	3:382f1905a4228bd3e9f0c040c970cde3	Add Foreign Key Constraint		\N	2.0-rc7
initial-database-creation-201	mrego	src/main/resources/db.changelog-database.xml	2011-01-03 19:01:26.158292+01	201	EXECUTED	3:1bac4b4ae207d8838f091c32cb2df31e	Add Foreign Key Constraint		\N	2.0-rc7
initial-database-creation-202	mrego	src/main/resources/db.changelog-database.xml	2011-01-03 19:01:26.229025+01	202	EXECUTED	3:40a79714aa74711e54e351fd7ae769a8	Add Foreign Key Constraint		\N	2.0-rc7
initial-database-creation-203	mrego	src/main/resources/db.changelog-database.xml	2011-01-03 19:01:26.285951+01	203	EXECUTED	3:a1500cdb8370f8da80715f3150d2da41	Add Foreign Key Constraint		\N	2.0-rc7
initial-database-creation-204	mrego	src/main/resources/db.changelog-database.xml	2011-01-03 19:01:26.366017+01	204	EXECUTED	3:7ed433c571a7829ad2eb6e5389433468	Add Foreign Key Constraint		\N	2.0-rc7
initial-database-creation-205	mrego	src/main/resources/db.changelog-database.xml	2011-01-03 19:01:26.453616+01	205	EXECUTED	3:684a3d66bf7275618fdaf47f577dca5f	Add Foreign Key Constraint		\N	2.0-rc7
initial-database-creation-206	mrego	src/main/resources/db.changelog-database.xml	2011-01-03 19:01:26.549946+01	206	EXECUTED	3:f90e8c7e57222696be65ba1a75afe0e1	Add Foreign Key Constraint		\N	2.0-rc7
initial-database-creation-207	mrego	src/main/resources/db.changelog-database.xml	2011-01-03 19:01:26.631901+01	207	EXECUTED	3:d903424e7e44b1c1fb8c9d00bbaa5ff9	Add Foreign Key Constraint		\N	2.0-rc7
initial-database-creation-208	mrego	src/main/resources/db.changelog-database.xml	2011-01-03 19:01:26.726918+01	208	EXECUTED	3:6f03b7841548675d0c674dfc8a58a76a	Add Foreign Key Constraint		\N	2.0-rc7
initial-database-creation-209	mrego	src/main/resources/db.changelog-database.xml	2011-01-03 19:01:26.815274+01	209	EXECUTED	3:69684a0db21bbdbec2ffba0b151a73bd	Add Foreign Key Constraint		\N	2.0-rc7
initial-database-creation-210	mrego	src/main/resources/db.changelog-database.xml	2011-01-03 19:01:26.88822+01	210	EXECUTED	3:70d4db37a0127109f4e99eede4265e9e	Add Foreign Key Constraint		\N	2.0-rc7
initial-database-creation-211	mrego	src/main/resources/db.changelog-database.xml	2011-01-03 19:01:26.969115+01	211	EXECUTED	3:0dc5817e042530305a63787cd51c3d44	Add Foreign Key Constraint		\N	2.0-rc7
initial-database-creation-212	mrego	src/main/resources/db.changelog-database.xml	2011-01-03 19:01:27.053504+01	212	EXECUTED	3:1b87cb4d62001fa3a6cd5df2bfee271f	Add Foreign Key Constraint		\N	2.0-rc7
initial-database-creation-213	mrego	src/main/resources/db.changelog-database.xml	2011-01-03 19:01:27.141352+01	213	EXECUTED	3:43bb14279d4807f3bb02f8c800ac6ec6	Add Foreign Key Constraint		\N	2.0-rc7
initial-database-creation-214	mrego	src/main/resources/db.changelog-database.xml	2011-01-03 19:01:27.218596+01	214	EXECUTED	3:2250070459940c11e7ff31a4192c9355	Add Foreign Key Constraint		\N	2.0-rc7
initial-database-creation-215	mrego	src/main/resources/db.changelog-database.xml	2011-01-03 19:01:27.294246+01	215	EXECUTED	3:1abe6242372fb6a1b8b7d5ed11c40cf6	Add Foreign Key Constraint		\N	2.0-rc7
initial-database-creation-216	mrego	src/main/resources/db.changelog-database.xml	2011-01-03 19:01:27.366518+01	216	EXECUTED	3:365ccb2007a7db5a42a8558640d149e9	Add Foreign Key Constraint		\N	2.0-rc7
initial-database-creation-217	mrego	src/main/resources/db.changelog-database.xml	2011-01-03 19:01:27.463235+01	217	EXECUTED	3:ec8d6d84ea00f6c7ece30c6d1ada877d	Add Foreign Key Constraint		\N	2.0-rc7
initial-database-creation-218	mrego	src/main/resources/db.changelog-database.xml	2011-01-03 19:01:27.568219+01	218	EXECUTED	3:00a5c1aff60bf17c4f63c781d3d8868f	Add Foreign Key Constraint		\N	2.0-rc7
initial-database-creation-219	mrego	src/main/resources/db.changelog-database.xml	2011-01-03 19:01:27.644203+01	219	EXECUTED	3:80d78dda5a5d7a6e5b490c9b28841b16	Add Foreign Key Constraint		\N	2.0-rc7
initial-database-creation-220	mrego	src/main/resources/db.changelog-database.xml	2011-01-03 19:01:27.726506+01	220	EXECUTED	3:3a8fd566182b2a101e0e843990cfa8df	Add Foreign Key Constraint		\N	2.0-rc7
initial-database-creation-221	mrego	src/main/resources/db.changelog-database.xml	2011-01-03 19:01:27.798187+01	221	EXECUTED	3:229616a00b74e7128b9eeb41293cd91e	Add Foreign Key Constraint		\N	2.0-rc7
initial-database-creation-222	mrego	src/main/resources/db.changelog-database.xml	2011-01-03 19:01:27.858121+01	222	EXECUTED	3:ed9f60b9f8d7881c11360f2a020bdf4b	Add Foreign Key Constraint		\N	2.0-rc7
initial-database-creation-223	mrego	src/main/resources/db.changelog-database.xml	2011-01-03 19:01:27.930265+01	223	EXECUTED	3:fee2321152589ea84c5743175d4c180a	Add Foreign Key Constraint		\N	2.0-rc7
initial-database-creation-224	mrego	src/main/resources/db.changelog-database.xml	2011-01-03 19:01:28.011764+01	224	EXECUTED	3:f6ef1f3ee7da7a147539b46f9c1cf60b	Add Foreign Key Constraint		\N	2.0-rc7
initial-database-creation-225	mrego	src/main/resources/db.changelog-database.xml	2011-01-03 19:01:28.066366+01	225	EXECUTED	3:21557deb9ad7b4c25504862864502b1c	Add Foreign Key Constraint		\N	2.0-rc7
initial-database-creation-226	mrego	src/main/resources/db.changelog-database.xml	2011-01-03 19:01:28.14461+01	226	EXECUTED	3:24adfcd3a41ae5648ffc2002dae0e4ef	Add Foreign Key Constraint		\N	2.0-rc7
initial-database-creation-227	mrego	src/main/resources/db.changelog-database.xml	2011-01-03 19:01:28.211409+01	227	EXECUTED	3:bdd3cffbe9466ccbf6a1a791d61230fd	Add Foreign Key Constraint		\N	2.0-rc7
initial-database-creation-228	mrego	src/main/resources/db.changelog-database.xml	2011-01-03 19:01:28.288354+01	228	EXECUTED	3:2182868d8f52e97c110e8901f8e2fc34	Add Foreign Key Constraint		\N	2.0-rc7
initial-database-creation-229	mrego	src/main/resources/db.changelog-database.xml	2011-01-03 19:01:28.34529+01	229	EXECUTED	3:43b57b5e0d38ae69053bfcaf10d4ba8d	Add Foreign Key Constraint		\N	2.0-rc7
initial-database-creation-230	mrego	src/main/resources/db.changelog-database.xml	2011-01-03 19:01:28.411766+01	230	EXECUTED	3:96d1199f9a6a19da0e6bac41293cf0ab	Add Foreign Key Constraint		\N	2.0-rc7
initial-database-creation-231	mrego	src/main/resources/db.changelog-database.xml	2011-01-03 19:01:28.488988+01	231	EXECUTED	3:d493ad51ca6712c994efb741c1cd5cee	Add Foreign Key Constraint		\N	2.0-rc7
initial-database-creation-232	mrego	src/main/resources/db.changelog-database.xml	2011-01-03 19:01:28.556704+01	232	EXECUTED	3:611e912194a15238fe4fd70e46ecd271	Add Foreign Key Constraint		\N	2.0-rc7
initial-database-creation-233	mrego	src/main/resources/db.changelog-database.xml	2011-01-03 19:01:28.634379+01	233	EXECUTED	3:4823fd19347ba5a9c14b862fac025901	Add Foreign Key Constraint		\N	2.0-rc7
initial-database-creation-234	mrego	src/main/resources/db.changelog-database.xml	2011-01-03 19:01:28.703439+01	234	EXECUTED	3:7aa2f827cf3710d979cd5c62770417bb	Add Foreign Key Constraint		\N	2.0-rc7
initial-database-creation-235	mrego	src/main/resources/db.changelog-database.xml	2011-01-03 19:01:28.767832+01	235	EXECUTED	3:1d77a4d184e0f24891d62762883540af	Add Foreign Key Constraint		\N	2.0-rc7
initial-database-creation-236	mrego	src/main/resources/db.changelog-database.xml	2011-01-03 19:01:28.83486+01	236	EXECUTED	3:354ab31aec28364faae025882682084a	Add Foreign Key Constraint		\N	2.0-rc7
initial-database-creation-237	mrego	src/main/resources/db.changelog-database.xml	2011-01-03 19:01:28.904573+01	237	EXECUTED	3:fb6d4b2090d92c3a4d685cb13176ee98	Add Foreign Key Constraint		\N	2.0-rc7
initial-database-creation-238	mrego	src/main/resources/db.changelog-database.xml	2011-01-03 19:01:28.978189+01	238	EXECUTED	3:e91f5bf74998ca513288ed138c0da97d	Add Foreign Key Constraint		\N	2.0-rc7
initial-database-creation-239	mrego	src/main/resources/db.changelog-database.xml	2011-01-03 19:01:29.038281+01	239	EXECUTED	3:f07664fc56241ad077820f8da9bad209	Add Foreign Key Constraint		\N	2.0-rc7
initial-database-creation-240	mrego	src/main/resources/db.changelog-database.xml	2011-01-03 19:01:29.108261+01	240	EXECUTED	3:3cf705e46d55107e249d5a69dbfbe650	Add Foreign Key Constraint		\N	2.0-rc7
initial-database-creation-241	mrego	src/main/resources/db.changelog-database.xml	2011-01-03 19:01:29.169351+01	241	EXECUTED	3:3de02419d8b4096899d78e2cd84d7e0b	Add Foreign Key Constraint		\N	2.0-rc7
initial-database-creation-242	mrego	src/main/resources/db.changelog-database.xml	2011-01-03 19:01:29.236812+01	242	EXECUTED	3:4b074cd6de5562d41ae3506d8d4b35f3	Add Foreign Key Constraint		\N	2.0-rc7
initial-database-creation-243	mrego	src/main/resources/db.changelog-database.xml	2011-01-03 19:01:29.323514+01	243	EXECUTED	3:b577e13ab196e4c075b8be09841abb4a	Add Foreign Key Constraint		\N	2.0-rc7
initial-database-creation-244	mrego	src/main/resources/db.changelog-database.xml	2011-01-03 19:01:29.424043+01	244	EXECUTED	3:9ad3d17bbbac8f995a1313d24c37c816	Add Foreign Key Constraint		\N	2.0-rc7
initial-database-creation-245	mrego	src/main/resources/db.changelog-database.xml	2011-01-03 19:01:29.530098+01	245	EXECUTED	3:6ed5e004af84bf9f2cfe8858fd2a5693	Add Foreign Key Constraint		\N	2.0-rc7
initial-database-creation-246	mrego	src/main/resources/db.changelog-database.xml	2011-01-03 19:01:29.656649+01	246	EXECUTED	3:72287bc729bb6699bb3bc2210d12dfd4	Add Foreign Key Constraint		\N	2.0-rc7
initial-database-creation-247	mrego	src/main/resources/db.changelog-database.xml	2011-01-03 19:01:29.775235+01	247	EXECUTED	3:cb0dc7b3886d0b94d5052539bd683a16	Add Foreign Key Constraint		\N	2.0-rc7
initial-database-creation-248	mrego	src/main/resources/db.changelog-database.xml	2011-01-03 19:01:29.863963+01	248	EXECUTED	3:359b88a585529cbf0d688ded52661d0d	Add Foreign Key Constraint		\N	2.0-rc7
initial-database-creation-249	mrego	src/main/resources/db.changelog-database.xml	2011-01-03 19:01:29.941063+01	249	EXECUTED	3:bc3e3f311891541c94bafaa8250b3837	Add Foreign Key Constraint		\N	2.0-rc7
initial-database-creation-250	mrego	src/main/resources/db.changelog-database.xml	2011-01-03 19:01:29.993141+01	250	EXECUTED	3:873b0ba69634f01ec622ca9b24d9e70a	Add Foreign Key Constraint		\N	2.0-rc7
initial-database-creation-251	mrego	src/main/resources/db.changelog-database.xml	2011-01-03 19:01:30.090107+01	251	EXECUTED	3:c137a192ad74895a6049234b596fecb5	Add Foreign Key Constraint		\N	2.0-rc7
initial-database-creation-252	mrego	src/main/resources/db.changelog-database.xml	2011-01-03 19:01:30.184687+01	252	EXECUTED	3:793cd0492af23c4c209def47673ca914	Add Foreign Key Constraint		\N	2.0-rc7
initial-database-creation-253	mrego	src/main/resources/db.changelog-database.xml	2011-01-03 19:01:30.297378+01	253	EXECUTED	3:d76b0b4675c504576f872e68c5e9bda7	Add Foreign Key Constraint		\N	2.0-rc7
initial-database-creation-254	mrego	src/main/resources/db.changelog-database.xml	2011-01-03 19:01:30.364521+01	254	EXECUTED	3:eee13cf5dc3e864e56c6a9b03079578e	Add Foreign Key Constraint		\N	2.0-rc7
initial-database-creation-255	mrego	src/main/resources/db.changelog-database.xml	2011-01-03 19:01:30.458514+01	255	EXECUTED	3:f9088ee9f92067cab4b207d3aae3a37b	Add Foreign Key Constraint		\N	2.0-rc7
initial-database-creation-256	mrego	src/main/resources/db.changelog-database.xml	2011-01-03 19:01:30.536636+01	256	EXECUTED	3:e2326617f1c9b860249a0c0777ec20f6	Add Foreign Key Constraint		\N	2.0-rc7
initial-database-creation-257	mrego	src/main/resources/db.changelog-database.xml	2011-01-03 19:01:30.603672+01	257	EXECUTED	3:adf9400fc812eb6c8f7d32aa787742e6	Add Foreign Key Constraint		\N	2.0-rc7
initial-database-creation-258	mrego	src/main/resources/db.changelog-database.xml	2011-01-03 19:01:30.67044+01	258	EXECUTED	3:60fc7ab467e364cd6a3d72d2f4f1d736	Add Foreign Key Constraint		\N	2.0-rc7
initial-database-creation-259	mrego	src/main/resources/db.changelog-database.xml	2011-01-03 19:01:30.744113+01	259	EXECUTED	3:a6cacd22103e0447094d9a161d7b7445	Add Foreign Key Constraint		\N	2.0-rc7
initial-database-creation-260	mrego	src/main/resources/db.changelog-database.xml	2011-01-03 19:01:30.816347+01	260	EXECUTED	3:76bf1eb3a6880473927e7a101d037bd8	Add Foreign Key Constraint		\N	2.0-rc7
initial-database-creation-261	mrego	src/main/resources/db.changelog-database.xml	2011-01-03 19:01:30.905085+01	261	EXECUTED	3:5e2d94e8e56a7c57936a8bce78066b96	Add Foreign Key Constraint		\N	2.0-rc7
initial-database-creation-262	mrego	src/main/resources/db.changelog-database.xml	2011-01-03 19:01:30.982047+01	262	EXECUTED	3:b6e995091bd0a2aed951e2fbf3f215a3	Add Foreign Key Constraint		\N	2.0-rc7
initial-database-creation-263	mrego	src/main/resources/db.changelog-database.xml	2011-01-03 19:01:31.067009+01	263	EXECUTED	3:5a57fa35a8c7ca09756afcad21d8e86f	Add Foreign Key Constraint		\N	2.0-rc7
initial-database-creation-264	mrego	src/main/resources/db.changelog-database.xml	2011-01-03 19:01:31.149764+01	264	EXECUTED	3:a7fc2f018277eaaa7649fb46b6b27ab6	Add Foreign Key Constraint		\N	2.0-rc7
initial-database-creation-265	mrego	src/main/resources/db.changelog-database.xml	2011-01-03 19:01:31.256639+01	265	EXECUTED	3:528d191ec33204cee277f7312c49cc2c	Add Foreign Key Constraint		\N	2.0-rc7
initial-database-creation-266	mrego	src/main/resources/db.changelog-database.xml	2011-01-03 19:01:31.32738+01	266	EXECUTED	3:deb083face872d4d49b666a9b8bdfaba	Add Foreign Key Constraint		\N	2.0-rc7
initial-database-creation-267	mrego	src/main/resources/db.changelog-database.xml	2011-01-03 19:01:31.419863+01	267	EXECUTED	3:a7b87e7b2788c237ebeef3591092532e	Add Foreign Key Constraint		\N	2.0-rc7
initial-database-creation-268	mrego	src/main/resources/db.changelog-database.xml	2011-01-03 19:01:31.519569+01	268	EXECUTED	3:8e9f116ff4830eb847589e5b4e62852e	Add Foreign Key Constraint		\N	2.0-rc7
initial-database-creation-269	mrego	src/main/resources/db.changelog-database.xml	2011-01-03 19:01:31.621067+01	269	EXECUTED	3:595c174489187fc62b19670995c5cbff	Add Foreign Key Constraint		\N	2.0-rc7
initial-database-creation-270	mrego	src/main/resources/db.changelog-database.xml	2011-01-03 19:01:31.71607+01	270	EXECUTED	3:d7a769415b86b93205327adc4b037e45	Add Foreign Key Constraint		\N	2.0-rc7
initial-database-creation-271	mrego	src/main/resources/db.changelog-database.xml	2011-01-03 19:01:31.808842+01	271	EXECUTED	3:06906c810ec8b347c75867ab21f7dc4c	Add Foreign Key Constraint		\N	2.0-rc7
initial-database-creation-272	mrego	src/main/resources/db.changelog-database.xml	2011-01-03 19:01:31.877777+01	272	EXECUTED	3:a28d48ed75ff265b6472e9749f95d1a5	Add Foreign Key Constraint		\N	2.0-rc7
initial-database-creation-273	mrego	src/main/resources/db.changelog-database.xml	2011-01-03 19:01:31.953352+01	273	EXECUTED	3:5990b5955a764200dd54eb4dd3b0a7cf	Add Foreign Key Constraint		\N	2.0-rc7
initial-database-creation-274	mrego	src/main/resources/db.changelog-database.xml	2011-01-03 19:01:32.086937+01	274	EXECUTED	3:5d4cc1738a27175979f1c973b1bd5ea9	Add Foreign Key Constraint		\N	2.0-rc7
initial-database-creation-275	mrego	src/main/resources/db.changelog-database.xml	2011-01-03 19:01:32.195218+01	275	EXECUTED	3:d9130cc23b8afa27fd84f7c72d818efd	Add Foreign Key Constraint		\N	2.0-rc7
initial-database-creation-276	mrego	src/main/resources/db.changelog-database.xml	2011-01-03 19:01:32.301213+01	276	EXECUTED	3:18feaa2b4b9cbce46ea7b7a0c710de9f	Add Foreign Key Constraint		\N	2.0-rc7
initial-database-creation-277	mrego	src/main/resources/db.changelog-database.xml	2011-01-03 19:01:32.393192+01	277	EXECUTED	3:506fb6a53c157ce68105f451ad5958ff	Add Foreign Key Constraint		\N	2.0-rc7
initial-database-creation-278	mrego	src/main/resources/db.changelog-database.xml	2011-01-03 19:01:32.496541+01	278	EXECUTED	3:b02c658ae947d20ac0ee1d207ebd210e	Add Foreign Key Constraint		\N	2.0-rc7
initial-database-creation-279	mrego	src/main/resources/db.changelog-database.xml	2011-01-03 19:01:32.610068+01	279	EXECUTED	3:c346d8903750d250fabc343064880e6f	Add Foreign Key Constraint		\N	2.0-rc7
initial-database-creation-280	mrego	src/main/resources/db.changelog-database.xml	2011-01-03 19:01:32.734712+01	280	EXECUTED	3:37fcf9ad58b891a096b9c95f4ea57b58	Add Foreign Key Constraint		\N	2.0-rc7
initial-database-creation-281	mrego	src/main/resources/db.changelog-database.xml	2011-01-03 19:01:32.846984+01	281	EXECUTED	3:611486b58c51ad97deab489a17b23e2e	Add Foreign Key Constraint		\N	2.0-rc7
initial-database-creation-282	mrego	src/main/resources/db.changelog-database.xml	2011-01-03 19:01:32.930735+01	282	EXECUTED	3:0efe8669ed086af6da655a53d4ced916	Add Foreign Key Constraint		\N	2.0-rc7
initial-database-creation-283	mrego	src/main/resources/db.changelog-database.xml	2011-01-03 19:01:32.965043+01	283	EXECUTED	3:730ece3259ea1ee3ffa53563790465d8	Add Foreign Key Constraint		\N	2.0-rc7
initial-database-creation-284	mrego	src/main/resources/db.changelog-database.xml	2011-01-03 19:01:33.043789+01	284	EXECUTED	3:5eb111d4b478c0c9a66a3a4a112c1c6b	Add Foreign Key Constraint		\N	2.0-rc7
initial-database-creation-285	mrego	src/main/resources/db.changelog-database.xml	2011-01-03 19:01:33.108769+01	285	EXECUTED	3:b7d27d03ee27cc13c76c5262d518b876	Add Foreign Key Constraint		\N	2.0-rc7
initial-database-creation-286	mrego	src/main/resources/db.changelog-database.xml	2011-01-03 19:01:33.190713+01	286	EXECUTED	3:3663d9ecd66964bffcc07bcfce7bdcdc	Add Foreign Key Constraint		\N	2.0-rc7
initial-database-creation-287	mrego	src/main/resources/db.changelog-database.xml	2011-01-03 19:01:33.322889+01	287	EXECUTED	3:35e0a6356d11ed9dfe53c300b9e2ffee	Add Foreign Key Constraint		\N	2.0-rc7
initial-database-creation-288	mrego	src/main/resources/db.changelog-database.xml	2011-01-03 19:01:33.406927+01	288	EXECUTED	3:4ae0336d6b9d807036d03ad041b67052	Add Foreign Key Constraint		\N	2.0-rc7
initial-database-creation-289	mrego	src/main/resources/db.changelog-database.xml	2011-01-03 19:01:33.484125+01	289	EXECUTED	3:2da61d1b760209a704e29bfa4a22455e	Add Foreign Key Constraint		\N	2.0-rc7
initial-database-creation-290	mrego	src/main/resources/db.changelog-database.xml	2011-01-03 19:01:33.555757+01	290	EXECUTED	3:2604fb5ddeccc31b1dccd4cd0bad4342	Add Foreign Key Constraint		\N	2.0-rc7
initial-database-creation-291	mrego	src/main/resources/db.changelog-database.xml	2011-01-03 19:01:33.64845+01	291	EXECUTED	3:da9d240fdde86539e1580b84687e0189	Add Foreign Key Constraint		\N	2.0-rc7
initial-database-creation-292	mrego	src/main/resources/db.changelog-database.xml	2011-01-03 19:01:33.705358+01	292	EXECUTED	3:0dc9aa5380e9a48fe9aaf306235988a4	Add Foreign Key Constraint		\N	2.0-rc7
initial-database-creation-293	mrego	src/main/resources/db.changelog-database.xml	2011-01-03 19:01:33.784771+01	293	EXECUTED	3:58c6315352f7cefbddeb9b3a38d1e140	Add Foreign Key Constraint		\N	2.0-rc7
initial-database-creation-294	mrego	src/main/resources/db.changelog-database.xml	2011-01-03 19:01:33.9311+01	294	EXECUTED	3:91398a7f542f90a13d1f857ca3937de1	Add Foreign Key Constraint		\N	2.0-rc7
initial-database-creation-295	mrego	src/main/resources/db.changelog-database.xml	2011-01-03 19:01:34.023975+01	295	EXECUTED	3:5395eb857489412499e37c691ea36b8f	Add Foreign Key Constraint		\N	2.0-rc7
initial-database-creation-296	mrego	src/main/resources/db.changelog-database.xml	2011-01-03 19:01:34.118607+01	296	EXECUTED	3:494a1128a80caad8d24c5f3574ef6edd	Add Foreign Key Constraint		\N	2.0-rc7
initial-database-creation-297	mrego	src/main/resources/db.changelog-database.xml	2011-01-03 19:01:34.185312+01	297	EXECUTED	3:fa3b4dd73dd82e3a26c6563c9828fba3	Add Foreign Key Constraint		\N	2.0-rc7
initial-database-creation-298	mrego	src/main/resources/db.changelog-database.xml	2011-01-03 19:01:34.269917+01	298	EXECUTED	3:e83453938c668f856d1df1537ec25d37	Add Foreign Key Constraint		\N	2.0-rc7
initial-database-creation-299	mrego	src/main/resources/db.changelog-database.xml	2011-01-03 19:01:34.358128+01	299	EXECUTED	3:c5655c084990797f73bf295660881932	Add Foreign Key Constraint		\N	2.0-rc7
initial-database-creation-300	mrego	src/main/resources/db.changelog-database.xml	2011-01-03 19:01:34.441554+01	300	EXECUTED	3:4747b6b28b49b810444aa6af7c133fab	Add Foreign Key Constraint		\N	2.0-rc7
initial-database-creation-301	mrego	src/main/resources/db.changelog-database.xml	2011-01-03 19:01:34.510857+01	301	EXECUTED	3:f73d714400c8712c0715e2da673e9509	Add Foreign Key Constraint		\N	2.0-rc7
initial-database-creation-302	mrego	src/main/resources/db.changelog-database.xml	2011-01-03 19:01:34.576271+01	302	EXECUTED	3:4d50b8c05ded66b150571543bcd91a37	Add Foreign Key Constraint		\N	2.0-rc7
initial-database-creation-303	mrego	src/main/resources/db.changelog-database.xml	2011-01-03 19:01:34.654533+01	303	EXECUTED	3:7a5e18b1ed8e9813ca4920bd0856ecd0	Add Foreign Key Constraint		\N	2.0-rc7
initial-database-creation-304	mrego	src/main/resources/db.changelog-database.xml	2011-01-03 19:01:34.742788+01	304	EXECUTED	3:e52f19afd5f5966cff359311b4c3acac	Add Foreign Key Constraint		\N	2.0-rc7
initial-database-creation-305	mrego	src/main/resources/db.changelog-database.xml	2011-01-03 19:01:34.823711+01	305	EXECUTED	3:8548d763866edc7944ec1b0facb1560f	Add Foreign Key Constraint		\N	2.0-rc7
initial-database-creation-306	mrego	src/main/resources/db.changelog-database.xml	2011-01-03 19:01:34.913288+01	306	EXECUTED	3:fc14a87fde20c7151888cea5c48c6f39	Add Foreign Key Constraint		\N	2.0-rc7
initial-database-creation-307	mrego	src/main/resources/db.changelog-database.xml	2011-01-03 19:01:34.991147+01	307	EXECUTED	3:23a513bb939d6d2751a1550188c32222	Add Foreign Key Constraint		\N	2.0-rc7
initial-database-creation-308	mrego	src/main/resources/db.changelog-database.xml	2011-01-03 19:01:35.078531+01	308	EXECUTED	3:4144c0d934e5fd823f19ef91da210ffa	Add Foreign Key Constraint		\N	2.0-rc7
initial-database-creation-309	mrego	src/main/resources/db.changelog-database.xml	2011-01-03 19:01:35.129172+01	309	EXECUTED	3:c0d764328d333e644989448a4cd480bb	Add Foreign Key Constraint		\N	2.0-rc7
initial-database-creation-310	mrego	src/main/resources/db.changelog-database.xml	2011-01-03 19:01:35.256308+01	310	EXECUTED	3:461ea2548e20f99478f3203dbf33bc16	Add Foreign Key Constraint		\N	2.0-rc7
initial-database-creation-311	mrego	src/main/resources/db.changelog-database.xml	2011-01-03 19:01:35.33304+01	311	EXECUTED	3:3eeefe2f703d57218dde9b05fcdbc5cf	Add Foreign Key Constraint		\N	2.0-rc7
initial-database-creation-312	mrego	src/main/resources/db.changelog-database.xml	2011-01-03 19:01:35.400331+01	312	EXECUTED	3:564cd8aac65a0319c9c3c75a486ace41	Add Foreign Key Constraint		\N	2.0-rc7
initial-database-creation-313	mrego	src/main/resources/db.changelog-database.xml	2011-01-03 19:01:35.490224+01	313	EXECUTED	3:48d80e1c9868d51d687680b42fe47f3d	Add Foreign Key Constraint		\N	2.0-rc7
initial-database-creation-314	mrego	src/main/resources/db.changelog-database.xml	2011-01-03 19:01:35.589586+01	314	EXECUTED	3:6c6213c38e211d11aa77f0766a18e1fe	Add Foreign Key Constraint		\N	2.0-rc7
initial-database-creation-315	mrego	src/main/resources/db.changelog-database.xml	2011-01-03 19:01:35.66002+01	315	EXECUTED	3:f522ccbad33e6a463b265e241c4ae0db	Add Foreign Key Constraint		\N	2.0-rc7
initial-database-creation-316	mrego	src/main/resources/db.changelog-database.xml	2011-01-03 19:01:35.74572+01	316	EXECUTED	3:e5777dd44529b270c7514bc322d72105	Add Foreign Key Constraint		\N	2.0-rc7
initial-database-creation-317	mrego	src/main/resources/db.changelog-database.xml	2011-01-03 19:01:35.828411+01	317	EXECUTED	3:5a1c1fb8b9f6cce7fbaa03b255b5a033	Add Foreign Key Constraint		\N	2.0-rc7
initial-database-creation-318	mrego	src/main/resources/db.changelog-database.xml	2011-01-03 19:01:35.90093+01	318	EXECUTED	3:ad070f00871b05e431528e34c3f09cde	Add Foreign Key Constraint		\N	2.0-rc7
initial-database-creation-319	mrego	src/main/resources/db.changelog-database.xml	2011-01-03 19:01:35.993797+01	319	EXECUTED	3:1dde4f2407d314306ae29ad174d98de3	Create Table		\N	2.0-rc7
initial-database-creation-320	mrego	src/main/resources/db.changelog-database.xml	2011-01-03 19:01:36.069177+01	320	EXECUTED	3:5a5608b194d0ec72e2b8f53675ff8de0	Insert Row		\N	2.0-rc7
resize-precision-in-planning_data	dpino	src/main/resources/db.changelog-initial.xml	2011-01-03 19:01:36.218882+01	321	EXECUTED	3:3ee94e7e64b7ed2592dfb71db6923a1c	Modify data type (x2)	Resize precision for 'progress_by_duration' and 'progress_by_num_hours' fields	\N	2.0-rc7
add-company-logo-url-configuration-setting	ltilve	src/main/resources/db.changelog-initial.xml	2011-01-03 19:01:36.368009+01	322	EXECUTED	3:009cd5341d49b5415bf7ec539de24c79	Add Column, Update Data	Add new column with configuration setting	\N	2.0-rc7
add scheduling mode	ogonzalez	src/main/resources/db.changelog-initial.xml	2011-01-03 19:01:36.467461+01	323	EXECUTED	3:8a4ed0c0131906744a85a38278180e13	Add Column, Update Data	column for org.navalplanner.business.orders.entities.Order.schedulingMode	\N	2.0-rc7
rename start_constraint_type in task and task milestone	ogonzalez	src/main/resources/db.changelog-initial.xml	2011-01-03 19:01:36.526532+01	324	EXECUTED	3:0ba5792ffc0bff2a1ce571047b008796	Rename Column (x2)	Caused by renaming org.navalplanner.business.planner.entities.TaskPositionConstraint.startConstraintType	\N	2.0-rc7
add-scenarios-enabled-configuration-setting	ltilve	src/main/resources/db.changelog-initial.xml	2011-01-03 19:01:36.621482+01	325	EXECUTED	3:53d99bb420a0c55c8eaa9389e3fc0ed5	Add Column, Update Data	Add new column with scenarios visibility flag	\N	2.0-rc7
\.


--
-- Data for Name: databasechangeloglock; Type: TABLE DATA; Schema: public; Owner: naval
--

COPY databasechangeloglock (id, locked, lockgranted, lockedby) FROM stdin;
1	f	\N	\N
\.


--
-- Data for Name: day_assignment; Type: TABLE DATA; Schema: public; Owner: naval
--

COPY day_assignment (id, day_assignment_type, version, duration, consolidated, day, resource_id, specific_container_id, generic_container_id, derived_container_id) FROM stdin;
3012	generic_day	0	7488	f	2011-01-17	1318	\N	3033	\N
3013	generic_day	0	0	f	2011-01-16	1318	\N	3033	\N
3014	generic_day	0	0	f	2011-01-09	1320	\N	3033	\N
3015	generic_day	0	0	f	2011-01-15	1320	\N	3033	\N
3016	generic_day	0	7488	f	2011-01-12	1320	\N	3033	\N
3017	generic_day	0	7488	f	2011-01-14	1318	\N	3033	\N
3018	generic_day	0	0	f	2011-01-09	1318	\N	3033	\N
3019	generic_day	0	7488	f	2011-01-10	1320	\N	3033	\N
3020	generic_day	0	7488	f	2011-01-11	1320	\N	3033	\N
3021	generic_day	0	7488	f	2011-01-11	1318	\N	3033	\N
2960	specific_day	3	0	f	2011-01-22	1314	2828	\N	\N
2931	specific_day	3	0	f	2011-01-30	1314	2828	\N	\N
2952	specific_day	3	14400	f	2011-01-20	1314	2828	\N	\N
2930	specific_day	3	14400	f	2011-01-24	1314	2828	\N	\N
2946	specific_day	3	14400	f	2011-01-17	1314	2828	\N	\N
2940	specific_day	3	14400	f	2011-01-21	1314	2828	\N	\N
2937	specific_day	3	14400	f	2011-01-05	1314	2828	\N	\N
2957	specific_day	3	14400	f	2011-02-04	1314	2828	\N	\N
2959	specific_day	3	14400	f	2011-01-06	1314	2828	\N	\N
2962	specific_day	3	14400	f	2011-02-01	1314	2828	\N	\N
2941	specific_day	3	14400	f	2011-01-11	1314	2828	\N	\N
2950	specific_day	3	14400	f	2011-01-25	1314	2828	\N	\N
2936	specific_day	3	14400	f	2011-01-07	1314	2828	\N	\N
2949	specific_day	3	14400	f	2011-01-18	1314	2828	\N	\N
2945	specific_day	3	0	f	2011-01-15	1314	2828	\N	\N
2944	specific_day	3	0	f	2011-01-08	1314	2828	\N	\N
2963	specific_day	3	14400	f	2011-01-14	1314	2828	\N	\N
2932	specific_day	3	0	f	2011-01-23	1314	2828	\N	\N
2958	specific_day	3	14400	f	2011-01-28	1314	2828	\N	\N
2942	specific_day	3	14400	f	2011-01-31	1314	2828	\N	\N
2947	specific_day	3	14400	f	2011-02-07	1314	2828	\N	\N
2939	specific_day	3	0	f	2011-02-05	1314	2828	\N	\N
2954	specific_day	3	14400	f	2011-01-13	1314	2828	\N	\N
2929	specific_day	3	0	f	2011-01-29	1314	2828	\N	\N
2933	specific_day	3	14400	f	2011-01-26	1314	2828	\N	\N
2943	specific_day	3	14400	f	2011-01-04	1314	2828	\N	\N
2935	specific_day	3	14400	f	2011-02-02	1314	2828	\N	\N
2955	specific_day	3	14400	f	2011-02-03	1314	2828	\N	\N
2953	specific_day	3	14400	f	2011-01-19	1314	2828	\N	\N
2956	specific_day	3	14400	f	2011-01-27	1314	2828	\N	\N
2951	specific_day	3	14400	f	2011-01-12	1314	2828	\N	\N
2961	specific_day	3	14400	f	2011-01-10	1314	2828	\N	\N
2938	specific_day	3	0	f	2011-02-06	1314	2828	\N	\N
2948	specific_day	3	0	f	2011-01-16	1314	2828	\N	\N
2994	generic_day	0	24048	f	2011-01-05	1318	\N	3031	\N
2995	generic_day	0	24048	f	2011-01-05	1320	\N	3031	\N
2996	generic_day	0	11952	f	2011-01-06	1320	\N	3031	\N
2997	generic_day	0	11952	f	2011-01-06	1318	\N	3031	\N
3022	generic_day	0	7488	f	2011-01-13	1318	\N	3033	\N
3023	generic_day	0	7488	f	2011-01-07	1318	\N	3033	\N
3024	generic_day	0	1584	f	2011-01-18	1320	\N	3033	\N
3025	generic_day	0	7488	f	2011-01-10	1318	\N	3033	\N
3026	generic_day	0	0	f	2011-01-16	1320	\N	3033	\N
3027	generic_day	0	7488	f	2011-01-12	1318	\N	3033	\N
3028	generic_day	0	0	f	2011-01-08	1318	\N	3033	\N
3029	generic_day	0	7488	f	2011-01-14	1320	\N	3033	\N
2968	generic_day	2	0	f	2011-01-09	1314	\N	3030	\N
3006	generic_day	2	14400	f	2011-01-11	1318	\N	3032	\N
3003	generic_day	2	14400	f	2011-01-07	1318	\N	3032	\N
3002	generic_day	2	14400	f	2011-01-05	1318	\N	3032	\N
3004	generic_day	2	14400	f	2011-01-06	1320	\N	3032	\N
3009	generic_day	2	14400	f	2011-01-06	1318	\N	3032	\N
3011	generic_day	2	0	f	2011-01-09	1318	\N	3032	\N
3008	generic_day	2	14400	f	2011-01-10	1318	\N	3032	\N
3000	generic_day	2	0	f	2011-01-08	1320	\N	3032	\N
3007	generic_day	2	0	f	2011-01-09	1320	\N	3032	\N
3005	generic_day	2	14400	f	2011-01-05	1320	\N	3032	\N
3010	generic_day	2	14400	f	2011-01-07	1320	\N	3032	\N
2998	generic_day	2	0	f	2011-01-08	1318	\N	3032	\N
3131	generic_day	0	0	f	2011-01-08	1320	\N	3033	\N
3132	generic_day	0	0	f	2011-01-15	1318	\N	3033	\N
3133	generic_day	0	7488	f	2011-01-13	1320	\N	3033	\N
2969	generic_day	2	20448	f	2011-01-06	1314	\N	3030	\N
2971	generic_day	2	0	f	2011-01-08	1314	\N	3030	\N
2965	generic_day	2	20448	f	2011-01-07	1314	\N	3030	\N
2974	generic_day	2	0	f	2011-01-08	1316	\N	3030	\N
2964	generic_day	2	14112	f	2011-01-10	1316	\N	3030	\N
2966	generic_day	2	0	f	2011-01-10	1314	\N	3030	\N
2975	generic_day	2	34848	f	2011-01-07	1316	\N	3030	\N
2970	generic_day	2	34848	f	2011-01-05	1316	\N	3030	\N
2967	generic_day	2	34848	f	2011-01-06	1316	\N	3030	\N
2972	generic_day	2	20448	f	2011-01-05	1314	\N	3030	\N
2973	generic_day	2	0	f	2011-01-09	1316	\N	3030	\N
2934	specific_day	3	0	f	2011-01-09	1314	2828	\N	\N
3134	generic_day	0	7488	f	2011-01-17	1320	\N	3033	\N
3135	generic_day	0	7488	f	2011-01-07	1320	\N	3033	\N
3136	generic_day	0	1584	f	2011-01-18	1318	\N	3033	\N
3001	generic_day	2	14400	f	2011-01-11	1320	\N	3032	\N
2999	generic_day	2	14400	f	2011-01-10	1320	\N	3032	\N
\.


--
-- Data for Name: dependency; Type: TABLE DATA; Schema: public; Owner: naval
--

COPY dependency (id, version, origin, destination, queue_dependency, type) FROM stdin;
\.


--
-- Data for Name: derived_allocation; Type: TABLE DATA; Schema: public; Owner: naval
--

COPY derived_allocation (id, version, resource_allocation_id, configurationunit) FROM stdin;
\.


--
-- Data for Name: derived_day_assignments_container; Type: TABLE DATA; Schema: public; Owner: naval
--

COPY derived_day_assignments_container (id, version, derived_allocation_id, scenario) FROM stdin;
\.


--
-- Data for Name: description_values; Type: TABLE DATA; Schema: public; Owner: naval
--

COPY description_values (description_value_id, fieldname, value) FROM stdin;
\.


--
-- Data for Name: description_values_in_line; Type: TABLE DATA; Schema: public; Owner: naval
--

COPY description_values_in_line (description_value_id, field_name, value) FROM stdin;
\.


--
-- Data for Name: direct_advance_assignment; Type: TABLE DATA; Schema: public; Owner: naval
--

COPY direct_advance_assignment (advance_assignment_id, direct_order_element_id, max_value) FROM stdin;
2427	1930	100.00
2424	1925	100.00
2428	1931	100.00
2429	1938	100.00
2432	1941	100.00
\.


--
-- Data for Name: effort_per_day; Type: TABLE DATA; Schema: public; Owner: naval
--

COPY effort_per_day (base_calendar_id, effort, day_id) FROM stdin;
303	28800	0
303	28800	1
303	28800	2
303	28800	3
303	28800	4
303	0	5
303	0	6
\.


--
-- Data for Name: entity_sequence; Type: TABLE DATA; Schema: public; Owner: naval
--

COPY entity_sequence (id, version, entity_name, prefix, last_value, number_of_digits, active) FROM stdin;
112	14	11	CALENDAR_EXCEPTION_TYPE	6	5	t
109	12	8	MATERIAL_CATEGORY	1	5	t
106	22	5	UNIT_TYPE	8	5	t
102	27	1	CRITERION	9	5	t
105	19	4	WORKER	4	5	t
114	10	13	RESOURCE_CALENDAR	4	5	t
115	9	14	CRITERION_SATISFACTION	4	5	t
101	21	0	ORDER	2	5	t
103	17	2	LABEL	0	5	t
104	16	3	MACHINE	0	5	t
107	13	6	CALENDAR	1	5	t
108	12	7	WORK_HOURS_TYPE	0	5	t
110	10	9	WORK_REPORT	0	5	t
111	9	10	WORKREPORTTYPE	0	5	t
113	7	12	COST_CATEGORY	0	5	t
116	4	15	RESOURCE_COST_CATEGORY_ASSIGNMENT	0	5	t
\.


--
-- Data for Name: external_company; Type: TABLE DATA; Schema: public; Owner: naval
--

COPY external_company (id, version, name, nif, client, subcontractor, interacts_with_applications, app_uri, our_company_login, our_company_password, company_user) FROM stdin;
1818	1	Coca-Cola	1L	t	f	f	\N	\N	\N	\N
1819	1	Pepsi-Cola	1D	t	f	f	\N	\N	\N	\N
1820	2	Igalia	4L	t	f	f	\N	\N	\N	1212
1821	1	Kiss	9L	t	f	f	\N	\N	\N	\N
1823	1	Audi	10L	t	f	f	\N	\N	\N	\N
\.


--
-- Data for Name: generic_day_assignments_container; Type: TABLE DATA; Schema: public; Owner: naval
--

COPY generic_day_assignments_container (id, version, resource_allocation_id, scenario, start_date, duration_start_in_first_day, end_date, duration_in_last_day) FROM stdin;
3030	2	2728	808	2011-01-04	0	2011-01-10	14112
3031	0	2734	808	2011-01-04	0	2011-01-06	23904
3032	2	2735	808	2011-01-04	0	2011-01-12	0
3033	0	2736	808	2011-01-07	0	2011-01-18	3168
\.


--
-- Data for Name: generic_resource_allocation; Type: TABLE DATA; Schema: public; Owner: naval
--

COPY generic_resource_allocation (resource_allocation_id, resource_type) FROM stdin;
2734	0
2728	0
2736	0
2735	0
\.


--
-- Data for Name: heading_field; Type: TABLE DATA; Schema: public; Owner: naval
--

COPY heading_field (heading_id, fieldname, length, positionnumber) FROM stdin;
\.


--
-- Data for Name: hibernate_unique_key; Type: TABLE DATA; Schema: public; Owner: naval
--

COPY hibernate_unique_key (next_hi) FROM stdin;
32
\.


--
-- Data for Name: hour_cost; Type: TABLE DATA; Schema: public; Owner: naval
--

COPY hour_cost (id, version, code, price_cost, init_date, end_date, type_of_work_hours_id, cost_category_id) FROM stdin;
\.


--
-- Data for Name: hours_group; Type: TABLE DATA; Schema: public; Owner: naval
--

COPY hours_group (id, version, code, resource_type, working_hours, percentage, fixed_percentage, parent_order_line, order_line_template) FROM stdin;
2325	8	ORDER00001-00001-00001	WORKER	100	1.00	f	1925	\N
2331	6	ORDER00001-00003-00001	WORKER	20	1.00	f	1931	\N
2330	6	ORDER00001-00002-00001	WORKER	50	1.00	f	1930	\N
2337	3	ORDER00002-00002-00001	WORKER	30	1.00	f	1941	\N
2334	6	ORDER00002-00001-00001	WORKER	40	1.00	f	1938	\N
\.


--
-- Data for Name: indirect_advance_assignment; Type: TABLE DATA; Schema: public; Owner: naval
--

COPY indirect_advance_assignment (advance_assignment_id, indirect_order_element_id) FROM stdin;
2426	1924
2425	1924
2431	1937
2430	1937
\.


--
-- Data for Name: label; Type: TABLE DATA; Schema: public; Owner: naval
--

COPY label (id, version, code, name, label_type_id) FROM stdin;
\.


--
-- Data for Name: label_type; Type: TABLE DATA; Schema: public; Owner: naval
--

COPY label_type (id, version, code, name, code_autogenerated, last_label_sequence_code) FROM stdin;
\.


--
-- Data for Name: limiting_resource_queue; Type: TABLE DATA; Schema: public; Owner: naval
--

COPY limiting_resource_queue (id, version, resource_id) FROM stdin;
\.


--
-- Data for Name: limiting_resource_queue_dependency; Type: TABLE DATA; Schema: public; Owner: naval
--

COPY limiting_resource_queue_dependency (id, type, origin_queue_element_id, destiny_queue_element_id) FROM stdin;
\.


--
-- Data for Name: limiting_resource_queue_element; Type: TABLE DATA; Schema: public; Owner: naval
--

COPY limiting_resource_queue_element (id, version, resource_allocation_id, limiting_resource_queue_id, earlier_start_date_because_of_gantt, earliest_end_date_because_of_gantt, creation_timestamp, start_date, start_hour, end_date, end_hour) FROM stdin;
\.


--
-- Data for Name: line_field; Type: TABLE DATA; Schema: public; Owner: naval
--

COPY line_field (heading_id, fieldname, length, positionnumber) FROM stdin;
\.


--
-- Data for Name: machine; Type: TABLE DATA; Schema: public; Owner: naval
--

COPY machine (machine_id, name, description) FROM stdin;
\.


--
-- Data for Name: machine_configuration_unit_required_criterions; Type: TABLE DATA; Schema: public; Owner: naval
--

COPY machine_configuration_unit_required_criterions (id, criterion_id) FROM stdin;
\.


--
-- Data for Name: machine_worker_assignment; Type: TABLE DATA; Schema: public; Owner: naval
--

COPY machine_worker_assignment (id, version, start_date, finish_date, configuration_id, worker_id) FROM stdin;
\.


--
-- Data for Name: machine_workers_configuration_unit; Type: TABLE DATA; Schema: public; Owner: naval
--

COPY machine_workers_configuration_unit (id, version, name, alpha, machine) FROM stdin;
\.


--
-- Data for Name: material; Type: TABLE DATA; Schema: public; Owner: naval
--

COPY material (id, version, code, description, default_unit_price, unit_type, disabled, category_id) FROM stdin;
\.


--
-- Data for Name: material_assigment; Type: TABLE DATA; Schema: public; Owner: naval
--

COPY material_assigment (id, version, units, unit_price, material_id, estimated_availability, status, order_element_id) FROM stdin;
\.


--
-- Data for Name: material_assigment_template; Type: TABLE DATA; Schema: public; Owner: naval
--

COPY material_assigment_template (id, version, units, unit_price, material_id, order_element_template_id) FROM stdin;
\.


--
-- Data for Name: material_category; Type: TABLE DATA; Schema: public; Owner: naval
--

COPY material_category (id, version, code, name, code_autogenerated, last_material_sequence_code, parent_id) FROM stdin;
1010	1	MATERIAL_CATEGORY00001	Imported materials without category	t	0	\N
\.


--
-- Data for Name: order_authorization; Type: TABLE DATA; Schema: public; Owner: naval
--

COPY order_authorization (id, order_authorization_subclass, version, authorization_type, order_id, user_id, profile_id) FROM stdin;
2626	user	3	WRITE_AUTHORIZATION	1924	1213	\N
2627	user	2	WRITE_AUTHORIZATION	1937	1213	\N
\.


--
-- Data for Name: order_element; Type: TABLE DATA; Schema: public; Owner: naval
--

COPY order_element (id, version, name, description, code, init_date, deadline, last_advance_meausurement_for_spreading, dirty_last_advance_measurement_for_spreading, parent, template, external_code, sum_charged_hours_id, position_in_container) FROM stdin;
1930	6	elem 2	\N	ORDER00001-00002	\N	\N	0.00	f	1924	\N	\N	2039	1
1924	9	Project 1	\N	ORDER00001	2011-01-04 12:28:34.491+01	\N	0.00	f	\N	\N	\N	2025	\N
1925	8	elem 1	\N	ORDER00001-00001	\N	\N	0.00	f	1924	\N	\N	2026	0
1931	6	elem 3	\N	ORDER00001-00003	\N	\N	0.00	f	1924	\N	\N	2040	2
1938	6	task 1	\N	ORDER00002-00001	\N	\N	0.00	f	1937	\N	\N	2047	0
1937	7	Project 2	\N	ORDER00002	2011-01-04 13:06:30.286+01	\N	0.00	f	\N	\N	\N	2046	\N
1941	3	task 2	\N	ORDER00002-00002	\N	\N	0.00	f	1937	\N	\N	2050	1
\.


--
-- Data for Name: order_element_label; Type: TABLE DATA; Schema: public; Owner: naval
--

COPY order_element_label (order_element_id, label_id) FROM stdin;
\.


--
-- Data for Name: order_element_template; Type: TABLE DATA; Schema: public; Owner: naval
--

COPY order_element_template (id, version, name, description, code, start_as_days_from_beginning, deadline_as_days_from_beginning, scheduling_state_type, parent, position_in_container) FROM stdin;
\.


--
-- Data for Name: order_element_template_label; Type: TABLE DATA; Schema: public; Owner: naval
--

COPY order_element_template_label (order_element_template_id, label_id) FROM stdin;
\.


--
-- Data for Name: order_element_template_quality_form; Type: TABLE DATA; Schema: public; Owner: naval
--

COPY order_element_template_quality_form (order_element_template_id, quality_form_id) FROM stdin;
\.


--
-- Data for Name: order_line; Type: TABLE DATA; Schema: public; Owner: naval
--

COPY order_line (order_element_id, last_hours_group_sequence_code) FROM stdin;
1930	1
1925	1
1931	1
1938	1
1941	1
\.


--
-- Data for Name: order_line_group; Type: TABLE DATA; Schema: public; Owner: naval
--

COPY order_line_group (order_element_id) FROM stdin;
1924
1937
\.


--
-- Data for Name: order_line_group_template; Type: TABLE DATA; Schema: public; Owner: naval
--

COPY order_line_group_template (group_template_id) FROM stdin;
\.


--
-- Data for Name: order_line_template; Type: TABLE DATA; Schema: public; Owner: naval
--

COPY order_line_template (order_line_template_id, last_hours_group_sequence_code) FROM stdin;
\.


--
-- Data for Name: order_table; Type: TABLE DATA; Schema: public; Owner: naval
--

COPY order_table (order_element_id, responsible, dependencies_constraints_have_priority, code_autogenerated, last_order_element_sequence_code, work_budget, materials_budget, total_hours, customer_reference, external_code, state, customer, base_calendar_id, scheduling_mode) FROM stdin;
1924	\N	\N	t	3	0.00	0.00	170	\N	\N	0	1818	202	0
1937	\N	\N	t	2	0.00	0.00	70	\N	\N	0	\N	202	0
\.


--
-- Data for Name: order_template; Type: TABLE DATA; Schema: public; Owner: naval
--

COPY order_template (order_template_id, base_calendar_id) FROM stdin;
\.


--
-- Data for Name: order_version; Type: TABLE DATA; Schema: public; Owner: naval
--

COPY order_version (id, version, modification_by_owner_timestamp, ownerscenario) FROM stdin;
2225	10	2011-01-04 13:05:51.509+01	808
2229	7	2011-01-04 13:10:27.448+01	808
\.


--
-- Data for Name: planning_data; Type: TABLE DATA; Schema: public; Owner: naval
--

COPY planning_data (planning_data_id, progress_by_duration, progress_by_num_hours) FROM stdin;
2526	0.000000	0.000000
2530	0.000000	0.000000
\.


--
-- Data for Name: profile_roles; Type: TABLE DATA; Schema: public; Owner: naval
--

COPY profile_roles (profile_id, elt) FROM stdin;
\.


--
-- Data for Name: profile_table; Type: TABLE DATA; Schema: public; Owner: naval
--

COPY profile_table (id, version, profile_name) FROM stdin;
\.


--
-- Data for Name: quality_form; Type: TABLE DATA; Schema: public; Owner: naval
--

COPY quality_form (id, version, name, description, quality_form_type, report_advance, advance_type_id) FROM stdin;
\.


--
-- Data for Name: quality_form_items; Type: TABLE DATA; Schema: public; Owner: naval
--

COPY quality_form_items (quality_form_id, name, percentage, "position", idx) FROM stdin;
\.


--
-- Data for Name: resource; Type: TABLE DATA; Schema: public; Owner: naval
--

COPY resource (id, version, code, code_autogenerated, limited_resource, base_calendar_id) FROM stdin;
1314	2	WORKER00001	t	f	1414
1316	2	WORKER00002	t	f	1415
1318	2	WORKER00003	t	f	1416
1320	3	WORKER00004	t	f	1417
\.


--
-- Data for Name: resource_allocation; Type: TABLE DATA; Schema: public; Owner: naval
--

COPY resource_allocation (id, version, resources_per_day, intended_total_hours, original_total_assignment, task, assignment_function) FROM stdin;
2728	2	1.79	\N	50	2527	\N
2727	4	0.50	\N	100	2525	\N
2734	0	1.37	\N	20	2528	\N
2735	2	1.00	\N	40	2529	\N
2736	0	0.53	\N	30	2531	\N
\.


--
-- Data for Name: resource_calendar; Type: TABLE DATA; Schema: public; Owner: naval
--

COPY resource_calendar (base_calendar_id, capacity) FROM stdin;
1414	1
1415	1
1416	1
1417	1
\.


--
-- Data for Name: resources_cost_category_assignment; Type: TABLE DATA; Schema: public; Owner: naval
--

COPY resources_cost_category_assignment (id, version, code, init_date, end_date, cost_category_id, resource_id) FROM stdin;
\.


--
-- Data for Name: roles_table; Type: TABLE DATA; Schema: public; Owner: naval
--

COPY roles_table (user_id, elt) FROM stdin;
1213	ROLE_READ_ALL_ORDERS
1213	ROLE_EDIT_ALL_ORDERS
1213	ROLE_CREATE_ORDER
1213	ROLE_ADMINISTRATION
1214	ROLE_WS_READER
1215	ROLE_WS_WRITER
1215	ROLE_WS_READER
\.


--
-- Data for Name: scenario; Type: TABLE DATA; Schema: public; Owner: naval
--

COPY scenario (id, version, name, description, last_not_owned_reassignations_time_stamp, predecessor) FROM stdin;
808	0	master	\N	\N	\N
\.


--
-- Data for Name: scenario_orders; Type: TABLE DATA; Schema: public; Owner: naval
--

COPY scenario_orders (order_id, order_version_id, scenario_id) FROM stdin;
1924	2225	808
1937	2229	808
\.


--
-- Data for Name: scheduling_data_for_version; Type: TABLE DATA; Schema: public; Owner: naval
--

COPY scheduling_data_for_version (id, version, scheduling_state_type, order_element_id) FROM stdin;
2126	8	3	1924
2127	8	0	1925
2133	6	0	1931
2132	6	0	1930
2139	6	3	1937
2143	3	0	1941
2140	6	0	1938
\.


--
-- Data for Name: scheduling_states_by_order_version; Type: TABLE DATA; Schema: public; Owner: naval
--

COPY scheduling_states_by_order_version (order_element_id, scheduling_state_for_version_id, order_version_id) FROM stdin;
1924	2126	2225
1925	2127	2225
1930	2132	2225
1931	2133	2225
1937	2139	2229
1938	2140	2229
1941	2143	2229
\.


--
-- Data for Name: sigmoid_function; Type: TABLE DATA; Schema: public; Owner: naval
--

COPY sigmoid_function (assignment_function_id) FROM stdin;
\.


--
-- Data for Name: specific_day_assignments_container; Type: TABLE DATA; Schema: public; Owner: naval
--

COPY specific_day_assignments_container (id, version, resource_allocation_id, scenario, start_date, duration_start_in_first_day, end_date, duration_in_last_day) FROM stdin;
2828	3	2727	808	2011-01-04	0	2011-02-08	0
\.


--
-- Data for Name: specific_resource_allocation; Type: TABLE DATA; Schema: public; Owner: naval
--

COPY specific_resource_allocation (resource_allocation_id, resource) FROM stdin;
2727	1314
\.


--
-- Data for Name: stretches; Type: TABLE DATA; Schema: public; Owner: naval
--

COPY stretches (assignment_function_id, date, length_percentage, amount_work_percentage, stretch_position) FROM stdin;
\.


--
-- Data for Name: stretches_function; Type: TABLE DATA; Schema: public; Owner: naval
--

COPY stretches_function (assignment_function_id, type) FROM stdin;
\.


--
-- Data for Name: subcontracted_task_data; Type: TABLE DATA; Schema: public; Owner: naval
--

COPY subcontracted_task_data (id, version, external_company, subcontratation_date, subcontract_communication_date, work_description, subcontract_price, subcontracted_code, node_without_children_exported, labels_exported, material_assignments_exported, hours_groups_exported, state) FROM stdin;
\.


--
-- Data for Name: sum_charged_hours; Type: TABLE DATA; Schema: public; Owner: naval
--

COPY sum_charged_hours (id, version, direct_charged_hours, indirect_charged_hours) FROM stdin;
2031	2	0	0
2032	2	0	0
2025	8	0	0
2026	8	0	0
2040	5	0	0
2039	5	0	0
2046	6	0	0
2050	3	0	0
2047	6	0	0
\.


--
-- Data for Name: task; Type: TABLE DATA; Schema: public; Owner: naval
--

COPY task (task_element_id, calculated_value, constraint_type, constraint_date, workable_days, allocation_direction, subcontrated_task_data_id, priority) FROM stdin;
2527	1	0	\N	\N	0	\N	\N
2525	1	0	\N	\N	0	\N	\N
2528	1	0	\N	\N	0	\N	\N
2529	1	0	\N	\N	0	\N	\N
2531	1	1	2011-01-07	\N	0	\N	\N
\.


--
-- Data for Name: task_element; Type: TABLE DATA; Schema: public; Owner: naval
--

COPY task_element (id, version, name, notes, start_date, start_day_duration, end_date, end_day_duration, deadline, advance_percentage, sum_of_hours_allocated, parent, base_calendar_id, position_in_parent) FROM stdin;
2527	5	elem 2	\N	2011-01-04	0	2011-01-10	14112	\N	0.0000	50	2526	\N	1
2525	7	elem 1	\N	2011-01-04	0	2011-02-08	0	\N	0.0000	100	2526	\N	0
2528	5	elem 3	\N	2011-01-04	0	2011-01-06	23904	\N	0.0000	20	2526	\N	2
2526	9	Project 1	\N	2011-01-04	0	2011-02-08	0	\N	0.0000	170	\N	\N	\N
2529	5	task 1	\N	2011-01-04	0	2011-01-12	0	\N	0.0000	40	2530	\N	0
2531	2	task 2	\N	2011-01-07	0	2011-01-18	3168	\N	0.0000	30	2530	\N	1
2530	6	Project 2	\N	2011-01-04	0	2011-01-18	0	\N	0.0000	70	\N	\N	\N
\.


--
-- Data for Name: task_group; Type: TABLE DATA; Schema: public; Owner: naval
--

COPY task_group (task_element_id) FROM stdin;
2526
2530
\.


--
-- Data for Name: task_milestone; Type: TABLE DATA; Schema: public; Owner: naval
--

COPY task_milestone (task_element_id, constraint_type, constraint_date) FROM stdin;
\.


--
-- Data for Name: task_quality_form; Type: TABLE DATA; Schema: public; Owner: naval
--

COPY task_quality_form (id, version, quality_form_id, order_element_id, report_advance) FROM stdin;
\.


--
-- Data for Name: task_quality_form_items; Type: TABLE DATA; Schema: public; Owner: naval
--

COPY task_quality_form_items (task_quality_form_id, name, percentage, "position", passed, date, idx) FROM stdin;
\.


--
-- Data for Name: task_source; Type: TABLE DATA; Schema: public; Owner: naval
--

COPY task_source (id, version, schedulingdata) FROM stdin;
2526	3	2126
2525	5	2127
2527	3	2132
2528	3	2133
2530	2	2139
2529	3	2140
2531	1	2143
\.


--
-- Data for Name: task_source_hours_groups; Type: TABLE DATA; Schema: public; Owner: naval
--

COPY task_source_hours_groups (task_source_id, hours_group_id) FROM stdin;
2525	2325
2527	2330
2528	2331
2529	2334
2531	2337
\.


--
-- Data for Name: type_of_work_hours; Type: TABLE DATA; Schema: public; Owner: naval
--

COPY type_of_work_hours (id, version, name, code, default_price, enabled, code_autogenerated) FROM stdin;
\.


--
-- Data for Name: unit_type; Type: TABLE DATA; Schema: public; Owner: naval
--

COPY unit_type (id, version, code, measure, code_autogenerated) FROM stdin;
1111	8	UNIT_TYPE00001	units	t
1112	7	UNIT_TYPE00002	kg	t
1113	6	UNIT_TYPE00003	km	t
1114	5	UNIT_TYPE00004	l	t
1115	4	UNIT_TYPE00005	m	t
1116	3	UNIT_TYPE00006	m2	t
1117	2	UNIT_TYPE00007	m3	t
1118	1	UNIT_TYPE00008	tn	t
\.


--
-- Data for Name: user_profiles; Type: TABLE DATA; Schema: public; Owner: naval
--

COPY user_profiles (user_id, profile_id) FROM stdin;
\.


--
-- Data for Name: user_table; Type: TABLE DATA; Schema: public; Owner: naval
--

COPY user_table (id, version, login_name, password, email, disabled, lastconnectedscenario) FROM stdin;
1212	4	user	c35c71570b3f45bb21a588107e7cb946b3c50bf2cd9e885d3876de669a73df1133aabe8b69d24db37837c6f26f9e7bc35dc34ee04c8f9a51d53ed7d82859f80e	\N	f	\N
1213	3	admin	e02a1a8809e830cf7b7c875e43c16e684ed02a818c7ac25aeadd515432f908ea041447720c194d6b0ec19a1c3dd97f7b378efaab4dd8efd46de568adf3f44c9a	\N	f	\N
1214	2	wsreader	9134100ea9446b87a04cda86febe02900e53ca5af2f5b9422c5120bc3291079a7de3ea91ec72e944167e3fbcb97d35a2a904ee66bacf3727a67f7e5bf9fdaadc	\N	f	\N
1215	1	wswriter	a3d23705b1bb5ededfc890707b8e3331760206a6ceb213469fdf320dbe889170c2da17106005c5d057c51462621d7d77f33e005e6b9f1cddec6fa8c9b7a66eb8	\N	f	\N
\.


--
-- Data for Name: virtual_worker; Type: TABLE DATA; Schema: public; Owner: naval
--

COPY virtual_worker (virtual_worker_id, observations) FROM stdin;
\.


--
-- Data for Name: work_report; Type: TABLE DATA; Schema: public; Owner: naval
--

COPY work_report (id, version, code, date, code_autogenerated, last_work_report_line_sequence_code, ork_report_type_id, resource_id, order_element_id) FROM stdin;
\.


--
-- Data for Name: work_report_label_type_assigment; Type: TABLE DATA; Schema: public; Owner: naval
--

COPY work_report_label_type_assigment (id, version, labels_shared_by_lines, position_number, label_type_id, label_id, work_report_type_id) FROM stdin;
\.


--
-- Data for Name: work_report_line; Type: TABLE DATA; Schema: public; Owner: naval
--

COPY work_report_line (id, version, code, num_hours, date, clock_start, clock_finish, work_report_id, resource_id, order_element_id, type_work_hours_id) FROM stdin;
\.


--
-- Data for Name: work_report_type; Type: TABLE DATA; Schema: public; Owner: naval
--

COPY work_report_type (id, version, name, code, date_is_shared_by_lines, resource_is_shared_in_lines, order_element_is_shared_in_lines, code_autogenerated, hours_management) FROM stdin;
\.


--
-- Data for Name: worker; Type: TABLE DATA; Schema: public; Owner: naval
--

COPY worker (worker_id, first_name, surname, nif) FROM stdin;
1314	worker A 	pontevedra	1A
1316	worker B	pontevedra	1B
1318	worker C	coruña	1D
1320	worker D	coruña	1T
\.


--
-- Data for Name: workreports_labels; Type: TABLE DATA; Schema: public; Owner: naval
--

COPY workreports_labels (work_report_id, label_id) FROM stdin;
\.


--
-- Data for Name: workreportslines_labels; Type: TABLE DATA; Schema: public; Owner: naval
--

COPY workreportslines_labels (work_report_line_id, label_id) FROM stdin;
\.


--
-- Name: advance_assignment_pkey; Type: CONSTRAINT; Schema: public; Owner: naval; Tablespace: 
--

ALTER TABLE ONLY advance_assignment
    ADD CONSTRAINT advance_assignment_pkey PRIMARY KEY (id);


--
-- Name: advance_assignment_template_pkey; Type: CONSTRAINT; Schema: public; Owner: naval; Tablespace: 
--

ALTER TABLE ONLY advance_assignment_template
    ADD CONSTRAINT advance_assignment_template_pkey PRIMARY KEY (id);


--
-- Name: advance_measurement_pkey; Type: CONSTRAINT; Schema: public; Owner: naval; Tablespace: 
--

ALTER TABLE ONLY advance_measurement
    ADD CONSTRAINT advance_measurement_pkey PRIMARY KEY (id);


--
-- Name: advance_type_pkey; Type: CONSTRAINT; Schema: public; Owner: naval; Tablespace: 
--

ALTER TABLE ONLY advance_type
    ADD CONSTRAINT advance_type_pkey PRIMARY KEY (id);


--
-- Name: advance_type_unit_name_key; Type: CONSTRAINT; Schema: public; Owner: naval; Tablespace: 
--

ALTER TABLE ONLY advance_type
    ADD CONSTRAINT advance_type_unit_name_key UNIQUE (unit_name);


--
-- Name: all_criterions_pkey; Type: CONSTRAINT; Schema: public; Owner: naval; Tablespace: 
--

ALTER TABLE ONLY all_criterions
    ADD CONSTRAINT all_criterions_pkey PRIMARY KEY (generic_resource_allocation_id, criterion_id);


--
-- Name: assignment_function_pkey; Type: CONSTRAINT; Schema: public; Owner: naval; Tablespace: 
--

ALTER TABLE ONLY assignment_function
    ADD CONSTRAINT assignment_function_pkey PRIMARY KEY (id);


--
-- Name: base_calendar_code_key; Type: CONSTRAINT; Schema: public; Owner: naval; Tablespace: 
--

ALTER TABLE ONLY base_calendar
    ADD CONSTRAINT base_calendar_code_key UNIQUE (code);


--
-- Name: base_calendar_pkey; Type: CONSTRAINT; Schema: public; Owner: naval; Tablespace: 
--

ALTER TABLE ONLY base_calendar
    ADD CONSTRAINT base_calendar_pkey PRIMARY KEY (id);


--
-- Name: calendar_availability_code_key; Type: CONSTRAINT; Schema: public; Owner: naval; Tablespace: 
--

ALTER TABLE ONLY calendar_availability
    ADD CONSTRAINT calendar_availability_code_key UNIQUE (code);


--
-- Name: calendar_availability_pkey; Type: CONSTRAINT; Schema: public; Owner: naval; Tablespace: 
--

ALTER TABLE ONLY calendar_availability
    ADD CONSTRAINT calendar_availability_pkey PRIMARY KEY (id);


--
-- Name: calendar_data_code_key; Type: CONSTRAINT; Schema: public; Owner: naval; Tablespace: 
--

ALTER TABLE ONLY calendar_data
    ADD CONSTRAINT calendar_data_code_key UNIQUE (code);


--
-- Name: calendar_data_pkey; Type: CONSTRAINT; Schema: public; Owner: naval; Tablespace: 
--

ALTER TABLE ONLY calendar_data
    ADD CONSTRAINT calendar_data_pkey PRIMARY KEY (id);


--
-- Name: calendar_exception_code_key; Type: CONSTRAINT; Schema: public; Owner: naval; Tablespace: 
--

ALTER TABLE ONLY calendar_exception
    ADD CONSTRAINT calendar_exception_code_key UNIQUE (code);


--
-- Name: calendar_exception_pkey; Type: CONSTRAINT; Schema: public; Owner: naval; Tablespace: 
--

ALTER TABLE ONLY calendar_exception
    ADD CONSTRAINT calendar_exception_pkey PRIMARY KEY (id);


--
-- Name: calendar_exception_type_code_key; Type: CONSTRAINT; Schema: public; Owner: naval; Tablespace: 
--

ALTER TABLE ONLY calendar_exception_type
    ADD CONSTRAINT calendar_exception_type_code_key UNIQUE (code);


--
-- Name: calendar_exception_type_name_key; Type: CONSTRAINT; Schema: public; Owner: naval; Tablespace: 
--

ALTER TABLE ONLY calendar_exception_type
    ADD CONSTRAINT calendar_exception_type_name_key UNIQUE (name);


--
-- Name: calendar_exception_type_pkey; Type: CONSTRAINT; Schema: public; Owner: naval; Tablespace: 
--

ALTER TABLE ONLY calendar_exception_type
    ADD CONSTRAINT calendar_exception_type_pkey PRIMARY KEY (id);


--
-- Name: configuration_pkey; Type: CONSTRAINT; Schema: public; Owner: naval; Tablespace: 
--

ALTER TABLE ONLY configuration
    ADD CONSTRAINT configuration_pkey PRIMARY KEY (id);


--
-- Name: consolidated_value_pkey; Type: CONSTRAINT; Schema: public; Owner: naval; Tablespace: 
--

ALTER TABLE ONLY consolidated_value
    ADD CONSTRAINT consolidated_value_pkey PRIMARY KEY (id);


--
-- Name: consolidation_pkey; Type: CONSTRAINT; Schema: public; Owner: naval; Tablespace: 
--

ALTER TABLE ONLY consolidation
    ADD CONSTRAINT consolidation_pkey PRIMARY KEY (id);


--
-- Name: cost_category_code_key; Type: CONSTRAINT; Schema: public; Owner: naval; Tablespace: 
--

ALTER TABLE ONLY cost_category
    ADD CONSTRAINT cost_category_code_key UNIQUE (code);


--
-- Name: cost_category_name_key; Type: CONSTRAINT; Schema: public; Owner: naval; Tablespace: 
--

ALTER TABLE ONLY cost_category
    ADD CONSTRAINT cost_category_name_key UNIQUE (name);


--
-- Name: cost_category_pkey; Type: CONSTRAINT; Schema: public; Owner: naval; Tablespace: 
--

ALTER TABLE ONLY cost_category
    ADD CONSTRAINT cost_category_pkey PRIMARY KEY (id);


--
-- Name: criterion_code_key; Type: CONSTRAINT; Schema: public; Owner: naval; Tablespace: 
--

ALTER TABLE ONLY criterion
    ADD CONSTRAINT criterion_code_key UNIQUE (code);


--
-- Name: criterion_name_key; Type: CONSTRAINT; Schema: public; Owner: naval; Tablespace: 
--

ALTER TABLE ONLY criterion
    ADD CONSTRAINT criterion_name_key UNIQUE (id_criterion_type, name);


--
-- Name: criterion_pkey; Type: CONSTRAINT; Schema: public; Owner: naval; Tablespace: 
--

ALTER TABLE ONLY criterion
    ADD CONSTRAINT criterion_pkey PRIMARY KEY (id);


--
-- Name: criterion_requirement_pkey; Type: CONSTRAINT; Schema: public; Owner: naval; Tablespace: 
--

ALTER TABLE ONLY criterion_requirement
    ADD CONSTRAINT criterion_requirement_pkey PRIMARY KEY (id);


--
-- Name: criterion_satisfaction_code_key; Type: CONSTRAINT; Schema: public; Owner: naval; Tablespace: 
--

ALTER TABLE ONLY criterion_satisfaction
    ADD CONSTRAINT criterion_satisfaction_code_key UNIQUE (code);


--
-- Name: criterion_satisfaction_pkey; Type: CONSTRAINT; Schema: public; Owner: naval; Tablespace: 
--

ALTER TABLE ONLY criterion_satisfaction
    ADD CONSTRAINT criterion_satisfaction_pkey PRIMARY KEY (id);


--
-- Name: criterion_type_code_key; Type: CONSTRAINT; Schema: public; Owner: naval; Tablespace: 
--

ALTER TABLE ONLY criterion_type
    ADD CONSTRAINT criterion_type_code_key UNIQUE (code);


--
-- Name: criterion_type_name_key; Type: CONSTRAINT; Schema: public; Owner: naval; Tablespace: 
--

ALTER TABLE ONLY criterion_type
    ADD CONSTRAINT criterion_type_name_key UNIQUE (name);


--
-- Name: criterion_type_pkey; Type: CONSTRAINT; Schema: public; Owner: naval; Tablespace: 
--

ALTER TABLE ONLY criterion_type
    ADD CONSTRAINT criterion_type_pkey PRIMARY KEY (id);


--
-- Name: day_assignment_pkey; Type: CONSTRAINT; Schema: public; Owner: naval; Tablespace: 
--

ALTER TABLE ONLY day_assignment
    ADD CONSTRAINT day_assignment_pkey PRIMARY KEY (id);


--
-- Name: dependency_pkey; Type: CONSTRAINT; Schema: public; Owner: naval; Tablespace: 
--

ALTER TABLE ONLY dependency
    ADD CONSTRAINT dependency_pkey PRIMARY KEY (id);


--
-- Name: derived_allocation_pkey; Type: CONSTRAINT; Schema: public; Owner: naval; Tablespace: 
--

ALTER TABLE ONLY derived_allocation
    ADD CONSTRAINT derived_allocation_pkey PRIMARY KEY (id);


--
-- Name: derived_day_assignments_container_pkey; Type: CONSTRAINT; Schema: public; Owner: naval; Tablespace: 
--

ALTER TABLE ONLY derived_day_assignments_container
    ADD CONSTRAINT derived_day_assignments_container_pkey PRIMARY KEY (id);


--
-- Name: direct_advance_assignment_pkey; Type: CONSTRAINT; Schema: public; Owner: naval; Tablespace: 
--

ALTER TABLE ONLY direct_advance_assignment
    ADD CONSTRAINT direct_advance_assignment_pkey PRIMARY KEY (advance_assignment_id);


--
-- Name: effort_per_day_pkey; Type: CONSTRAINT; Schema: public; Owner: naval; Tablespace: 
--

ALTER TABLE ONLY effort_per_day
    ADD CONSTRAINT effort_per_day_pkey PRIMARY KEY (base_calendar_id, day_id);


--
-- Name: entity_sequence_pkey; Type: CONSTRAINT; Schema: public; Owner: naval; Tablespace: 
--

ALTER TABLE ONLY entity_sequence
    ADD CONSTRAINT entity_sequence_pkey PRIMARY KEY (id);


--
-- Name: external_company_name_key; Type: CONSTRAINT; Schema: public; Owner: naval; Tablespace: 
--

ALTER TABLE ONLY external_company
    ADD CONSTRAINT external_company_name_key UNIQUE (name);


--
-- Name: external_company_nif_key; Type: CONSTRAINT; Schema: public; Owner: naval; Tablespace: 
--

ALTER TABLE ONLY external_company
    ADD CONSTRAINT external_company_nif_key UNIQUE (nif);


--
-- Name: external_company_pkey; Type: CONSTRAINT; Schema: public; Owner: naval; Tablespace: 
--

ALTER TABLE ONLY external_company
    ADD CONSTRAINT external_company_pkey PRIMARY KEY (id);


--
-- Name: generic_day_assignments_container_pkey; Type: CONSTRAINT; Schema: public; Owner: naval; Tablespace: 
--

ALTER TABLE ONLY generic_day_assignments_container
    ADD CONSTRAINT generic_day_assignments_container_pkey PRIMARY KEY (id);


--
-- Name: generic_resource_allocation_pkey; Type: CONSTRAINT; Schema: public; Owner: naval; Tablespace: 
--

ALTER TABLE ONLY generic_resource_allocation
    ADD CONSTRAINT generic_resource_allocation_pkey PRIMARY KEY (resource_allocation_id);


--
-- Name: hour_cost_code_key; Type: CONSTRAINT; Schema: public; Owner: naval; Tablespace: 
--

ALTER TABLE ONLY hour_cost
    ADD CONSTRAINT hour_cost_code_key UNIQUE (code);


--
-- Name: hour_cost_pkey; Type: CONSTRAINT; Schema: public; Owner: naval; Tablespace: 
--

ALTER TABLE ONLY hour_cost
    ADD CONSTRAINT hour_cost_pkey PRIMARY KEY (id);


--
-- Name: hours_group_code_key; Type: CONSTRAINT; Schema: public; Owner: naval; Tablespace: 
--

ALTER TABLE ONLY hours_group
    ADD CONSTRAINT hours_group_code_key UNIQUE (code);


--
-- Name: hours_group_pkey; Type: CONSTRAINT; Schema: public; Owner: naval; Tablespace: 
--

ALTER TABLE ONLY hours_group
    ADD CONSTRAINT hours_group_pkey PRIMARY KEY (id);


--
-- Name: indirect_advance_assignment_pkey; Type: CONSTRAINT; Schema: public; Owner: naval; Tablespace: 
--

ALTER TABLE ONLY indirect_advance_assignment
    ADD CONSTRAINT indirect_advance_assignment_pkey PRIMARY KEY (advance_assignment_id);


--
-- Name: label_code_key; Type: CONSTRAINT; Schema: public; Owner: naval; Tablespace: 
--

ALTER TABLE ONLY label
    ADD CONSTRAINT label_code_key UNIQUE (code);


--
-- Name: label_name_key; Type: CONSTRAINT; Schema: public; Owner: naval; Tablespace: 
--

ALTER TABLE ONLY label
    ADD CONSTRAINT label_name_key UNIQUE (label_type_id, name);


--
-- Name: label_pkey; Type: CONSTRAINT; Schema: public; Owner: naval; Tablespace: 
--

ALTER TABLE ONLY label
    ADD CONSTRAINT label_pkey PRIMARY KEY (id);


--
-- Name: label_type_code_key; Type: CONSTRAINT; Schema: public; Owner: naval; Tablespace: 
--

ALTER TABLE ONLY label_type
    ADD CONSTRAINT label_type_code_key UNIQUE (code);


--
-- Name: label_type_name_key; Type: CONSTRAINT; Schema: public; Owner: naval; Tablespace: 
--

ALTER TABLE ONLY label_type
    ADD CONSTRAINT label_type_name_key UNIQUE (name);


--
-- Name: label_type_pkey; Type: CONSTRAINT; Schema: public; Owner: naval; Tablespace: 
--

ALTER TABLE ONLY label_type
    ADD CONSTRAINT label_type_pkey PRIMARY KEY (id);


--
-- Name: limiting_resource_queue_dependency_pkey; Type: CONSTRAINT; Schema: public; Owner: naval; Tablespace: 
--

ALTER TABLE ONLY limiting_resource_queue_dependency
    ADD CONSTRAINT limiting_resource_queue_dependency_pkey PRIMARY KEY (id);


--
-- Name: limiting_resource_queue_element_pkey; Type: CONSTRAINT; Schema: public; Owner: naval; Tablespace: 
--

ALTER TABLE ONLY limiting_resource_queue_element
    ADD CONSTRAINT limiting_resource_queue_element_pkey PRIMARY KEY (id);


--
-- Name: limiting_resource_queue_element_resource_allocation_id_key; Type: CONSTRAINT; Schema: public; Owner: naval; Tablespace: 
--

ALTER TABLE ONLY limiting_resource_queue_element
    ADD CONSTRAINT limiting_resource_queue_element_resource_allocation_id_key UNIQUE (resource_allocation_id);


--
-- Name: limiting_resource_queue_pkey; Type: CONSTRAINT; Schema: public; Owner: naval; Tablespace: 
--

ALTER TABLE ONLY limiting_resource_queue
    ADD CONSTRAINT limiting_resource_queue_pkey PRIMARY KEY (id);


--
-- Name: limiting_resource_queue_resource_id_key; Type: CONSTRAINT; Schema: public; Owner: naval; Tablespace: 
--

ALTER TABLE ONLY limiting_resource_queue
    ADD CONSTRAINT limiting_resource_queue_resource_id_key UNIQUE (resource_id);


--
-- Name: machine_configuration_unit_required_criterions_pkey; Type: CONSTRAINT; Schema: public; Owner: naval; Tablespace: 
--

ALTER TABLE ONLY machine_configuration_unit_required_criterions
    ADD CONSTRAINT machine_configuration_unit_required_criterions_pkey PRIMARY KEY (id, criterion_id);


--
-- Name: machine_pkey; Type: CONSTRAINT; Schema: public; Owner: naval; Tablespace: 
--

ALTER TABLE ONLY machine
    ADD CONSTRAINT machine_pkey PRIMARY KEY (machine_id);


--
-- Name: machine_worker_assignment_pkey; Type: CONSTRAINT; Schema: public; Owner: naval; Tablespace: 
--

ALTER TABLE ONLY machine_worker_assignment
    ADD CONSTRAINT machine_worker_assignment_pkey PRIMARY KEY (id);


--
-- Name: machine_workers_configuration_unit_pkey; Type: CONSTRAINT; Schema: public; Owner: naval; Tablespace: 
--

ALTER TABLE ONLY machine_workers_configuration_unit
    ADD CONSTRAINT machine_workers_configuration_unit_pkey PRIMARY KEY (id);


--
-- Name: material_assigment_pkey; Type: CONSTRAINT; Schema: public; Owner: naval; Tablespace: 
--

ALTER TABLE ONLY material_assigment
    ADD CONSTRAINT material_assigment_pkey PRIMARY KEY (id);


--
-- Name: material_assigment_template_pkey; Type: CONSTRAINT; Schema: public; Owner: naval; Tablespace: 
--

ALTER TABLE ONLY material_assigment_template
    ADD CONSTRAINT material_assigment_template_pkey PRIMARY KEY (id);


--
-- Name: material_category_code_key; Type: CONSTRAINT; Schema: public; Owner: naval; Tablespace: 
--

ALTER TABLE ONLY material_category
    ADD CONSTRAINT material_category_code_key UNIQUE (code);


--
-- Name: material_category_pkey; Type: CONSTRAINT; Schema: public; Owner: naval; Tablespace: 
--

ALTER TABLE ONLY material_category
    ADD CONSTRAINT material_category_pkey PRIMARY KEY (id);


--
-- Name: material_code_key; Type: CONSTRAINT; Schema: public; Owner: naval; Tablespace: 
--

ALTER TABLE ONLY material
    ADD CONSTRAINT material_code_key UNIQUE (code);


--
-- Name: material_pkey; Type: CONSTRAINT; Schema: public; Owner: naval; Tablespace: 
--

ALTER TABLE ONLY material
    ADD CONSTRAINT material_pkey PRIMARY KEY (id);


--
-- Name: order_authorization_pkey; Type: CONSTRAINT; Schema: public; Owner: naval; Tablespace: 
--

ALTER TABLE ONLY order_authorization
    ADD CONSTRAINT order_authorization_pkey PRIMARY KEY (id);


--
-- Name: order_element_code_key; Type: CONSTRAINT; Schema: public; Owner: naval; Tablespace: 
--

ALTER TABLE ONLY order_element
    ADD CONSTRAINT order_element_code_key UNIQUE (code);


--
-- Name: order_element_label_pkey; Type: CONSTRAINT; Schema: public; Owner: naval; Tablespace: 
--

ALTER TABLE ONLY order_element_label
    ADD CONSTRAINT order_element_label_pkey PRIMARY KEY (order_element_id, label_id);


--
-- Name: order_element_pkey; Type: CONSTRAINT; Schema: public; Owner: naval; Tablespace: 
--

ALTER TABLE ONLY order_element
    ADD CONSTRAINT order_element_pkey PRIMARY KEY (id);


--
-- Name: order_element_sum_charged_hours_id_key; Type: CONSTRAINT; Schema: public; Owner: naval; Tablespace: 
--

ALTER TABLE ONLY order_element
    ADD CONSTRAINT order_element_sum_charged_hours_id_key UNIQUE (sum_charged_hours_id);


--
-- Name: order_element_template_label_pkey; Type: CONSTRAINT; Schema: public; Owner: naval; Tablespace: 
--

ALTER TABLE ONLY order_element_template_label
    ADD CONSTRAINT order_element_template_label_pkey PRIMARY KEY (order_element_template_id, label_id);


--
-- Name: order_element_template_pkey; Type: CONSTRAINT; Schema: public; Owner: naval; Tablespace: 
--

ALTER TABLE ONLY order_element_template
    ADD CONSTRAINT order_element_template_pkey PRIMARY KEY (id);


--
-- Name: order_element_template_quality_form_pkey; Type: CONSTRAINT; Schema: public; Owner: naval; Tablespace: 
--

ALTER TABLE ONLY order_element_template_quality_form
    ADD CONSTRAINT order_element_template_quality_form_pkey PRIMARY KEY (order_element_template_id, quality_form_id);


--
-- Name: order_line_group_pkey; Type: CONSTRAINT; Schema: public; Owner: naval; Tablespace: 
--

ALTER TABLE ONLY order_line_group
    ADD CONSTRAINT order_line_group_pkey PRIMARY KEY (order_element_id);


--
-- Name: order_line_group_template_pkey; Type: CONSTRAINT; Schema: public; Owner: naval; Tablespace: 
--

ALTER TABLE ONLY order_line_group_template
    ADD CONSTRAINT order_line_group_template_pkey PRIMARY KEY (group_template_id);


--
-- Name: order_line_pkey; Type: CONSTRAINT; Schema: public; Owner: naval; Tablespace: 
--

ALTER TABLE ONLY order_line
    ADD CONSTRAINT order_line_pkey PRIMARY KEY (order_element_id);


--
-- Name: order_line_template_pkey; Type: CONSTRAINT; Schema: public; Owner: naval; Tablespace: 
--

ALTER TABLE ONLY order_line_template
    ADD CONSTRAINT order_line_template_pkey PRIMARY KEY (order_line_template_id);


--
-- Name: order_table_pkey; Type: CONSTRAINT; Schema: public; Owner: naval; Tablespace: 
--

ALTER TABLE ONLY order_table
    ADD CONSTRAINT order_table_pkey PRIMARY KEY (order_element_id);


--
-- Name: order_template_pkey; Type: CONSTRAINT; Schema: public; Owner: naval; Tablespace: 
--

ALTER TABLE ONLY order_template
    ADD CONSTRAINT order_template_pkey PRIMARY KEY (order_template_id);


--
-- Name: order_version_pkey; Type: CONSTRAINT; Schema: public; Owner: naval; Tablespace: 
--

ALTER TABLE ONLY order_version
    ADD CONSTRAINT order_version_pkey PRIMARY KEY (id);


--
-- Name: pk_databasechangelog; Type: CONSTRAINT; Schema: public; Owner: naval; Tablespace: 
--

ALTER TABLE ONLY databasechangelog
    ADD CONSTRAINT pk_databasechangelog PRIMARY KEY (id, author, filename);


--
-- Name: pk_databasechangeloglock; Type: CONSTRAINT; Schema: public; Owner: naval; Tablespace: 
--

ALTER TABLE ONLY databasechangeloglock
    ADD CONSTRAINT pk_databasechangeloglock PRIMARY KEY (id);


--
-- Name: planning_data_pkey; Type: CONSTRAINT; Schema: public; Owner: naval; Tablespace: 
--

ALTER TABLE ONLY planning_data
    ADD CONSTRAINT planning_data_pkey PRIMARY KEY (planning_data_id);


--
-- Name: profile_table_pkey; Type: CONSTRAINT; Schema: public; Owner: naval; Tablespace: 
--

ALTER TABLE ONLY profile_table
    ADD CONSTRAINT profile_table_pkey PRIMARY KEY (id);


--
-- Name: profile_table_profile_name_key; Type: CONSTRAINT; Schema: public; Owner: naval; Tablespace: 
--

ALTER TABLE ONLY profile_table
    ADD CONSTRAINT profile_table_profile_name_key UNIQUE (profile_name);


--
-- Name: quality_form_items_pkey; Type: CONSTRAINT; Schema: public; Owner: naval; Tablespace: 
--

ALTER TABLE ONLY quality_form_items
    ADD CONSTRAINT quality_form_items_pkey PRIMARY KEY (quality_form_id, idx);


--
-- Name: quality_form_name_key; Type: CONSTRAINT; Schema: public; Owner: naval; Tablespace: 
--

ALTER TABLE ONLY quality_form
    ADD CONSTRAINT quality_form_name_key UNIQUE (name);


--
-- Name: quality_form_pkey; Type: CONSTRAINT; Schema: public; Owner: naval; Tablespace: 
--

ALTER TABLE ONLY quality_form
    ADD CONSTRAINT quality_form_pkey PRIMARY KEY (id);


--
-- Name: resource_allocation_pkey; Type: CONSTRAINT; Schema: public; Owner: naval; Tablespace: 
--

ALTER TABLE ONLY resource_allocation
    ADD CONSTRAINT resource_allocation_pkey PRIMARY KEY (id);


--
-- Name: resource_base_calendar_id_key; Type: CONSTRAINT; Schema: public; Owner: naval; Tablespace: 
--

ALTER TABLE ONLY resource
    ADD CONSTRAINT resource_base_calendar_id_key UNIQUE (base_calendar_id);


--
-- Name: resource_calendar_pkey; Type: CONSTRAINT; Schema: public; Owner: naval; Tablespace: 
--

ALTER TABLE ONLY resource_calendar
    ADD CONSTRAINT resource_calendar_pkey PRIMARY KEY (base_calendar_id);


--
-- Name: resource_code_key; Type: CONSTRAINT; Schema: public; Owner: naval; Tablespace: 
--

ALTER TABLE ONLY resource
    ADD CONSTRAINT resource_code_key UNIQUE (code);


--
-- Name: resource_pkey; Type: CONSTRAINT; Schema: public; Owner: naval; Tablespace: 
--

ALTER TABLE ONLY resource
    ADD CONSTRAINT resource_pkey PRIMARY KEY (id);


--
-- Name: resources_cost_category_assignment_code_key; Type: CONSTRAINT; Schema: public; Owner: naval; Tablespace: 
--

ALTER TABLE ONLY resources_cost_category_assignment
    ADD CONSTRAINT resources_cost_category_assignment_code_key UNIQUE (code);


--
-- Name: resources_cost_category_assignment_pkey; Type: CONSTRAINT; Schema: public; Owner: naval; Tablespace: 
--

ALTER TABLE ONLY resources_cost_category_assignment
    ADD CONSTRAINT resources_cost_category_assignment_pkey PRIMARY KEY (id);


--
-- Name: scenario_orders_pkey; Type: CONSTRAINT; Schema: public; Owner: naval; Tablespace: 
--

ALTER TABLE ONLY scenario_orders
    ADD CONSTRAINT scenario_orders_pkey PRIMARY KEY (scenario_id, order_id);


--
-- Name: scenario_pkey; Type: CONSTRAINT; Schema: public; Owner: naval; Tablespace: 
--

ALTER TABLE ONLY scenario
    ADD CONSTRAINT scenario_pkey PRIMARY KEY (id);


--
-- Name: scheduling_data_for_version_pkey; Type: CONSTRAINT; Schema: public; Owner: naval; Tablespace: 
--

ALTER TABLE ONLY scheduling_data_for_version
    ADD CONSTRAINT scheduling_data_for_version_pkey PRIMARY KEY (id);


--
-- Name: scheduling_states_by_order_version_pkey; Type: CONSTRAINT; Schema: public; Owner: naval; Tablespace: 
--

ALTER TABLE ONLY scheduling_states_by_order_version
    ADD CONSTRAINT scheduling_states_by_order_version_pkey PRIMARY KEY (order_element_id, order_version_id);


--
-- Name: sigmoid_function_pkey; Type: CONSTRAINT; Schema: public; Owner: naval; Tablespace: 
--

ALTER TABLE ONLY sigmoid_function
    ADD CONSTRAINT sigmoid_function_pkey PRIMARY KEY (assignment_function_id);


--
-- Name: specific_day_assignments_container_pkey; Type: CONSTRAINT; Schema: public; Owner: naval; Tablespace: 
--

ALTER TABLE ONLY specific_day_assignments_container
    ADD CONSTRAINT specific_day_assignments_container_pkey PRIMARY KEY (id);


--
-- Name: specific_resource_allocation_pkey; Type: CONSTRAINT; Schema: public; Owner: naval; Tablespace: 
--

ALTER TABLE ONLY specific_resource_allocation
    ADD CONSTRAINT specific_resource_allocation_pkey PRIMARY KEY (resource_allocation_id);


--
-- Name: stretches_function_pkey; Type: CONSTRAINT; Schema: public; Owner: naval; Tablespace: 
--

ALTER TABLE ONLY stretches_function
    ADD CONSTRAINT stretches_function_pkey PRIMARY KEY (assignment_function_id);


--
-- Name: stretches_pkey; Type: CONSTRAINT; Schema: public; Owner: naval; Tablespace: 
--

ALTER TABLE ONLY stretches
    ADD CONSTRAINT stretches_pkey PRIMARY KEY (assignment_function_id, stretch_position);


--
-- Name: subcontracted_task_data_pkey; Type: CONSTRAINT; Schema: public; Owner: naval; Tablespace: 
--

ALTER TABLE ONLY subcontracted_task_data
    ADD CONSTRAINT subcontracted_task_data_pkey PRIMARY KEY (id);


--
-- Name: sum_charged_hours_pkey; Type: CONSTRAINT; Schema: public; Owner: naval; Tablespace: 
--

ALTER TABLE ONLY sum_charged_hours
    ADD CONSTRAINT sum_charged_hours_pkey PRIMARY KEY (id);


--
-- Name: task_element_pkey; Type: CONSTRAINT; Schema: public; Owner: naval; Tablespace: 
--

ALTER TABLE ONLY task_element
    ADD CONSTRAINT task_element_pkey PRIMARY KEY (id);


--
-- Name: task_group_pkey; Type: CONSTRAINT; Schema: public; Owner: naval; Tablespace: 
--

ALTER TABLE ONLY task_group
    ADD CONSTRAINT task_group_pkey PRIMARY KEY (task_element_id);


--
-- Name: task_milestone_pkey; Type: CONSTRAINT; Schema: public; Owner: naval; Tablespace: 
--

ALTER TABLE ONLY task_milestone
    ADD CONSTRAINT task_milestone_pkey PRIMARY KEY (task_element_id);


--
-- Name: task_pkey; Type: CONSTRAINT; Schema: public; Owner: naval; Tablespace: 
--

ALTER TABLE ONLY task
    ADD CONSTRAINT task_pkey PRIMARY KEY (task_element_id);


--
-- Name: task_quality_form_items_pkey; Type: CONSTRAINT; Schema: public; Owner: naval; Tablespace: 
--

ALTER TABLE ONLY task_quality_form_items
    ADD CONSTRAINT task_quality_form_items_pkey PRIMARY KEY (task_quality_form_id, idx);


--
-- Name: task_quality_form_pkey; Type: CONSTRAINT; Schema: public; Owner: naval; Tablespace: 
--

ALTER TABLE ONLY task_quality_form
    ADD CONSTRAINT task_quality_form_pkey PRIMARY KEY (id);


--
-- Name: task_source_hours_groups_pkey; Type: CONSTRAINT; Schema: public; Owner: naval; Tablespace: 
--

ALTER TABLE ONLY task_source_hours_groups
    ADD CONSTRAINT task_source_hours_groups_pkey PRIMARY KEY (task_source_id, hours_group_id);


--
-- Name: task_source_pkey; Type: CONSTRAINT; Schema: public; Owner: naval; Tablespace: 
--

ALTER TABLE ONLY task_source
    ADD CONSTRAINT task_source_pkey PRIMARY KEY (id);


--
-- Name: task_source_schedulingdata_key; Type: CONSTRAINT; Schema: public; Owner: naval; Tablespace: 
--

ALTER TABLE ONLY task_source
    ADD CONSTRAINT task_source_schedulingdata_key UNIQUE (schedulingdata);


--
-- Name: task_subcontrated_task_data_id_key; Type: CONSTRAINT; Schema: public; Owner: naval; Tablespace: 
--

ALTER TABLE ONLY task
    ADD CONSTRAINT task_subcontrated_task_data_id_key UNIQUE (subcontrated_task_data_id);


--
-- Name: type_of_work_hours_code_key; Type: CONSTRAINT; Schema: public; Owner: naval; Tablespace: 
--

ALTER TABLE ONLY type_of_work_hours
    ADD CONSTRAINT type_of_work_hours_code_key UNIQUE (code);


--
-- Name: type_of_work_hours_name_key; Type: CONSTRAINT; Schema: public; Owner: naval; Tablespace: 
--

ALTER TABLE ONLY type_of_work_hours
    ADD CONSTRAINT type_of_work_hours_name_key UNIQUE (name);


--
-- Name: type_of_work_hours_pkey; Type: CONSTRAINT; Schema: public; Owner: naval; Tablespace: 
--

ALTER TABLE ONLY type_of_work_hours
    ADD CONSTRAINT type_of_work_hours_pkey PRIMARY KEY (id);


--
-- Name: unit_type_code_key; Type: CONSTRAINT; Schema: public; Owner: naval; Tablespace: 
--

ALTER TABLE ONLY unit_type
    ADD CONSTRAINT unit_type_code_key UNIQUE (code);


--
-- Name: unit_type_pkey; Type: CONSTRAINT; Schema: public; Owner: naval; Tablespace: 
--

ALTER TABLE ONLY unit_type
    ADD CONSTRAINT unit_type_pkey PRIMARY KEY (id);


--
-- Name: user_profiles_pkey; Type: CONSTRAINT; Schema: public; Owner: naval; Tablespace: 
--

ALTER TABLE ONLY user_profiles
    ADD CONSTRAINT user_profiles_pkey PRIMARY KEY (user_id, profile_id);


--
-- Name: user_table_login_name_key; Type: CONSTRAINT; Schema: public; Owner: naval; Tablespace: 
--

ALTER TABLE ONLY user_table
    ADD CONSTRAINT user_table_login_name_key UNIQUE (login_name);


--
-- Name: user_table_pkey; Type: CONSTRAINT; Schema: public; Owner: naval; Tablespace: 
--

ALTER TABLE ONLY user_table
    ADD CONSTRAINT user_table_pkey PRIMARY KEY (id);


--
-- Name: virtual_worker_pkey; Type: CONSTRAINT; Schema: public; Owner: naval; Tablespace: 
--

ALTER TABLE ONLY virtual_worker
    ADD CONSTRAINT virtual_worker_pkey PRIMARY KEY (virtual_worker_id);


--
-- Name: work_report_code_key; Type: CONSTRAINT; Schema: public; Owner: naval; Tablespace: 
--

ALTER TABLE ONLY work_report
    ADD CONSTRAINT work_report_code_key UNIQUE (code);


--
-- Name: work_report_label_type_assigment_pkey; Type: CONSTRAINT; Schema: public; Owner: naval; Tablespace: 
--

ALTER TABLE ONLY work_report_label_type_assigment
    ADD CONSTRAINT work_report_label_type_assigment_pkey PRIMARY KEY (id);


--
-- Name: work_report_line_code_key; Type: CONSTRAINT; Schema: public; Owner: naval; Tablespace: 
--

ALTER TABLE ONLY work_report_line
    ADD CONSTRAINT work_report_line_code_key UNIQUE (code);


--
-- Name: work_report_line_pkey; Type: CONSTRAINT; Schema: public; Owner: naval; Tablespace: 
--

ALTER TABLE ONLY work_report_line
    ADD CONSTRAINT work_report_line_pkey PRIMARY KEY (id);


--
-- Name: work_report_pkey; Type: CONSTRAINT; Schema: public; Owner: naval; Tablespace: 
--

ALTER TABLE ONLY work_report
    ADD CONSTRAINT work_report_pkey PRIMARY KEY (id);


--
-- Name: work_report_type_code_key; Type: CONSTRAINT; Schema: public; Owner: naval; Tablespace: 
--

ALTER TABLE ONLY work_report_type
    ADD CONSTRAINT work_report_type_code_key UNIQUE (code);


--
-- Name: work_report_type_name_key; Type: CONSTRAINT; Schema: public; Owner: naval; Tablespace: 
--

ALTER TABLE ONLY work_report_type
    ADD CONSTRAINT work_report_type_name_key UNIQUE (name);


--
-- Name: work_report_type_pkey; Type: CONSTRAINT; Schema: public; Owner: naval; Tablespace: 
--

ALTER TABLE ONLY work_report_type
    ADD CONSTRAINT work_report_type_pkey PRIMARY KEY (id);


--
-- Name: worker_pkey; Type: CONSTRAINT; Schema: public; Owner: naval; Tablespace: 
--

ALTER TABLE ONLY worker
    ADD CONSTRAINT worker_pkey PRIMARY KEY (worker_id);


--
-- Name: workreports_labels_pkey; Type: CONSTRAINT; Schema: public; Owner: naval; Tablespace: 
--

ALTER TABLE ONLY workreports_labels
    ADD CONSTRAINT workreports_labels_pkey PRIMARY KEY (work_report_id, label_id);


--
-- Name: workreportslines_labels_pkey; Type: CONSTRAINT; Schema: public; Owner: naval; Tablespace: 
--

ALTER TABLE ONLY workreportslines_labels
    ADD CONSTRAINT workreportslines_labels_pkey PRIMARY KEY (work_report_line_id, label_id);


--
-- Name: fk101a54bf87fa6b5d; Type: FK CONSTRAINT; Schema: public; Owner: naval
--

ALTER TABLE ONLY task_quality_form_items
    ADD CONSTRAINT fk101a54bf87fa6b5d FOREIGN KEY (task_quality_form_id) REFERENCES task_quality_form(id);


--
-- Name: fk11d365279578651e; Type: FK CONSTRAINT; Schema: public; Owner: naval
--

ALTER TABLE ONLY material
    ADD CONSTRAINT fk11d365279578651e FOREIGN KEY (category_id) REFERENCES material_category(id);


--
-- Name: fk11d36527f11b2d0; Type: FK CONSTRAINT; Schema: public; Owner: naval
--

ALTER TABLE ONLY material
    ADD CONSTRAINT fk11d36527f11b2d0 FOREIGN KEY (unit_type) REFERENCES unit_type(id);


--
-- Name: fk16e20ea114a5c61; Type: FK CONSTRAINT; Schema: public; Owner: naval
--

ALTER TABLE ONLY criterion
    ADD CONSTRAINT fk16e20ea114a5c61 FOREIGN KEY (id_criterion_type) REFERENCES criterion_type(id);


--
-- Name: fk16e20ea13a156175; Type: FK CONSTRAINT; Schema: public; Owner: naval
--

ALTER TABLE ONLY criterion
    ADD CONSTRAINT fk16e20ea13a156175 FOREIGN KEY (parent) REFERENCES criterion(id);


--
-- Name: fk172a16c02f2d3aec; Type: FK CONSTRAINT; Schema: public; Owner: naval
--

ALTER TABLE ONLY direct_advance_assignment
    ADD CONSTRAINT fk172a16c02f2d3aec FOREIGN KEY (advance_assignment_id) REFERENCES advance_assignment(id);


--
-- Name: fk172a16c0a1127ce5; Type: FK CONSTRAINT; Schema: public; Owner: naval
--

ALTER TABLE ONLY direct_advance_assignment
    ADD CONSTRAINT fk172a16c0a1127ce5 FOREIGN KEY (direct_order_element_id) REFERENCES order_element(id);


--
-- Name: fk1e6bf5475c390c4; Type: FK CONSTRAINT; Schema: public; Owner: naval
--

ALTER TABLE ONLY description_values_in_line
    ADD CONSTRAINT fk1e6bf5475c390c4 FOREIGN KEY (description_value_id) REFERENCES work_report_line(id);


--
-- Name: fk1fc5f45575ed79ba; Type: FK CONSTRAINT; Schema: public; Owner: naval
--

ALTER TABLE ONLY limiting_resource_queue_element
    ADD CONSTRAINT fk1fc5f45575ed79ba FOREIGN KEY (resource_allocation_id) REFERENCES resource_allocation(id);


--
-- Name: fk1fc5f455bd2209e8; Type: FK CONSTRAINT; Schema: public; Owner: naval
--

ALTER TABLE ONLY limiting_resource_queue_element
    ADD CONSTRAINT fk1fc5f455bd2209e8 FOREIGN KEY (limiting_resource_queue_id) REFERENCES limiting_resource_queue(id);


--
-- Name: fk225ff96a8c4c676c; Type: FK CONSTRAINT; Schema: public; Owner: naval
--

ALTER TABLE ONLY criterion_satisfaction
    ADD CONSTRAINT fk225ff96a8c4c676c FOREIGN KEY (criterion) REFERENCES criterion(id);


--
-- Name: fk225ff96aeae850b2; Type: FK CONSTRAINT; Schema: public; Owner: naval
--

ALTER TABLE ONLY criterion_satisfaction
    ADD CONSTRAINT fk225ff96aeae850b2 FOREIGN KEY (resource) REFERENCES resource(id);


--
-- Name: fk27c2a21648d21790; Type: FK CONSTRAINT; Schema: public; Owner: naval
--

ALTER TABLE ONLY resources_cost_category_assignment
    ADD CONSTRAINT fk27c2a21648d21790 FOREIGN KEY (resource_id) REFERENCES resource(id);


--
-- Name: fk27c2a216c29ad8eb; Type: FK CONSTRAINT; Schema: public; Owner: naval
--

ALTER TABLE ONLY resources_cost_category_assignment
    ADD CONSTRAINT fk27c2a216c29ad8eb FOREIGN KEY (cost_category_id) REFERENCES cost_category(id);


--
-- Name: fk2908787d415884f6; Type: FK CONSTRAINT; Schema: public; Owner: naval
--

ALTER TABLE ONLY heading_field
    ADD CONSTRAINT fk2908787d415884f6 FOREIGN KEY (heading_id) REFERENCES work_report_type(id);


--
-- Name: fk2d124245efda874f; Type: FK CONSTRAINT; Schema: public; Owner: naval
--

ALTER TABLE ONLY order_line
    ADD CONSTRAINT fk2d124245efda874f FOREIGN KEY (order_element_id) REFERENCES order_element(id);


--
-- Name: fk2e7e6bcc5567ad13; Type: FK CONSTRAINT; Schema: public; Owner: naval
--

ALTER TABLE ONLY roles_table
    ADD CONSTRAINT fk2e7e6bcc5567ad13 FOREIGN KEY (user_id) REFERENCES user_table(id);


--
-- Name: fk31314447937680b7; Type: FK CONSTRAINT; Schema: public; Owner: naval
--

ALTER TABLE ONLY machine
    ADD CONSTRAINT fk31314447937680b7 FOREIGN KEY (machine_id) REFERENCES resource(id);


--
-- Name: fk3525435419b9dfde; Type: FK CONSTRAINT; Schema: public; Owner: naval
--

ALTER TABLE ONLY material_assigment_template
    ADD CONSTRAINT fk3525435419b9dfde FOREIGN KEY (order_element_template_id) REFERENCES order_element_template(id);


--
-- Name: fk35254354b5c68337; Type: FK CONSTRAINT; Schema: public; Owner: naval
--

ALTER TABLE ONLY material_assigment_template
    ADD CONSTRAINT fk35254354b5c68337 FOREIGN KEY (material_id) REFERENCES material(id);


--
-- Name: fk35588e2d3ae24ff8; Type: FK CONSTRAINT; Schema: public; Owner: naval
--

ALTER TABLE ONLY consolidated_value
    ADD CONSTRAINT fk35588e2d3ae24ff8 FOREIGN KEY (consolidation_id) REFERENCES consolidation(id);


--
-- Name: fk35588e2db96bba28; Type: FK CONSTRAINT; Schema: public; Owner: naval
--

ALTER TABLE ONLY consolidated_value
    ADD CONSTRAINT fk35588e2db96bba28 FOREIGN KEY (advance_measurement_id) REFERENCES advance_measurement(id);


--
-- Name: fk35bc4ed63804cfa; Type: FK CONSTRAINT; Schema: public; Owner: naval
--

ALTER TABLE ONLY subcontracted_task_data
    ADD CONSTRAINT fk35bc4ed63804cfa FOREIGN KEY (external_company) REFERENCES external_company(id);


--
-- Name: fk3635854936bb8c; Type: FK CONSTRAINT; Schema: public; Owner: naval
--

ALTER TABLE ONLY task
    ADD CONSTRAINT fk3635854936bb8c FOREIGN KEY (task_element_id) REFERENCES task_element(id);


--
-- Name: fk3635855b595a0; Type: FK CONSTRAINT; Schema: public; Owner: naval
--

ALTER TABLE ONLY task
    ADD CONSTRAINT fk3635855b595a0 FOREIGN KEY (subcontrated_task_data_id) REFERENCES subcontracted_task_data(id);


--
-- Name: fk3b9a8148c29ad8eb; Type: FK CONSTRAINT; Schema: public; Owner: naval
--

ALTER TABLE ONLY hour_cost
    ADD CONSTRAINT fk3b9a8148c29ad8eb FOREIGN KEY (cost_category_id) REFERENCES cost_category(id);


--
-- Name: fk3b9a8148d5b6184d; Type: FK CONSTRAINT; Schema: public; Owner: naval
--

ALTER TABLE ONLY hour_cost
    ADD CONSTRAINT fk3b9a8148d5b6184d FOREIGN KEY (type_of_work_hours_id) REFERENCES type_of_work_hours(id);


--
-- Name: fk4339b2e41638aab; Type: FK CONSTRAINT; Schema: public; Owner: naval
--

ALTER TABLE ONLY order_element_template
    ADD CONSTRAINT fk4339b2e41638aab FOREIGN KEY (parent) REFERENCES order_line_group_template(group_template_id);


--
-- Name: fk4356e07e8b37665c; Type: FK CONSTRAINT; Schema: public; Owner: naval
--

ALTER TABLE ONLY task_quality_form
    ADD CONSTRAINT fk4356e07e8b37665c FOREIGN KEY (quality_form_id) REFERENCES quality_form(id);


--
-- Name: fk4356e07eefda874f; Type: FK CONSTRAINT; Schema: public; Owner: naval
--

ALTER TABLE ONLY task_quality_form
    ADD CONSTRAINT fk4356e07eefda874f FOREIGN KEY (order_element_id) REFERENCES order_element(id);


--
-- Name: fk4949f0241a5e11f8; Type: FK CONSTRAINT; Schema: public; Owner: naval
--

ALTER TABLE ONLY stretches_function
    ADD CONSTRAINT fk4949f0241a5e11f8 FOREIGN KEY (assignment_function_id) REFERENCES assignment_function(id);


--
-- Name: fk4d9497454936bb8c; Type: FK CONSTRAINT; Schema: public; Owner: naval
--

ALTER TABLE ONLY task_group
    ADD CONSTRAINT fk4d9497454936bb8c FOREIGN KEY (task_element_id) REFERENCES task_element(id);


--
-- Name: fk557738bca44abee3; Type: FK CONSTRAINT; Schema: public; Owner: naval
--

ALTER TABLE ONLY calendar_availability
    ADD CONSTRAINT fk557738bca44abee3 FOREIGN KEY (base_calendar_id) REFERENCES base_calendar(id);


--
-- Name: fk5948535228f2695; Type: FK CONSTRAINT; Schema: public; Owner: naval
--

ALTER TABLE ONLY limiting_resource_queue_dependency
    ADD CONSTRAINT fk5948535228f2695 FOREIGN KEY (origin_queue_element_id) REFERENCES limiting_resource_queue_element(id);


--
-- Name: fk59485352e42f8d29; Type: FK CONSTRAINT; Schema: public; Owner: naval
--

ALTER TABLE ONLY limiting_resource_queue_dependency
    ADD CONSTRAINT fk59485352e42f8d29 FOREIGN KEY (destiny_queue_element_id) REFERENCES limiting_resource_queue_element(id);


--
-- Name: fk616de2a319b9dfde; Type: FK CONSTRAINT; Schema: public; Owner: naval
--

ALTER TABLE ONLY order_element_template_label
    ADD CONSTRAINT fk616de2a319b9dfde FOREIGN KEY (order_element_template_id) REFERENCES order_element_template(id);


--
-- Name: fk616de2a3c1c2746e; Type: FK CONSTRAINT; Schema: public; Owner: naval
--

ALTER TABLE ONLY order_element_template_label
    ADD CONSTRAINT fk616de2a3c1c2746e FOREIGN KEY (label_id) REFERENCES label(id);


--
-- Name: fk61f7ef4707cd777; Type: FK CONSTRAINT; Schema: public; Owner: naval
--

ALTER TABLE ONLY label
    ADD CONSTRAINT fk61f7ef4707cd777 FOREIGN KEY (label_type_id) REFERENCES label_type(id);


--
-- Name: fk6476ce4b9a4a7d90; Type: FK CONSTRAINT; Schema: public; Owner: naval
--

ALTER TABLE ONLY order_template
    ADD CONSTRAINT fk6476ce4b9a4a7d90 FOREIGN KEY (order_template_id) REFERENCES order_line_group_template(group_template_id);


--
-- Name: fk6476ce4ba44abee3; Type: FK CONSTRAINT; Schema: public; Owner: naval
--

ALTER TABLE ONLY order_template
    ADD CONSTRAINT fk6476ce4ba44abee3 FOREIGN KEY (base_calendar_id) REFERENCES base_calendar(id);


--
-- Name: fk64cbad3b218d7620; Type: FK CONSTRAINT; Schema: public; Owner: naval
--

ALTER TABLE ONLY indirect_advance_assignment
    ADD CONSTRAINT fk64cbad3b218d7620 FOREIGN KEY (indirect_order_element_id) REFERENCES order_element(id);


--
-- Name: fk64cbad3b2f2d3aec; Type: FK CONSTRAINT; Schema: public; Owner: naval
--

ALTER TABLE ONLY indirect_advance_assignment
    ADD CONSTRAINT fk64cbad3b2f2d3aec FOREIGN KEY (advance_assignment_id) REFERENCES advance_assignment(id);


--
-- Name: fk64cbad3b8202350f; Type: FK CONSTRAINT; Schema: public; Owner: naval
--

ALTER TABLE ONLY indirect_advance_assignment
    ADD CONSTRAINT fk64cbad3b8202350f FOREIGN KEY (indirect_order_element_id) REFERENCES order_line_group(order_element_id);


--
-- Name: fk672eed98efda874f; Type: FK CONSTRAINT; Schema: public; Owner: naval
--

ALTER TABLE ONLY scheduling_data_for_version
    ADD CONSTRAINT fk672eed98efda874f FOREIGN KEY (order_element_id) REFERENCES order_element(id);


--
-- Name: fk733374f6cc119699; Type: FK CONSTRAINT; Schema: public; Owner: naval
--

ALTER TABLE ONLY configuration
    ADD CONSTRAINT fk733374f6cc119699 FOREIGN KEY (configuration_id) REFERENCES base_calendar(id);


--
-- Name: fk7358465a4cd98327; Type: FK CONSTRAINT; Schema: public; Owner: naval
--

ALTER TABLE ONLY user_table
    ADD CONSTRAINT fk7358465a4cd98327 FOREIGN KEY (lastconnectedscenario) REFERENCES scenario(id);


--
-- Name: fk74fc040b7fa34e3f; Type: FK CONSTRAINT; Schema: public; Owner: naval
--

ALTER TABLE ONLY calendar_data
    ADD CONSTRAINT fk74fc040b7fa34e3f FOREIGN KEY (parent) REFERENCES base_calendar(id);


--
-- Name: fk74fc040ba44abee3; Type: FK CONSTRAINT; Schema: public; Owner: naval
--

ALTER TABLE ONLY calendar_data
    ADD CONSTRAINT fk74fc040ba44abee3 FOREIGN KEY (base_calendar_id) REFERENCES base_calendar(id);


--
-- Name: fk75a2f39d4ec080cf; Type: FK CONSTRAINT; Schema: public; Owner: naval
--

ALTER TABLE ONLY order_table
    ADD CONSTRAINT fk75a2f39d4ec080cf FOREIGN KEY (customer) REFERENCES external_company(id);


--
-- Name: fk75a2f39d504f463e; Type: FK CONSTRAINT; Schema: public; Owner: naval
--

ALTER TABLE ONLY order_table
    ADD CONSTRAINT fk75a2f39d504f463e FOREIGN KEY (order_element_id) REFERENCES order_line_group(order_element_id);


--
-- Name: fk75a2f39da44abee3; Type: FK CONSTRAINT; Schema: public; Owner: naval
--

ALTER TABLE ONLY order_table
    ADD CONSTRAINT fk75a2f39da44abee3 FOREIGN KEY (base_calendar_id) REFERENCES base_calendar(id);


--
-- Name: fk7950e0153d72bc6f; Type: FK CONSTRAINT; Schema: public; Owner: naval
--

ALTER TABLE ONLY task_source
    ADD CONSTRAINT fk7950e0153d72bc6f FOREIGN KEY (id) REFERENCES task_element(id);


--
-- Name: fk7950e0159a2c0abd; Type: FK CONSTRAINT; Schema: public; Owner: naval
--

ALTER TABLE ONLY task_source
    ADD CONSTRAINT fk7950e0159a2c0abd FOREIGN KEY (schedulingdata) REFERENCES scheduling_data_for_version(id);


--
-- Name: fk7980035061f02c44; Type: FK CONSTRAINT; Schema: public; Owner: naval
--

ALTER TABLE ONLY all_criterions
    ADD CONSTRAINT fk7980035061f02c44 FOREIGN KEY (criterion_id) REFERENCES criterion(id);


--
-- Name: fk79800350b1524a73; Type: FK CONSTRAINT; Schema: public; Owner: naval
--

ALTER TABLE ONLY all_criterions
    ADD CONSTRAINT fk79800350b1524a73 FOREIGN KEY (generic_resource_allocation_id) REFERENCES generic_resource_allocation(resource_allocation_id);


--
-- Name: fk7d1ee2c5fec79eb0; Type: FK CONSTRAINT; Schema: public; Owner: naval
--

ALTER TABLE ONLY description_values
    ADD CONSTRAINT fk7d1ee2c5fec79eb0 FOREIGN KEY (description_value_id) REFERENCES work_report(id);


--
-- Name: fk7e57469848d21790; Type: FK CONSTRAINT; Schema: public; Owner: naval
--

ALTER TABLE ONLY limiting_resource_queue
    ADD CONSTRAINT fk7e57469848d21790 FOREIGN KEY (resource_id) REFERENCES resource(id);


--
-- Name: fk84c66516b53669f2; Type: FK CONSTRAINT; Schema: public; Owner: naval
--

ALTER TABLE ONLY material_category
    ADD CONSTRAINT fk84c66516b53669f2 FOREIGN KEY (parent_id) REFERENCES material_category(id);


--
-- Name: fk84f61df123b85cf1; Type: FK CONSTRAINT; Schema: public; Owner: naval
--

ALTER TABLE ONLY scheduling_states_by_order_version
    ADD CONSTRAINT fk84f61df123b85cf1 FOREIGN KEY (order_version_id) REFERENCES order_version(id);


--
-- Name: fk84f61df19bfe55d0; Type: FK CONSTRAINT; Schema: public; Owner: naval
--

ALTER TABLE ONLY scheduling_states_by_order_version
    ADD CONSTRAINT fk84f61df19bfe55d0 FOREIGN KEY (scheduling_state_for_version_id) REFERENCES scheduling_data_for_version(id);


--
-- Name: fk84f61df1efda874f; Type: FK CONSTRAINT; Schema: public; Owner: naval
--

ALTER TABLE ONLY scheduling_states_by_order_version
    ADD CONSTRAINT fk84f61df1efda874f FOREIGN KEY (order_element_id) REFERENCES order_element(id);


--
-- Name: fk88eecef415884f6; Type: FK CONSTRAINT; Schema: public; Owner: naval
--

ALTER TABLE ONLY line_field
    ADD CONSTRAINT fk88eecef415884f6 FOREIGN KEY (heading_id) REFERENCES work_report_type(id);


--
-- Name: fk91bbca7423b85cf1; Type: FK CONSTRAINT; Schema: public; Owner: naval
--

ALTER TABLE ONLY scenario_orders
    ADD CONSTRAINT fk91bbca7423b85cf1 FOREIGN KEY (order_version_id) REFERENCES order_version(id);


--
-- Name: fk91bbca7487287288; Type: FK CONSTRAINT; Schema: public; Owner: naval
--

ALTER TABLE ONLY scenario_orders
    ADD CONSTRAINT fk91bbca7487287288 FOREIGN KEY (order_id) REFERENCES order_table(order_element_id);


--
-- Name: fk91bbca74c0fb9d8e; Type: FK CONSTRAINT; Schema: public; Owner: naval
--

ALTER TABLE ONLY scenario_orders
    ADD CONSTRAINT fk91bbca74c0fb9d8e FOREIGN KEY (scenario_id) REFERENCES scenario(id);


--
-- Name: fk92271f0b1e635c19; Type: FK CONSTRAINT; Schema: public; Owner: naval
--

ALTER TABLE ONLY order_element
    ADD CONSTRAINT fk92271f0b1e635c19 FOREIGN KEY (parent) REFERENCES order_line_group(order_element_id);


--
-- Name: fk92271f0b7ec17fa6; Type: FK CONSTRAINT; Schema: public; Owner: naval
--

ALTER TABLE ONLY order_element
    ADD CONSTRAINT fk92271f0b7ec17fa6 FOREIGN KEY (sum_charged_hours_id) REFERENCES sum_charged_hours(id);


--
-- Name: fk92271f0bd97bcc8c; Type: FK CONSTRAINT; Schema: public; Owner: naval
--

ALTER TABLE ONLY order_element
    ADD CONSTRAINT fk92271f0bd97bcc8c FOREIGN KEY (template) REFERENCES order_element_template(id);


--
-- Name: fk95548d7861f02c44; Type: FK CONSTRAINT; Schema: public; Owner: naval
--

ALTER TABLE ONLY machine_configuration_unit_required_criterions
    ADD CONSTRAINT fk95548d7861f02c44 FOREIGN KEY (criterion_id) REFERENCES criterion(id);


--
-- Name: fk95548d7875999a91; Type: FK CONSTRAINT; Schema: public; Owner: naval
--

ALTER TABLE ONLY machine_configuration_unit_required_criterions
    ADD CONSTRAINT fk95548d7875999a91 FOREIGN KEY (id) REFERENCES machine_workers_configuration_unit(id);


--
-- Name: fk9619184fa44abee3; Type: FK CONSTRAINT; Schema: public; Owner: naval
--

ALTER TABLE ONLY resource_calendar
    ADD CONSTRAINT fk9619184fa44abee3 FOREIGN KEY (base_calendar_id) REFERENCES base_calendar(id);


--
-- Name: fk9c819f74ddc82952; Type: FK CONSTRAINT; Schema: public; Owner: naval
--

ALTER TABLE ONLY order_line_group_template
    ADD CONSTRAINT fk9c819f74ddc82952 FOREIGN KEY (group_template_id) REFERENCES order_element_template(id);


--
-- Name: fka01fe4ee8c80ccb7; Type: FK CONSTRAINT; Schema: public; Owner: naval
--

ALTER TABLE ONLY task_source_hours_groups
    ADD CONSTRAINT fka01fe4ee8c80ccb7 FOREIGN KEY (task_source_id) REFERENCES task_source(id);


--
-- Name: fka01fe4eee036cfed; Type: FK CONSTRAINT; Schema: public; Owner: naval
--

ALTER TABLE ONLY task_source_hours_groups
    ADD CONSTRAINT fka01fe4eee036cfed FOREIGN KEY (hours_group_id) REFERENCES hours_group(id);


--
-- Name: fka215508ea44abee3; Type: FK CONSTRAINT; Schema: public; Owner: naval
--

ALTER TABLE ONLY calendar_exception
    ADD CONSTRAINT fka215508ea44abee3 FOREIGN KEY (base_calendar_id) REFERENCES base_calendar(id);


--
-- Name: fka215508eadad7e51; Type: FK CONSTRAINT; Schema: public; Owner: naval
--

ALTER TABLE ONLY calendar_exception
    ADD CONSTRAINT fka215508eadad7e51 FOREIGN KEY (calendar_exception_id) REFERENCES calendar_exception_type(id);


--
-- Name: fka2c1583686b2de7a; Type: FK CONSTRAINT; Schema: public; Owner: naval
--

ALTER TABLE ONLY machine_worker_assignment
    ADD CONSTRAINT fka2c1583686b2de7a FOREIGN KEY (configuration_id) REFERENCES machine_workers_configuration_unit(id);


--
-- Name: fka2c158369bebcf10; Type: FK CONSTRAINT; Schema: public; Owner: naval
--

ALTER TABLE ONLY machine_worker_assignment
    ADD CONSTRAINT fka2c158369bebcf10 FOREIGN KEY (worker_id) REFERENCES worker(worker_id);


--
-- Name: fka391ce7a2380ca7; Type: FK CONSTRAINT; Schema: public; Owner: naval
--

ALTER TABLE ONLY order_version
    ADD CONSTRAINT fka391ce7a2380ca7 FOREIGN KEY (ownerscenario) REFERENCES scenario(id);


--
-- Name: fkad6003c58b37665c; Type: FK CONSTRAINT; Schema: public; Owner: naval
--

ALTER TABLE ONLY quality_form_items
    ADD CONSTRAINT fkad6003c58b37665c FOREIGN KEY (quality_form_id) REFERENCES quality_form(id);


--
-- Name: fkb3e9425b5c68337; Type: FK CONSTRAINT; Schema: public; Owner: naval
--

ALTER TABLE ONLY material_assigment
    ADD CONSTRAINT fkb3e9425b5c68337 FOREIGN KEY (material_id) REFERENCES material(id);


--
-- Name: fkb3e9425efda874f; Type: FK CONSTRAINT; Schema: public; Owner: naval
--

ALTER TABLE ONLY material_assigment
    ADD CONSTRAINT fkb3e9425efda874f FOREIGN KEY (order_element_id) REFERENCES order_element(id);


--
-- Name: fkb83176c31b8e7cf2; Type: FK CONSTRAINT; Schema: public; Owner: naval
--

ALTER TABLE ONLY derived_day_assignments_container
    ADD CONSTRAINT fkb83176c31b8e7cf2 FOREIGN KEY (derived_allocation_id) REFERENCES derived_allocation(id);


--
-- Name: fkb83176c3421c7cf4; Type: FK CONSTRAINT; Schema: public; Owner: naval
--

ALTER TABLE ONLY derived_day_assignments_container
    ADD CONSTRAINT fkb83176c3421c7cf4 FOREIGN KEY (scenario) REFERENCES scenario(id);


--
-- Name: fkb92b59485567ad13; Type: FK CONSTRAINT; Schema: public; Owner: naval
--

ALTER TABLE ONLY order_authorization
    ADD CONSTRAINT fkb92b59485567ad13 FOREIGN KEY (user_id) REFERENCES user_table(id);


--
-- Name: fkb92b594887287288; Type: FK CONSTRAINT; Schema: public; Owner: naval
--

ALTER TABLE ONLY order_authorization
    ADD CONSTRAINT fkb92b594887287288 FOREIGN KEY (order_id) REFERENCES order_table(order_element_id);


--
-- Name: fkb92b5948edc4db41; Type: FK CONSTRAINT; Schema: public; Owner: naval
--

ALTER TABLE ONLY order_authorization
    ADD CONSTRAINT fkb92b5948edc4db41 FOREIGN KEY (profile_id) REFERENCES profile_table(id);


--
-- Name: fkbb262920131853a1; Type: FK CONSTRAINT; Schema: public; Owner: naval
--

ALTER TABLE ONLY work_report_label_type_assigment
    ADD CONSTRAINT fkbb262920131853a1 FOREIGN KEY (work_report_type_id) REFERENCES work_report_type(id);


--
-- Name: fkbb262920707cd777; Type: FK CONSTRAINT; Schema: public; Owner: naval
--

ALTER TABLE ONLY work_report_label_type_assigment
    ADD CONSTRAINT fkbb262920707cd777 FOREIGN KEY (label_type_id) REFERENCES label_type(id);


--
-- Name: fkbb262920c1c2746e; Type: FK CONSTRAINT; Schema: public; Owner: naval
--

ALTER TABLE ONLY work_report_label_type_assigment
    ADD CONSTRAINT fkbb262920c1c2746e FOREIGN KEY (label_id) REFERENCES label(id);


--
-- Name: fkbb493f5019256004; Type: FK CONSTRAINT; Schema: public; Owner: naval
--

ALTER TABLE ONLY day_assignment
    ADD CONSTRAINT fkbb493f5019256004 FOREIGN KEY (generic_container_id) REFERENCES generic_day_assignments_container(id);


--
-- Name: fkbb493f5048d21790; Type: FK CONSTRAINT; Schema: public; Owner: naval
--

ALTER TABLE ONLY day_assignment
    ADD CONSTRAINT fkbb493f5048d21790 FOREIGN KEY (resource_id) REFERENCES resource(id);


--
-- Name: fkbb493f50510e7a78; Type: FK CONSTRAINT; Schema: public; Owner: naval
--

ALTER TABLE ONLY day_assignment
    ADD CONSTRAINT fkbb493f50510e7a78 FOREIGN KEY (derived_container_id) REFERENCES derived_day_assignments_container(id);


--
-- Name: fkbb493f50756348a8; Type: FK CONSTRAINT; Schema: public; Owner: naval
--

ALTER TABLE ONLY day_assignment
    ADD CONSTRAINT fkbb493f50756348a8 FOREIGN KEY (specific_container_id) REFERENCES specific_day_assignments_container(id);


--
-- Name: fkbb58534c6ccf87c5; Type: FK CONSTRAINT; Schema: public; Owner: naval
--

ALTER TABLE ONLY planning_data
    ADD CONSTRAINT fkbb58534c6ccf87c5 FOREIGN KEY (planning_data_id) REFERENCES task_group(task_element_id);


--
-- Name: fkc01655fd421c7cf4; Type: FK CONSTRAINT; Schema: public; Owner: naval
--

ALTER TABLE ONLY generic_day_assignments_container
    ADD CONSTRAINT fkc01655fd421c7cf4 FOREIGN KEY (scenario) REFERENCES scenario(id);


--
-- Name: fkc01655fdee970b; Type: FK CONSTRAINT; Schema: public; Owner: naval
--

ALTER TABLE ONLY generic_day_assignments_container
    ADD CONSTRAINT fkc01655fdee970b FOREIGN KEY (resource_allocation_id) REFERENCES generic_resource_allocation(resource_allocation_id);


--
-- Name: fkc405554bfd5e49bc; Type: FK CONSTRAINT; Schema: public; Owner: naval
--

ALTER TABLE ONLY effort_per_day
    ADD CONSTRAINT fkc405554bfd5e49bc FOREIGN KEY (base_calendar_id) REFERENCES calendar_data(id);


--
-- Name: fkc631a642a44abee3; Type: FK CONSTRAINT; Schema: public; Owner: naval
--

ALTER TABLE ONLY task_element
    ADD CONSTRAINT fkc631a642a44abee3 FOREIGN KEY (base_calendar_id) REFERENCES base_calendar(id);


--
-- Name: fkc631a642a5f3c581; Type: FK CONSTRAINT; Schema: public; Owner: naval
--

ALTER TABLE ONLY task_element
    ADD CONSTRAINT fkc631a642a5f3c581 FOREIGN KEY (parent) REFERENCES task_group(task_element_id);


--
-- Name: fkc74605de5567ad13; Type: FK CONSTRAINT; Schema: public; Owner: naval
--

ALTER TABLE ONLY user_profiles
    ADD CONSTRAINT fkc74605de5567ad13 FOREIGN KEY (user_id) REFERENCES user_table(id);


--
-- Name: fkc74605deedc4db41; Type: FK CONSTRAINT; Schema: public; Owner: naval
--

ALTER TABLE ONLY user_profiles
    ADD CONSTRAINT fkc74605deedc4db41 FOREIGN KEY (profile_id) REFERENCES profile_table(id);


--
-- Name: fkc9400e2c430ea1de; Type: FK CONSTRAINT; Schema: public; Owner: naval
--

ALTER TABLE ONLY consolidation
    ADD CONSTRAINT fkc9400e2c430ea1de FOREIGN KEY (ind_advance_assignment_id) REFERENCES indirect_advance_assignment(advance_assignment_id);


--
-- Name: fkc9400e2c9f1d6611; Type: FK CONSTRAINT; Schema: public; Owner: naval
--

ALTER TABLE ONLY consolidation
    ADD CONSTRAINT fkc9400e2c9f1d6611 FOREIGN KEY (dir_advance_assignment_id) REFERENCES direct_advance_assignment(advance_assignment_id);


--
-- Name: fkc9400e2cff2b2ba3; Type: FK CONSTRAINT; Schema: public; Owner: naval
--

ALTER TABLE ONLY consolidation
    ADD CONSTRAINT fkc9400e2cff2b2ba3 FOREIGN KEY (id) REFERENCES task(task_element_id);


--
-- Name: fkc9c3fe691a5e11f8; Type: FK CONSTRAINT; Schema: public; Owner: naval
--

ALTER TABLE ONLY sigmoid_function
    ADD CONSTRAINT fkc9c3fe691a5e11f8 FOREIGN KEY (assignment_function_id) REFERENCES assignment_function(id);


--
-- Name: fkcb8fc1cd5078e161; Type: FK CONSTRAINT; Schema: public; Owner: naval
--

ALTER TABLE ONLY workreportslines_labels
    ADD CONSTRAINT fkcb8fc1cd5078e161 FOREIGN KEY (work_report_line_id) REFERENCES work_report_line(id);


--
-- Name: fkcb8fc1cdc1c2746e; Type: FK CONSTRAINT; Schema: public; Owner: naval
--

ALTER TABLE ONLY workreportslines_labels
    ADD CONSTRAINT fkcb8fc1cdc1c2746e FOREIGN KEY (label_id) REFERENCES label(id);


--
-- Name: fkcee46998421c7cf4; Type: FK CONSTRAINT; Schema: public; Owner: naval
--

ALTER TABLE ONLY specific_day_assignments_container
    ADD CONSTRAINT fkcee46998421c7cf4 FOREIGN KEY (scenario) REFERENCES scenario(id);


--
-- Name: fkcee469987518838c; Type: FK CONSTRAINT; Schema: public; Owner: naval
--

ALTER TABLE ONLY specific_day_assignments_container
    ADD CONSTRAINT fkcee469987518838c FOREIGN KEY (resource_allocation_id) REFERENCES specific_resource_allocation(resource_allocation_id);


--
-- Name: fkd04de7364936bb8c; Type: FK CONSTRAINT; Schema: public; Owner: naval
--

ALTER TABLE ONLY task_milestone
    ADD CONSTRAINT fkd04de7364936bb8c FOREIGN KEY (task_element_id) REFERENCES task_element(id);


--
-- Name: fkd162537e40901220; Type: FK CONSTRAINT; Schema: public; Owner: naval
--

ALTER TABLE ONLY worker
    ADD CONSTRAINT fkd162537e40901220 FOREIGN KEY (worker_id) REFERENCES resource(id);


--
-- Name: fkd1c57390fd99606d; Type: FK CONSTRAINT; Schema: public; Owner: naval
--

ALTER TABLE ONLY scenario
    ADD CONSTRAINT fkd1c57390fd99606d FOREIGN KEY (predecessor) REFERENCES scenario(id);


--
-- Name: fkd4192eaab216ed4c; Type: FK CONSTRAINT; Schema: public; Owner: naval
--

ALTER TABLE ONLY advance_assignment
    ADD CONSTRAINT fkd4192eaab216ed4c FOREIGN KEY (advance_type_id) REFERENCES advance_type(id);


--
-- Name: fkd47281efffeb5538; Type: FK CONSTRAINT; Schema: public; Owner: naval
--

ALTER TABLE ONLY machine_workers_configuration_unit
    ADD CONSTRAINT fkd47281efffeb5538 FOREIGN KEY (machine) REFERENCES machine(machine_id);


--
-- Name: fkd557d8a7edc4db41; Type: FK CONSTRAINT; Schema: public; Owner: naval
--

ALTER TABLE ONLY profile_roles
    ADD CONSTRAINT fkd557d8a7edc4db41 FOREIGN KEY (profile_id) REFERENCES profile_table(id);


--
-- Name: fkd8e14c09b36a6d51; Type: FK CONSTRAINT; Schema: public; Owner: naval
--

ALTER TABLE ONLY external_company
    ADD CONSTRAINT fkd8e14c09b36a6d51 FOREIGN KEY (company_user) REFERENCES user_table(id);


--
-- Name: fkd9b7594f1ed629ea; Type: FK CONSTRAINT; Schema: public; Owner: naval
--

ALTER TABLE ONLY hours_group
    ADD CONSTRAINT fkd9b7594f1ed629ea FOREIGN KEY (parent_order_line) REFERENCES order_line(order_element_id);


--
-- Name: fkd9b7594f8bdc6ac6; Type: FK CONSTRAINT; Schema: public; Owner: naval
--

ALTER TABLE ONLY hours_group
    ADD CONSTRAINT fkd9b7594f8bdc6ac6 FOREIGN KEY (order_line_template) REFERENCES order_line_template(order_line_template_id);


--
-- Name: fkd9bfae6f19b9dfde; Type: FK CONSTRAINT; Schema: public; Owner: naval
--

ALTER TABLE ONLY advance_assignment_template
    ADD CONSTRAINT fkd9bfae6f19b9dfde FOREIGN KEY (order_element_template_id) REFERENCES order_element_template(id);


--
-- Name: fkd9bfae6fb216ed4c; Type: FK CONSTRAINT; Schema: public; Owner: naval
--

ALTER TABLE ONLY advance_assignment_template
    ADD CONSTRAINT fkd9bfae6fb216ed4c FOREIGN KEY (advance_type_id) REFERENCES advance_type(id);


--
-- Name: fkdaba2f7f2f2d3aec; Type: FK CONSTRAINT; Schema: public; Owner: naval
--

ALTER TABLE ONLY advance_measurement
    ADD CONSTRAINT fkdaba2f7f2f2d3aec FOREIGN KEY (advance_assignment_id) REFERENCES advance_assignment(id);


--
-- Name: fkdaba2f7fa9e53843; Type: FK CONSTRAINT; Schema: public; Owner: naval
--

ALTER TABLE ONLY advance_measurement
    ADD CONSTRAINT fkdaba2f7fa9e53843 FOREIGN KEY (advance_assignment_id) REFERENCES direct_advance_assignment(advance_assignment_id);


--
-- Name: fkdce41405efda874f; Type: FK CONSTRAINT; Schema: public; Owner: naval
--

ALTER TABLE ONLY order_line_group
    ADD CONSTRAINT fkdce41405efda874f FOREIGN KEY (order_element_id) REFERENCES order_element(id);


--
-- Name: fke2af47f148d21790; Type: FK CONSTRAINT; Schema: public; Owner: naval
--

ALTER TABLE ONLY work_report_line
    ADD CONSTRAINT fke2af47f148d21790 FOREIGN KEY (resource_id) REFERENCES resource(id);


--
-- Name: fke2af47f1e7e1020b; Type: FK CONSTRAINT; Schema: public; Owner: naval
--

ALTER TABLE ONLY work_report_line
    ADD CONSTRAINT fke2af47f1e7e1020b FOREIGN KEY (type_work_hours_id) REFERENCES type_of_work_hours(id);


--
-- Name: fke2af47f1efda874f; Type: FK CONSTRAINT; Schema: public; Owner: naval
--

ALTER TABLE ONLY work_report_line
    ADD CONSTRAINT fke2af47f1efda874f FOREIGN KEY (order_element_id) REFERENCES order_element(id);


--
-- Name: fke2af47f1f1a3177c; Type: FK CONSTRAINT; Schema: public; Owner: naval
--

ALTER TABLE ONLY work_report_line
    ADD CONSTRAINT fke2af47f1f1a3177c FOREIGN KEY (work_report_id) REFERENCES work_report(id);


--
-- Name: fke4c379349fb7fc18; Type: FK CONSTRAINT; Schema: public; Owner: naval
--

ALTER TABLE ONLY order_line_template
    ADD CONSTRAINT fke4c379349fb7fc18 FOREIGN KEY (order_line_template_id) REFERENCES order_element_template(id);


--
-- Name: fke8344cc0c1c2746e; Type: FK CONSTRAINT; Schema: public; Owner: naval
--

ALTER TABLE ONLY order_element_label
    ADD CONSTRAINT fke8344cc0c1c2746e FOREIGN KEY (label_id) REFERENCES label(id);


--
-- Name: fke8344cc0efda874f; Type: FK CONSTRAINT; Schema: public; Owner: naval
--

ALTER TABLE ONLY order_element_label
    ADD CONSTRAINT fke8344cc0efda874f FOREIGN KEY (order_element_id) REFERENCES order_element(id);


--
-- Name: fke8a96db115671e92; Type: FK CONSTRAINT; Schema: public; Owner: naval
--

ALTER TABLE ONLY resource_allocation
    ADD CONSTRAINT fke8a96db115671e92 FOREIGN KEY (assignment_function) REFERENCES assignment_function(id);


--
-- Name: fke8a96db1ff61540d; Type: FK CONSTRAINT; Schema: public; Owner: naval
--

ALTER TABLE ONLY resource_allocation
    ADD CONSTRAINT fke8a96db1ff61540d FOREIGN KEY (task) REFERENCES task(task_element_id);


--
-- Name: fkebabc40edc874c20; Type: FK CONSTRAINT; Schema: public; Owner: naval
--

ALTER TABLE ONLY resource
    ADD CONSTRAINT fkebabc40edc874c20 FOREIGN KEY (base_calendar_id) REFERENCES resource_calendar(base_calendar_id);


--
-- Name: fkee053f32f2ed6dc; Type: FK CONSTRAINT; Schema: public; Owner: naval
--

ALTER TABLE ONLY virtual_worker
    ADD CONSTRAINT fkee053f32f2ed6dc FOREIGN KEY (virtual_worker_id) REFERENCES worker(worker_id);


--
-- Name: fkee374673ae0677b8; Type: FK CONSTRAINT; Schema: public; Owner: naval
--

ALTER TABLE ONLY stretches
    ADD CONSTRAINT fkee374673ae0677b8 FOREIGN KEY (assignment_function_id) REFERENCES stretches_function(assignment_function_id);


--
-- Name: fkef395fa519b9dfde; Type: FK CONSTRAINT; Schema: public; Owner: naval
--

ALTER TABLE ONLY criterion_requirement
    ADD CONSTRAINT fkef395fa519b9dfde FOREIGN KEY (order_element_template_id) REFERENCES order_element_template(id);


--
-- Name: fkef395fa561f02c44; Type: FK CONSTRAINT; Schema: public; Owner: naval
--

ALTER TABLE ONLY criterion_requirement
    ADD CONSTRAINT fkef395fa561f02c44 FOREIGN KEY (criterion_id) REFERENCES criterion(id);


--
-- Name: fkef395fa5e036cfed; Type: FK CONSTRAINT; Schema: public; Owner: naval
--

ALTER TABLE ONLY criterion_requirement
    ADD CONSTRAINT fkef395fa5e036cfed FOREIGN KEY (hours_group_id) REFERENCES hours_group(id);


--
-- Name: fkef395fa5efda874f; Type: FK CONSTRAINT; Schema: public; Owner: naval
--

ALTER TABLE ONLY criterion_requirement
    ADD CONSTRAINT fkef395fa5efda874f FOREIGN KEY (order_element_id) REFERENCES order_element(id);


--
-- Name: fkef395fa5f41d57f2; Type: FK CONSTRAINT; Schema: public; Owner: naval
--

ALTER TABLE ONLY criterion_requirement
    ADD CONSTRAINT fkef395fa5f41d57f2 FOREIGN KEY (parent) REFERENCES criterion_requirement(id);


--
-- Name: fkf0260c4275ed79ba; Type: FK CONSTRAINT; Schema: public; Owner: naval
--

ALTER TABLE ONLY derived_allocation
    ADD CONSTRAINT fkf0260c4275ed79ba FOREIGN KEY (resource_allocation_id) REFERENCES resource_allocation(id);


--
-- Name: fkf0260c4287b470f0; Type: FK CONSTRAINT; Schema: public; Owner: naval
--

ALTER TABLE ONLY derived_allocation
    ADD CONSTRAINT fkf0260c4287b470f0 FOREIGN KEY (configurationunit) REFERENCES machine_workers_configuration_unit(id);


--
-- Name: fkf0e8572475ed79ba; Type: FK CONSTRAINT; Schema: public; Owner: naval
--

ALTER TABLE ONLY specific_resource_allocation
    ADD CONSTRAINT fkf0e8572475ed79ba FOREIGN KEY (resource_allocation_id) REFERENCES resource_allocation(id);


--
-- Name: fkf0e85724eae850b2; Type: FK CONSTRAINT; Schema: public; Owner: naval
--

ALTER TABLE ONLY specific_resource_allocation
    ADD CONSTRAINT fkf0e85724eae850b2 FOREIGN KEY (resource) REFERENCES resource(id);


--
-- Name: fkf635cc04b216ed4c; Type: FK CONSTRAINT; Schema: public; Owner: naval
--

ALTER TABLE ONLY quality_form
    ADD CONSTRAINT fkf635cc04b216ed4c FOREIGN KEY (advance_type_id) REFERENCES advance_type(id);


--
-- Name: fkf788b34975ed79ba; Type: FK CONSTRAINT; Schema: public; Owner: naval
--

ALTER TABLE ONLY generic_resource_allocation
    ADD CONSTRAINT fkf788b34975ed79ba FOREIGN KEY (resource_allocation_id) REFERENCES resource_allocation(id);


--
-- Name: fkf796fbd0c1c2746e; Type: FK CONSTRAINT; Schema: public; Owner: naval
--

ALTER TABLE ONLY workreports_labels
    ADD CONSTRAINT fkf796fbd0c1c2746e FOREIGN KEY (label_id) REFERENCES label(id);


--
-- Name: fkf796fbd0f1a3177c; Type: FK CONSTRAINT; Schema: public; Owner: naval
--

ALTER TABLE ONLY workreports_labels
    ADD CONSTRAINT fkf796fbd0f1a3177c FOREIGN KEY (work_report_id) REFERENCES work_report(id);


--
-- Name: fkfd7aa62248d21790; Type: FK CONSTRAINT; Schema: public; Owner: naval
--

ALTER TABLE ONLY work_report
    ADD CONSTRAINT fkfd7aa62248d21790 FOREIGN KEY (resource_id) REFERENCES resource(id);


--
-- Name: fkfd7aa62278e4e2ea; Type: FK CONSTRAINT; Schema: public; Owner: naval
--

ALTER TABLE ONLY work_report
    ADD CONSTRAINT fkfd7aa62278e4e2ea FOREIGN KEY (ork_report_type_id) REFERENCES work_report_type(id);


--
-- Name: fkfd7aa622efda874f; Type: FK CONSTRAINT; Schema: public; Owner: naval
--

ALTER TABLE ONLY work_report
    ADD CONSTRAINT fkfd7aa622efda874f FOREIGN KEY (order_element_id) REFERENCES order_element(id);


--
-- Name: fkfe6ed34b1545e7a; Type: FK CONSTRAINT; Schema: public; Owner: naval
--

ALTER TABLE ONLY dependency
    ADD CONSTRAINT fkfe6ed34b1545e7a FOREIGN KEY (origin) REFERENCES task_element(id);


--
-- Name: fkfe6ed34b9e788f90; Type: FK CONSTRAINT; Schema: public; Owner: naval
--

ALTER TABLE ONLY dependency
    ADD CONSTRAINT fkfe6ed34b9e788f90 FOREIGN KEY (queue_dependency) REFERENCES limiting_resource_queue_dependency(id);


--
-- Name: fkfe6ed34be838f362; Type: FK CONSTRAINT; Schema: public; Owner: naval
--

ALTER TABLE ONLY dependency
    ADD CONSTRAINT fkfe6ed34be838f362 FOREIGN KEY (destination) REFERENCES task_element(id);


--
-- Name: fkfe6fb57519b9dfde; Type: FK CONSTRAINT; Schema: public; Owner: naval
--

ALTER TABLE ONLY order_element_template_quality_form
    ADD CONSTRAINT fkfe6fb57519b9dfde FOREIGN KEY (order_element_template_id) REFERENCES order_element_template(id);


--
-- Name: fkfe6fb5758b37665c; Type: FK CONSTRAINT; Schema: public; Owner: naval
--

ALTER TABLE ONLY order_element_template_quality_form
    ADD CONSTRAINT fkfe6fb5758b37665c FOREIGN KEY (quality_form_id) REFERENCES quality_form(id);


--
-- Name: public; Type: ACL; Schema: -; Owner: postgres
--

REVOKE ALL ON SCHEMA public FROM PUBLIC;
REVOKE ALL ON SCHEMA public FROM postgres;
GRANT ALL ON SCHEMA public TO postgres;
GRANT ALL ON SCHEMA public TO PUBLIC;


--
-- PostgreSQL database dump complete
--

