--
-- PostgreSQL database dump
--

SET statement_timeout = 0;
SET client_encoding = 'UTF8';
SET standard_conforming_strings = off;
SET check_function_bodies = false;
SET client_min_messages = warning;
SET escape_string_warning = off;

SET search_path = public, pg_catalog;

SET default_tablespace = '';

SET default_with_oids = false;

--
-- Name: advance_assignment; Type: TABLE; Schema: public; Owner: naval; Tablespace: 
--

CREATE TABLE advance_assignment (
    id bigint NOT NULL,
    version bigint NOT NULL,
    report_global_advance boolean,
    advance_type_id bigint
);


ALTER TABLE public.advance_assignment OWNER TO naval;

--
-- Name: advance_assignment_template; Type: TABLE; Schema: public; Owner: naval; Tablespace: 
--

CREATE TABLE advance_assignment_template (
    id bigint NOT NULL,
    version bigint NOT NULL,
    advance_type_id bigint,
    order_element_template_id bigint,
    report_global_advance boolean,
    max_value numeric(19,2)
);


ALTER TABLE public.advance_assignment_template OWNER TO naval;

--
-- Name: advance_measurement; Type: TABLE; Schema: public; Owner: naval; Tablespace: 
--

CREATE TABLE advance_measurement (
    id bigint NOT NULL,
    version bigint NOT NULL,
    date date,
    value numeric(19,2),
    advance_assignment_id bigint,
    communication_date timestamp with time zone
);


ALTER TABLE public.advance_measurement OWNER TO naval;

--
-- Name: advance_type; Type: TABLE; Schema: public; Owner: naval; Tablespace: 
--

CREATE TABLE advance_type (
    id bigint NOT NULL,
    version bigint NOT NULL,
    unit_name character varying(255),
    default_max_value numeric(19,4),
    updatable boolean,
    unit_precision numeric(19,4),
    active boolean,
    percentage boolean,
    quality_form boolean
);


ALTER TABLE public.advance_type OWNER TO naval;

--
-- Name: all_criterions; Type: TABLE; Schema: public; Owner: naval; Tablespace: 
--

CREATE TABLE all_criterions (
    generic_resource_allocation_id bigint NOT NULL,
    criterion_id bigint NOT NULL
);


ALTER TABLE public.all_criterions OWNER TO naval;

--
-- Name: assignment_function; Type: TABLE; Schema: public; Owner: naval; Tablespace: 
--

CREATE TABLE assignment_function (
    id bigint NOT NULL,
    version bigint NOT NULL
);


ALTER TABLE public.assignment_function OWNER TO naval;

--
-- Name: base_calendar; Type: TABLE; Schema: public; Owner: naval; Tablespace: 
--

CREATE TABLE base_calendar (
    id bigint NOT NULL,
    version bigint NOT NULL,
    code character varying(255) NOT NULL,
    name character varying(255),
    code_autogenerated boolean,
    last_sequence_code integer
);


ALTER TABLE public.base_calendar OWNER TO naval;

--
-- Name: calendar_availability; Type: TABLE; Schema: public; Owner: naval; Tablespace: 
--

CREATE TABLE calendar_availability (
    id bigint NOT NULL,
    version bigint NOT NULL,
    code character varying(255) NOT NULL,
    start_date date,
    end_date date,
    base_calendar_id bigint,
    position_in_calendar integer
);


ALTER TABLE public.calendar_availability OWNER TO naval;

--
-- Name: calendar_data; Type: TABLE; Schema: public; Owner: naval; Tablespace: 
--

CREATE TABLE calendar_data (
    id bigint NOT NULL,
    version bigint NOT NULL,
    code character varying(255) NOT NULL,
    parent bigint,
    expiring_date date,
    base_calendar_id bigint,
    position_in_calendar integer
);


ALTER TABLE public.calendar_data OWNER TO naval;

--
-- Name: calendar_exception; Type: TABLE; Schema: public; Owner: naval; Tablespace: 
--

CREATE TABLE calendar_exception (
    id bigint NOT NULL,
    version bigint NOT NULL,
    code character varying(255) NOT NULL,
    date date,
    standard_effort integer,
    calendar_exception_id bigint,
    base_calendar_id bigint,
    allowed_extra_effort integer
);


ALTER TABLE public.calendar_exception OWNER TO naval;

--
-- Name: calendar_exception_type; Type: TABLE; Schema: public; Owner: naval; Tablespace: 
--

CREATE TABLE calendar_exception_type (
    id bigint NOT NULL,
    version bigint NOT NULL,
    code character varying(255) NOT NULL,
    code_autogenerated boolean NOT NULL,
    name character varying(255),
    color character varying(255),
    standard_effort integer,
    allowed_extra_effort integer
);


ALTER TABLE public.calendar_exception_type OWNER TO naval;

--
-- Name: capacity_per_day; Type: TABLE; Schema: public; Owner: naval; Tablespace: 
--

CREATE TABLE capacity_per_day (
    base_calendar_id bigint NOT NULL,
    standard_effort integer,
    day_id integer NOT NULL,
    allowed_extra_effort integer
);


ALTER TABLE public.capacity_per_day OWNER TO naval;

--
-- Name: configuration; Type: TABLE; Schema: public; Owner: naval; Tablespace: 
--

CREATE TABLE configuration (
    id bigint NOT NULL,
    version bigint NOT NULL,
    configuration_id bigint,
    company_code character varying(255),
    generate_code_for_cost_category boolean NOT NULL,
    generate_code_for_calendar_exception_type boolean NOT NULL,
    generate_code_for_work_report_type boolean NOT NULL,
    generate_code_for_criterion boolean NOT NULL,
    generate_code_for_label boolean NOT NULL,
    generate_code_for_work_report boolean NOT NULL,
    generate_code_for_resources boolean NOT NULL,
    generate_code_for_types_of_work_hours boolean NOT NULL,
    generate_code_for_material_categories boolean NOT NULL,
    generate_code_for_unit_types boolean NOT NULL,
    generate_code_for_base_calendars boolean NOT NULL,
    expand_company_planning_view_charts boolean NOT NULL,
    expand_order_planning_view_charts boolean NOT NULL,
    expand_resource_load_view_charts boolean NOT NULL,
    monte_carlo_method_tab_visible boolean NOT NULL,
    progress_type integer,
    company_logo_url character varying(255),
    scenarios_visible boolean,
    changed_default_admin_password boolean DEFAULT false NOT NULL,
    changed_default_user_password boolean DEFAULT false NOT NULL,
    changed_default_wsreader_password boolean DEFAULT false NOT NULL,
    changed_default_wswriter_password boolean DEFAULT false NOT NULL
);


ALTER TABLE public.configuration OWNER TO naval;

--
-- Name: consolidated_value; Type: TABLE; Schema: public; Owner: naval; Tablespace: 
--

CREATE TABLE consolidated_value (
    id bigint NOT NULL,
    consolidated_value_type character varying(255) NOT NULL,
    version bigint NOT NULL,
    date date,
    value numeric(19,2),
    task_end_date date,
    consolidation_id bigint,
    advance_measurement_id bigint
);


ALTER TABLE public.consolidated_value OWNER TO naval;

--
-- Name: consolidation; Type: TABLE; Schema: public; Owner: naval; Tablespace: 
--

CREATE TABLE consolidation (
    id bigint NOT NULL,
    consolidation_type character varying(255) NOT NULL,
    version bigint NOT NULL,
    dir_advance_assignment_id bigint,
    ind_advance_assignment_id bigint
);


ALTER TABLE public.consolidation OWNER TO naval;

--
-- Name: cost_category; Type: TABLE; Schema: public; Owner: naval; Tablespace: 
--

CREATE TABLE cost_category (
    id bigint NOT NULL,
    version bigint NOT NULL,
    code character varying(255) NOT NULL,
    name character varying(255),
    code_autogenerated boolean NOT NULL,
    last_hour_cost_sequence_code integer NOT NULL,
    enabled boolean
);


ALTER TABLE public.cost_category OWNER TO naval;

--
-- Name: criterion; Type: TABLE; Schema: public; Owner: naval; Tablespace: 
--

CREATE TABLE criterion (
    id bigint NOT NULL,
    version bigint NOT NULL,
    code character varying(255) NOT NULL,
    name character varying(255),
    predefined_criterion_internal_name character varying(255),
    active boolean,
    id_criterion_type bigint NOT NULL,
    parent bigint
);


ALTER TABLE public.criterion OWNER TO naval;

--
-- Name: criterion_requirement; Type: TABLE; Schema: public; Owner: naval; Tablespace: 
--

CREATE TABLE criterion_requirement (
    id bigint NOT NULL,
    criterion_requirement_type character varying(255) NOT NULL,
    version bigint NOT NULL,
    hours_group_id bigint,
    order_element_id bigint,
    order_element_template_id bigint,
    criterion_id bigint,
    parent bigint,
    valid boolean
);


ALTER TABLE public.criterion_requirement OWNER TO naval;

--
-- Name: criterion_satisfaction; Type: TABLE; Schema: public; Owner: naval; Tablespace: 
--

CREATE TABLE criterion_satisfaction (
    id bigint NOT NULL,
    version bigint NOT NULL,
    code character varying(255) NOT NULL,
    start_date date NOT NULL,
    finish_date date,
    is_deleted boolean,
    criterion bigint NOT NULL,
    resource bigint NOT NULL
);


ALTER TABLE public.criterion_satisfaction OWNER TO naval;

--
-- Name: criterion_type; Type: TABLE; Schema: public; Owner: naval; Tablespace: 
--

CREATE TABLE criterion_type (
    id bigint NOT NULL,
    version bigint NOT NULL,
    code character varying(255) NOT NULL,
    name character varying(255),
    predefined_type_internal_name character varying(255),
    description character varying(255),
    allow_simultaneous_criterions_per_resource boolean,
    allow_hierarchy boolean,
    last_criterion_sequence_code integer,
    enabled boolean,
    code_autogenerated boolean NOT NULL,
    resource integer
);


ALTER TABLE public.criterion_type OWNER TO naval;

--
-- Name: databasechangelog; Type: TABLE; Schema: public; Owner: naval; Tablespace: 
--

CREATE TABLE databasechangelog (
    id character varying(63) NOT NULL,
    author character varying(63) NOT NULL,
    filename character varying(200) NOT NULL,
    dateexecuted timestamp with time zone NOT NULL,
    orderexecuted integer NOT NULL,
    exectype character varying(10) NOT NULL,
    md5sum character varying(35),
    description character varying(255),
    comments character varying(255),
    tag character varying(255),
    liquibase character varying(20)
);


ALTER TABLE public.databasechangelog OWNER TO naval;

--
-- Name: databasechangeloglock; Type: TABLE; Schema: public; Owner: naval; Tablespace: 
--

CREATE TABLE databasechangeloglock (
    id integer NOT NULL,
    locked boolean NOT NULL,
    lockgranted timestamp with time zone,
    lockedby character varying(255)
);


ALTER TABLE public.databasechangeloglock OWNER TO naval;

--
-- Name: day_assignment; Type: TABLE; Schema: public; Owner: naval; Tablespace: 
--

CREATE TABLE day_assignment (
    id bigint NOT NULL,
    day_assignment_type character varying(255) NOT NULL,
    version bigint NOT NULL,
    duration integer NOT NULL,
    consolidated boolean,
    day date NOT NULL,
    resource_id bigint NOT NULL,
    specific_container_id bigint,
    generic_container_id bigint,
    derived_container_id bigint
);


ALTER TABLE public.day_assignment OWNER TO naval;

--
-- Name: dependency; Type: TABLE; Schema: public; Owner: naval; Tablespace: 
--

CREATE TABLE dependency (
    id bigint NOT NULL,
    version bigint NOT NULL,
    origin bigint,
    destination bigint,
    queue_dependency bigint,
    type integer
);


ALTER TABLE public.dependency OWNER TO naval;

--
-- Name: derived_allocation; Type: TABLE; Schema: public; Owner: naval; Tablespace: 
--

CREATE TABLE derived_allocation (
    id bigint NOT NULL,
    version bigint NOT NULL,
    resource_allocation_id bigint,
    configurationunit bigint NOT NULL
);


ALTER TABLE public.derived_allocation OWNER TO naval;

--
-- Name: derived_day_assignments_container; Type: TABLE; Schema: public; Owner: naval; Tablespace: 
--

CREATE TABLE derived_day_assignments_container (
    id bigint NOT NULL,
    version bigint NOT NULL,
    derived_allocation_id bigint,
    scenario bigint
);


ALTER TABLE public.derived_day_assignments_container OWNER TO naval;

--
-- Name: description_values; Type: TABLE; Schema: public; Owner: naval; Tablespace: 
--

CREATE TABLE description_values (
    description_value_id bigint NOT NULL,
    fieldname character varying(255),
    value character varying(255)
);


ALTER TABLE public.description_values OWNER TO naval;

--
-- Name: description_values_in_line; Type: TABLE; Schema: public; Owner: naval; Tablespace: 
--

CREATE TABLE description_values_in_line (
    description_value_id bigint NOT NULL,
    field_name character varying(255),
    value character varying(255)
);


ALTER TABLE public.description_values_in_line OWNER TO naval;

--
-- Name: direct_advance_assignment; Type: TABLE; Schema: public; Owner: naval; Tablespace: 
--

CREATE TABLE direct_advance_assignment (
    advance_assignment_id bigint NOT NULL,
    direct_order_element_id bigint,
    max_value numeric(19,2)
);


ALTER TABLE public.direct_advance_assignment OWNER TO naval;

--
-- Name: entity_sequence; Type: TABLE; Schema: public; Owner: naval; Tablespace: 
--

CREATE TABLE entity_sequence (
    id bigint NOT NULL,
    version bigint NOT NULL,
    entity_name integer,
    prefix character varying(255),
    last_value integer,
    number_of_digits integer,
    active boolean
);


ALTER TABLE public.entity_sequence OWNER TO naval;

--
-- Name: external_company; Type: TABLE; Schema: public; Owner: naval; Tablespace: 
--

CREATE TABLE external_company (
    id bigint NOT NULL,
    version bigint NOT NULL,
    name character varying(255),
    nif character varying(255),
    client boolean,
    subcontractor boolean,
    interacts_with_applications boolean,
    app_uri character varying(255),
    our_company_login character varying(255),
    our_company_password character varying(255),
    company_user bigint
);


ALTER TABLE public.external_company OWNER TO naval;

--
-- Name: generic_day_assignments_container; Type: TABLE; Schema: public; Owner: naval; Tablespace: 
--

CREATE TABLE generic_day_assignments_container (
    id bigint NOT NULL,
    version bigint NOT NULL,
    resource_allocation_id bigint,
    scenario bigint,
    start_date date,
    duration_start_in_first_day integer,
    end_date date,
    duration_in_last_day integer
);


ALTER TABLE public.generic_day_assignments_container OWNER TO naval;

--
-- Name: generic_resource_allocation; Type: TABLE; Schema: public; Owner: naval; Tablespace: 
--

CREATE TABLE generic_resource_allocation (
    resource_allocation_id bigint NOT NULL,
    resource_type integer
);


ALTER TABLE public.generic_resource_allocation OWNER TO naval;

--
-- Name: heading_field; Type: TABLE; Schema: public; Owner: naval; Tablespace: 
--

CREATE TABLE heading_field (
    heading_id bigint NOT NULL,
    fieldname character varying(255),
    length integer,
    positionnumber integer
);


ALTER TABLE public.heading_field OWNER TO naval;

--
-- Name: hibernate_unique_key; Type: TABLE; Schema: public; Owner: naval; Tablespace: 
--

CREATE TABLE hibernate_unique_key (
    next_hi integer
);


ALTER TABLE public.hibernate_unique_key OWNER TO naval;

--
-- Name: hour_cost; Type: TABLE; Schema: public; Owner: naval; Tablespace: 
--

CREATE TABLE hour_cost (
    id bigint NOT NULL,
    version bigint NOT NULL,
    code character varying(255) NOT NULL,
    price_cost numeric(19,2),
    init_date date,
    end_date date,
    type_of_work_hours_id bigint,
    cost_category_id bigint
);


ALTER TABLE public.hour_cost OWNER TO naval;

--
-- Name: hours_group; Type: TABLE; Schema: public; Owner: naval; Tablespace: 
--

CREATE TABLE hours_group (
    id bigint NOT NULL,
    version bigint NOT NULL,
    code character varying(255) NOT NULL,
    resource_type character varying(255),
    working_hours integer NOT NULL,
    percentage numeric(19,2),
    fixed_percentage boolean,
    parent_order_line bigint,
    order_line_template bigint
);


ALTER TABLE public.hours_group OWNER TO naval;

--
-- Name: indirect_advance_assignment; Type: TABLE; Schema: public; Owner: naval; Tablespace: 
--

CREATE TABLE indirect_advance_assignment (
    advance_assignment_id bigint NOT NULL,
    indirect_order_element_id bigint
);


ALTER TABLE public.indirect_advance_assignment OWNER TO naval;

--
-- Name: label; Type: TABLE; Schema: public; Owner: naval; Tablespace: 
--

CREATE TABLE label (
    id bigint NOT NULL,
    version bigint NOT NULL,
    code character varying(255) NOT NULL,
    name character varying(255),
    label_type_id bigint
);


ALTER TABLE public.label OWNER TO naval;

--
-- Name: label_type; Type: TABLE; Schema: public; Owner: naval; Tablespace: 
--

CREATE TABLE label_type (
    id bigint NOT NULL,
    version bigint NOT NULL,
    code character varying(255) NOT NULL,
    name character varying(255),
    code_autogenerated boolean NOT NULL,
    last_label_sequence_code integer
);


ALTER TABLE public.label_type OWNER TO naval;

--
-- Name: limiting_resource_queue; Type: TABLE; Schema: public; Owner: naval; Tablespace: 
--

CREATE TABLE limiting_resource_queue (
    id bigint NOT NULL,
    version bigint NOT NULL,
    resource_id bigint
);


ALTER TABLE public.limiting_resource_queue OWNER TO naval;

--
-- Name: limiting_resource_queue_dependency; Type: TABLE; Schema: public; Owner: naval; Tablespace: 
--

CREATE TABLE limiting_resource_queue_dependency (
    id bigint NOT NULL,
    type integer,
    origin_queue_element_id bigint,
    destiny_queue_element_id bigint
);


ALTER TABLE public.limiting_resource_queue_dependency OWNER TO naval;

--
-- Name: limiting_resource_queue_element; Type: TABLE; Schema: public; Owner: naval; Tablespace: 
--

CREATE TABLE limiting_resource_queue_element (
    id bigint NOT NULL,
    version bigint NOT NULL,
    resource_allocation_id bigint,
    limiting_resource_queue_id bigint,
    earlier_start_date_because_of_gantt timestamp with time zone,
    earliest_end_date_because_of_gantt timestamp with time zone,
    creation_timestamp bigint,
    start_date date,
    start_hour integer,
    end_date date,
    end_hour integer
);


ALTER TABLE public.limiting_resource_queue_element OWNER TO naval;

--
-- Name: line_field; Type: TABLE; Schema: public; Owner: naval; Tablespace: 
--

CREATE TABLE line_field (
    heading_id bigint NOT NULL,
    fieldname character varying(255),
    length integer,
    positionnumber integer
);


ALTER TABLE public.line_field OWNER TO naval;

--
-- Name: machine; Type: TABLE; Schema: public; Owner: naval; Tablespace: 
--

CREATE TABLE machine (
    machine_id bigint NOT NULL,
    name character varying(255),
    description character varying(255)
);


ALTER TABLE public.machine OWNER TO naval;

--
-- Name: machine_configuration_unit_required_criterions; Type: TABLE; Schema: public; Owner: naval; Tablespace: 
--

CREATE TABLE machine_configuration_unit_required_criterions (
    id bigint NOT NULL,
    criterion_id bigint NOT NULL
);


ALTER TABLE public.machine_configuration_unit_required_criterions OWNER TO naval;

--
-- Name: machine_worker_assignment; Type: TABLE; Schema: public; Owner: naval; Tablespace: 
--

CREATE TABLE machine_worker_assignment (
    id bigint NOT NULL,
    version bigint NOT NULL,
    start_date timestamp with time zone,
    finish_date timestamp with time zone,
    configuration_id bigint NOT NULL,
    worker_id bigint
);


ALTER TABLE public.machine_worker_assignment OWNER TO naval;

--
-- Name: machine_workers_configuration_unit; Type: TABLE; Schema: public; Owner: naval; Tablespace: 
--

CREATE TABLE machine_workers_configuration_unit (
    id bigint NOT NULL,
    version bigint NOT NULL,
    name character varying(255) NOT NULL,
    alpha numeric(19,2) NOT NULL,
    machine bigint NOT NULL
);


ALTER TABLE public.machine_workers_configuration_unit OWNER TO naval;

--
-- Name: material; Type: TABLE; Schema: public; Owner: naval; Tablespace: 
--

CREATE TABLE material (
    id bigint NOT NULL,
    version bigint NOT NULL,
    code character varying(255) NOT NULL,
    description character varying(255),
    default_unit_price numeric(19,2),
    unit_type bigint,
    disabled boolean,
    category_id bigint
);


ALTER TABLE public.material OWNER TO naval;

--
-- Name: material_assigment; Type: TABLE; Schema: public; Owner: naval; Tablespace: 
--

CREATE TABLE material_assigment (
    id bigint NOT NULL,
    version bigint NOT NULL,
    units numeric(19,2),
    unit_price numeric(19,2),
    material_id bigint,
    estimated_availability timestamp with time zone,
    status integer,
    order_element_id bigint
);


ALTER TABLE public.material_assigment OWNER TO naval;

--
-- Name: material_assigment_template; Type: TABLE; Schema: public; Owner: naval; Tablespace: 
--

CREATE TABLE material_assigment_template (
    id bigint NOT NULL,
    version bigint NOT NULL,
    units numeric(19,2),
    unit_price numeric(19,2),
    material_id bigint,
    order_element_template_id bigint
);


ALTER TABLE public.material_assigment_template OWNER TO naval;

--
-- Name: material_category; Type: TABLE; Schema: public; Owner: naval; Tablespace: 
--

CREATE TABLE material_category (
    id bigint NOT NULL,
    version bigint NOT NULL,
    code character varying(255) NOT NULL,
    name character varying(255),
    code_autogenerated boolean NOT NULL,
    last_material_sequence_code integer NOT NULL,
    parent_id bigint
);


ALTER TABLE public.material_category OWNER TO naval;

--
-- Name: order_authorization; Type: TABLE; Schema: public; Owner: naval; Tablespace: 
--

CREATE TABLE order_authorization (
    id bigint NOT NULL,
    order_authorization_subclass character varying(255) NOT NULL,
    version bigint NOT NULL,
    authorization_type character varying(255) NOT NULL,
    order_id bigint,
    user_id bigint,
    profile_id bigint
);


ALTER TABLE public.order_authorization OWNER TO naval;

--
-- Name: order_element; Type: TABLE; Schema: public; Owner: naval; Tablespace: 
--

CREATE TABLE order_element (
    id bigint NOT NULL,
    version bigint NOT NULL,
    name character varying(255),
    description character varying(255),
    code character varying(255),
    init_date timestamp with time zone,
    deadline timestamp with time zone,
    last_advance_meausurement_for_spreading numeric(19,2),
    dirty_last_advance_measurement_for_spreading boolean,
    parent bigint,
    template bigint,
    external_code character varying(255),
    sum_charged_hours_id bigint,
    position_in_container integer
);


ALTER TABLE public.order_element OWNER TO naval;

--
-- Name: order_element_label; Type: TABLE; Schema: public; Owner: naval; Tablespace: 
--

CREATE TABLE order_element_label (
    order_element_id bigint NOT NULL,
    label_id bigint NOT NULL
);


ALTER TABLE public.order_element_label OWNER TO naval;

--
-- Name: order_element_template; Type: TABLE; Schema: public; Owner: naval; Tablespace: 
--

CREATE TABLE order_element_template (
    id bigint NOT NULL,
    version bigint NOT NULL,
    name character varying(255),
    description character varying(255),
    code character varying(255),
    start_as_days_from_beginning integer,
    deadline_as_days_from_beginning integer,
    scheduling_state_type integer,
    parent bigint,
    position_in_container integer
);


ALTER TABLE public.order_element_template OWNER TO naval;

--
-- Name: order_element_template_label; Type: TABLE; Schema: public; Owner: naval; Tablespace: 
--

CREATE TABLE order_element_template_label (
    order_element_template_id bigint NOT NULL,
    label_id bigint NOT NULL
);


ALTER TABLE public.order_element_template_label OWNER TO naval;

--
-- Name: order_element_template_quality_form; Type: TABLE; Schema: public; Owner: naval; Tablespace: 
--

CREATE TABLE order_element_template_quality_form (
    order_element_template_id bigint NOT NULL,
    quality_form_id bigint NOT NULL
);


ALTER TABLE public.order_element_template_quality_form OWNER TO naval;

--
-- Name: order_line; Type: TABLE; Schema: public; Owner: naval; Tablespace: 
--

CREATE TABLE order_line (
    order_element_id bigint NOT NULL,
    last_hours_group_sequence_code integer
);


ALTER TABLE public.order_line OWNER TO naval;

--
-- Name: order_line_group; Type: TABLE; Schema: public; Owner: naval; Tablespace: 
--

CREATE TABLE order_line_group (
    order_element_id bigint NOT NULL
);


ALTER TABLE public.order_line_group OWNER TO naval;

--
-- Name: order_line_group_template; Type: TABLE; Schema: public; Owner: naval; Tablespace: 
--

CREATE TABLE order_line_group_template (
    group_template_id bigint NOT NULL
);


ALTER TABLE public.order_line_group_template OWNER TO naval;

--
-- Name: order_line_template; Type: TABLE; Schema: public; Owner: naval; Tablespace: 
--

CREATE TABLE order_line_template (
    order_line_template_id bigint NOT NULL,
    last_hours_group_sequence_code integer
);


ALTER TABLE public.order_line_template OWNER TO naval;

--
-- Name: order_table; Type: TABLE; Schema: public; Owner: naval; Tablespace: 
--

CREATE TABLE order_table (
    order_element_id bigint NOT NULL,
    responsible character varying(255),
    dependencies_constraints_have_priority boolean,
    code_autogenerated boolean,
    last_order_element_sequence_code integer,
    work_budget numeric(19,2),
    materials_budget numeric(19,2),
    total_hours integer,
    customer_reference character varying(255),
    external_code character varying(255),
    state integer,
    customer bigint,
    base_calendar_id bigint,
    scheduling_mode integer
);


ALTER TABLE public.order_table OWNER TO naval;

--
-- Name: order_template; Type: TABLE; Schema: public; Owner: naval; Tablespace: 
--

CREATE TABLE order_template (
    order_template_id bigint NOT NULL,
    base_calendar_id bigint
);


ALTER TABLE public.order_template OWNER TO naval;

--
-- Name: order_version; Type: TABLE; Schema: public; Owner: naval; Tablespace: 
--

CREATE TABLE order_version (
    id bigint NOT NULL,
    version bigint NOT NULL,
    modification_by_owner_timestamp timestamp with time zone,
    ownerscenario bigint
);


ALTER TABLE public.order_version OWNER TO naval;

--
-- Name: planning_data; Type: TABLE; Schema: public; Owner: naval; Tablespace: 
--

CREATE TABLE planning_data (
    planning_data_id bigint NOT NULL,
    progress_by_duration numeric(19,6),
    progress_by_num_hours numeric(19,6)
);


ALTER TABLE public.planning_data OWNER TO naval;

--
-- Name: profile_roles; Type: TABLE; Schema: public; Owner: naval; Tablespace: 
--

CREATE TABLE profile_roles (
    profile_id bigint NOT NULL,
    elt character varying(255)
);


ALTER TABLE public.profile_roles OWNER TO naval;

--
-- Name: profile_table; Type: TABLE; Schema: public; Owner: naval; Tablespace: 
--

CREATE TABLE profile_table (
    id bigint NOT NULL,
    version bigint NOT NULL,
    profile_name character varying(255) NOT NULL
);


ALTER TABLE public.profile_table OWNER TO naval;

--
-- Name: quality_form; Type: TABLE; Schema: public; Owner: naval; Tablespace: 
--

CREATE TABLE quality_form (
    id bigint NOT NULL,
    version bigint NOT NULL,
    name character varying(255),
    description character varying(255),
    quality_form_type integer,
    report_advance boolean,
    advance_type_id bigint
);


ALTER TABLE public.quality_form OWNER TO naval;

--
-- Name: quality_form_items; Type: TABLE; Schema: public; Owner: naval; Tablespace: 
--

CREATE TABLE quality_form_items (
    quality_form_id bigint NOT NULL,
    name character varying(255),
    percentage numeric(19,2),
    "position" integer,
    idx integer NOT NULL
);


ALTER TABLE public.quality_form_items OWNER TO naval;

--
-- Name: resource; Type: TABLE; Schema: public; Owner: naval; Tablespace: 
--

CREATE TABLE resource (
    id bigint NOT NULL,
    version bigint NOT NULL,
    code character varying(255) NOT NULL,
    code_autogenerated boolean NOT NULL,
    base_calendar_id bigint,
    resource_type character varying(64) NOT NULL
);


ALTER TABLE public.resource OWNER TO naval;

--
-- Name: resource_allocation; Type: TABLE; Schema: public; Owner: naval; Tablespace: 
--

CREATE TABLE resource_allocation (
    id bigint NOT NULL,
    version bigint NOT NULL,
    resources_per_day numeric(19,2),
    intended_total_hours integer,
    original_total_assignment integer,
    task bigint,
    assignment_function bigint
);


ALTER TABLE public.resource_allocation OWNER TO naval;

--
-- Name: resource_calendar; Type: TABLE; Schema: public; Owner: naval; Tablespace: 
--

CREATE TABLE resource_calendar (
    base_calendar_id bigint NOT NULL,
    capacity integer NOT NULL
);


ALTER TABLE public.resource_calendar OWNER TO naval;

--
-- Name: resources_cost_category_assignment; Type: TABLE; Schema: public; Owner: naval; Tablespace: 
--

CREATE TABLE resources_cost_category_assignment (
    id bigint NOT NULL,
    version bigint NOT NULL,
    code character varying(255) NOT NULL,
    init_date date,
    end_date date,
    cost_category_id bigint,
    resource_id bigint
);


ALTER TABLE public.resources_cost_category_assignment OWNER TO naval;

--
-- Name: roles_table; Type: TABLE; Schema: public; Owner: naval; Tablespace: 
--

CREATE TABLE roles_table (
    user_id bigint NOT NULL,
    elt character varying(255)
);


ALTER TABLE public.roles_table OWNER TO naval;

--
-- Name: scenario; Type: TABLE; Schema: public; Owner: naval; Tablespace: 
--

CREATE TABLE scenario (
    id bigint NOT NULL,
    version bigint NOT NULL,
    name character varying(255),
    description character varying(255),
    last_not_owned_reassignations_time_stamp timestamp with time zone,
    predecessor bigint
);


ALTER TABLE public.scenario OWNER TO naval;

--
-- Name: scenario_orders; Type: TABLE; Schema: public; Owner: naval; Tablespace: 
--

CREATE TABLE scenario_orders (
    order_id bigint NOT NULL,
    order_version_id bigint NOT NULL,
    scenario_id bigint NOT NULL
);


ALTER TABLE public.scenario_orders OWNER TO naval;

--
-- Name: scheduling_data_for_version; Type: TABLE; Schema: public; Owner: naval; Tablespace: 
--

CREATE TABLE scheduling_data_for_version (
    id bigint NOT NULL,
    version bigint NOT NULL,
    scheduling_state_type integer,
    order_element_id bigint
);


ALTER TABLE public.scheduling_data_for_version OWNER TO naval;

--
-- Name: scheduling_states_by_order_version; Type: TABLE; Schema: public; Owner: naval; Tablespace: 
--

CREATE TABLE scheduling_states_by_order_version (
    order_element_id bigint NOT NULL,
    scheduling_state_for_version_id bigint NOT NULL,
    order_version_id bigint NOT NULL
);


ALTER TABLE public.scheduling_states_by_order_version OWNER TO naval;

--
-- Name: sigmoid_function; Type: TABLE; Schema: public; Owner: naval; Tablespace: 
--

CREATE TABLE sigmoid_function (
    assignment_function_id bigint NOT NULL
);


ALTER TABLE public.sigmoid_function OWNER TO naval;

--
-- Name: specific_day_assignments_container; Type: TABLE; Schema: public; Owner: naval; Tablespace: 
--

CREATE TABLE specific_day_assignments_container (
    id bigint NOT NULL,
    version bigint NOT NULL,
    resource_allocation_id bigint,
    scenario bigint,
    start_date date,
    duration_start_in_first_day integer,
    end_date date,
    duration_in_last_day integer
);


ALTER TABLE public.specific_day_assignments_container OWNER TO naval;

--
-- Name: specific_resource_allocation; Type: TABLE; Schema: public; Owner: naval; Tablespace: 
--

CREATE TABLE specific_resource_allocation (
    resource_allocation_id bigint NOT NULL,
    resource bigint
);


ALTER TABLE public.specific_resource_allocation OWNER TO naval;

--
-- Name: stretches; Type: TABLE; Schema: public; Owner: naval; Tablespace: 
--

CREATE TABLE stretches (
    assignment_function_id bigint NOT NULL,
    date date NOT NULL,
    length_percentage numeric(19,2) NOT NULL,
    amount_work_percentage numeric(19,2) NOT NULL,
    stretch_position integer NOT NULL
);


ALTER TABLE public.stretches OWNER TO naval;

--
-- Name: stretches_function; Type: TABLE; Schema: public; Owner: naval; Tablespace: 
--

CREATE TABLE stretches_function (
    assignment_function_id bigint NOT NULL,
    type integer
);


ALTER TABLE public.stretches_function OWNER TO naval;

--
-- Name: subcontracted_task_data; Type: TABLE; Schema: public; Owner: naval; Tablespace: 
--

CREATE TABLE subcontracted_task_data (
    id bigint NOT NULL,
    version bigint NOT NULL,
    external_company bigint,
    subcontratation_date timestamp with time zone,
    subcontract_communication_date timestamp with time zone,
    work_description character varying(255),
    subcontract_price numeric(19,2),
    subcontracted_code character varying(255),
    node_without_children_exported boolean,
    labels_exported boolean,
    material_assignments_exported boolean,
    hours_groups_exported boolean,
    state integer
);


ALTER TABLE public.subcontracted_task_data OWNER TO naval;

--
-- Name: sum_charged_hours; Type: TABLE; Schema: public; Owner: naval; Tablespace: 
--

CREATE TABLE sum_charged_hours (
    id bigint NOT NULL,
    version bigint NOT NULL,
    direct_charged_hours integer,
    indirect_charged_hours integer
);


ALTER TABLE public.sum_charged_hours OWNER TO naval;

--
-- Name: task; Type: TABLE; Schema: public; Owner: naval; Tablespace: 
--

CREATE TABLE task (
    task_element_id bigint NOT NULL,
    calculated_value integer,
    constraint_type integer,
    constraint_date date,
    workable_days integer,
    allocation_direction integer,
    subcontrated_task_data_id bigint,
    priority integer
);


ALTER TABLE public.task OWNER TO naval;

--
-- Name: task_element; Type: TABLE; Schema: public; Owner: naval; Tablespace: 
--

CREATE TABLE task_element (
    id bigint NOT NULL,
    version bigint NOT NULL,
    name character varying(255),
    notes character varying(255),
    start_date date NOT NULL,
    start_day_duration integer,
    end_date date NOT NULL,
    end_day_duration integer,
    deadline date,
    advance_percentage numeric(19,4),
    sum_of_hours_allocated integer,
    parent bigint,
    base_calendar_id bigint,
    position_in_parent integer
);


ALTER TABLE public.task_element OWNER TO naval;

--
-- Name: task_group; Type: TABLE; Schema: public; Owner: naval; Tablespace: 
--

CREATE TABLE task_group (
    task_element_id bigint NOT NULL
);


ALTER TABLE public.task_group OWNER TO naval;

--
-- Name: task_milestone; Type: TABLE; Schema: public; Owner: naval; Tablespace: 
--

CREATE TABLE task_milestone (
    task_element_id bigint NOT NULL,
    constraint_type integer,
    constraint_date date
);


ALTER TABLE public.task_milestone OWNER TO naval;

--
-- Name: task_quality_form; Type: TABLE; Schema: public; Owner: naval; Tablespace: 
--

CREATE TABLE task_quality_form (
    id bigint NOT NULL,
    version bigint NOT NULL,
    quality_form_id bigint,
    order_element_id bigint,
    report_advance boolean
);


ALTER TABLE public.task_quality_form OWNER TO naval;

--
-- Name: task_quality_form_items; Type: TABLE; Schema: public; Owner: naval; Tablespace: 
--

CREATE TABLE task_quality_form_items (
    task_quality_form_id bigint NOT NULL,
    name character varying(255),
    percentage numeric(19,2),
    "position" integer,
    passed boolean,
    date timestamp with time zone,
    idx integer NOT NULL
);


ALTER TABLE public.task_quality_form_items OWNER TO naval;

--
-- Name: task_source; Type: TABLE; Schema: public; Owner: naval; Tablespace: 
--

CREATE TABLE task_source (
    id bigint NOT NULL,
    version bigint NOT NULL,
    schedulingdata bigint
);


ALTER TABLE public.task_source OWNER TO naval;

--
-- Name: task_source_hours_groups; Type: TABLE; Schema: public; Owner: naval; Tablespace: 
--

CREATE TABLE task_source_hours_groups (
    task_source_id bigint NOT NULL,
    hours_group_id bigint NOT NULL
);


ALTER TABLE public.task_source_hours_groups OWNER TO naval;

--
-- Name: type_of_work_hours; Type: TABLE; Schema: public; Owner: naval; Tablespace: 
--

CREATE TABLE type_of_work_hours (
    id bigint NOT NULL,
    version bigint NOT NULL,
    name character varying(255),
    code character varying(255),
    default_price numeric(19,2),
    enabled boolean,
    code_autogenerated boolean NOT NULL
);


ALTER TABLE public.type_of_work_hours OWNER TO naval;

--
-- Name: unit_type; Type: TABLE; Schema: public; Owner: naval; Tablespace: 
--

CREATE TABLE unit_type (
    id bigint NOT NULL,
    version bigint NOT NULL,
    code character varying(255) NOT NULL,
    measure character varying(255),
    code_autogenerated boolean NOT NULL
);


ALTER TABLE public.unit_type OWNER TO naval;

--
-- Name: user_profiles; Type: TABLE; Schema: public; Owner: naval; Tablespace: 
--

CREATE TABLE user_profiles (
    user_id bigint NOT NULL,
    profile_id bigint NOT NULL
);


ALTER TABLE public.user_profiles OWNER TO naval;

--
-- Name: user_table; Type: TABLE; Schema: public; Owner: naval; Tablespace: 
--

CREATE TABLE user_table (
    id bigint NOT NULL,
    version bigint NOT NULL,
    login_name character varying(255) NOT NULL,
    password character varying(255) NOT NULL,
    email character varying(255),
    disabled boolean,
    lastconnectedscenario bigint
);


ALTER TABLE public.user_table OWNER TO naval;

--
-- Name: virtual_worker; Type: TABLE; Schema: public; Owner: naval; Tablespace: 
--

CREATE TABLE virtual_worker (
    virtual_worker_id bigint NOT NULL,
    observations character varying(255)
);


ALTER TABLE public.virtual_worker OWNER TO naval;

--
-- Name: work_report; Type: TABLE; Schema: public; Owner: naval; Tablespace: 
--

CREATE TABLE work_report (
    id bigint NOT NULL,
    version bigint NOT NULL,
    code character varying(255) NOT NULL,
    date timestamp with time zone,
    code_autogenerated boolean NOT NULL,
    last_work_report_line_sequence_code integer,
    ork_report_type_id bigint NOT NULL,
    resource_id bigint,
    order_element_id bigint
);


ALTER TABLE public.work_report OWNER TO naval;

--
-- Name: work_report_label_type_assigment; Type: TABLE; Schema: public; Owner: naval; Tablespace: 
--

CREATE TABLE work_report_label_type_assigment (
    id bigint NOT NULL,
    version bigint NOT NULL,
    labels_shared_by_lines boolean,
    position_number integer,
    label_type_id bigint,
    label_id bigint,
    work_report_type_id bigint
);


ALTER TABLE public.work_report_label_type_assigment OWNER TO naval;

--
-- Name: work_report_line; Type: TABLE; Schema: public; Owner: naval; Tablespace: 
--

CREATE TABLE work_report_line (
    id bigint NOT NULL,
    version bigint NOT NULL,
    code character varying(255) NOT NULL,
    num_hours integer,
    date timestamp with time zone,
    clock_start integer,
    clock_finish integer,
    work_report_id bigint,
    resource_id bigint NOT NULL,
    order_element_id bigint NOT NULL,
    type_work_hours_id bigint NOT NULL
);


ALTER TABLE public.work_report_line OWNER TO naval;

--
-- Name: work_report_type; Type: TABLE; Schema: public; Owner: naval; Tablespace: 
--

CREATE TABLE work_report_type (
    id bigint NOT NULL,
    version bigint NOT NULL,
    name character varying(255),
    code character varying(255),
    date_is_shared_by_lines boolean,
    resource_is_shared_in_lines boolean,
    order_element_is_shared_in_lines boolean,
    code_autogenerated boolean NOT NULL,
    hours_management integer
);


ALTER TABLE public.work_report_type OWNER TO naval;

--
-- Name: worker; Type: TABLE; Schema: public; Owner: naval; Tablespace: 
--

CREATE TABLE worker (
    worker_id bigint NOT NULL,
    first_name character varying(255),
    surname character varying(255),
    nif character varying(255)
);


ALTER TABLE public.worker OWNER TO naval;

--
-- Name: workreports_labels; Type: TABLE; Schema: public; Owner: naval; Tablespace: 
--

CREATE TABLE workreports_labels (
    work_report_id bigint NOT NULL,
    label_id bigint NOT NULL
);


ALTER TABLE public.workreports_labels OWNER TO naval;

--
-- Name: workreportslines_labels; Type: TABLE; Schema: public; Owner: naval; Tablespace: 
--

CREATE TABLE workreportslines_labels (
    work_report_line_id bigint NOT NULL,
    label_id bigint NOT NULL
);


ALTER TABLE public.workreportslines_labels OWNER TO naval;

--
-- Data for Name: advance_assignment; Type: TABLE DATA; Schema: public; Owner: naval
--

COPY advance_assignment (id, version, report_global_advance, advance_type_id) FROM stdin;
15309	4	t	1112
3353	11	t	1113
3354	11	f	1112
16882	1	t	1113
3355	11	t	1113
3357	9	t	1111
4883	9	t	1111
4884	9	f	1112
14505	0	f	1113
14506	0	f	1113
4871	13	t	1112
4872	13	t	1112
3381	11	t	1112
3382	11	t	1112
3383	7	t	1111
16883	1	f	1113
4849	7	t	1111
3384	7	f	1112
4850	7	f	1112
15307	3	f	1113
3371	9	t	1111
3372	9	f	1112
4874	9	f	1112
4873	9	t	1111
3365	12	t	1112
3366	12	t	1112
3367	9	f	1112
3368	9	t	1111
13915	0	f	1113
3356	9	f	1112
3358	11	t	1112
3359	11	t	1112
13916	0	f	1113
5193	11	t	1113
3360	11	t	1112
4875	13	t	1113
4876	13	t	1113
3361	9	t	1111
3362	9	f	1112
4877	13	t	1112
16884	1	f	1113
5194	11	t	1113
4879	9	f	1112
5195	11	t	1113
5196	8	t	1111
4878	9	t	1111
4885	9	f	1112
4886	9	t	1111
4880	13	t	1112
5198	11	t	1112
5199	11	t	1112
3369	12	t	1113
3377	11	t	1113
3378	11	t	1113
5200	11	t	1112
5202	8	t	1111
5201	8	f	1112
5203	8	f	1112
3379	7	f	1112
15308	3	f	1113
5204	8	t	1111
5189	11	t	1112
3364	9	t	1111
4848	7	t	1111
5190	11	t	1112
5192	8	t	1111
5191	8	f	1112
4881	13	t	1112
4882	13	t	1112
3380	7	t	1111
3370	12	t	1112
3363	9	f	1112
18492	6	t	1113
3333	13	t	1112
3334	13	t	1112
3335	12	f	1112
3336	12	f	1111
3337	14	t	1113
3338	14	t	1113
3339	14	t	1113
18493	5	f	1113
3340	11	t	1111
3342	14	t	1112
3343	14	t	1112
3344	14	t	1112
3345	11	f	1112
3346	11	t	1111
3348	11	f	1112
3347	11	t	1111
18494	5	f	1113
\.


--
-- Data for Name: advance_assignment_template; Type: TABLE DATA; Schema: public; Owner: naval
--

COPY advance_assignment_template (id, version, advance_type_id, order_element_template_id, report_global_advance, max_value) FROM stdin;
4557	1	1112	4464	t	100.00
4558	1	1112	4465	t	100.00
4559	1	1112	4466	t	100.00
4560	1	1112	4467	t	100.00
\.


--
-- Data for Name: advance_measurement; Type: TABLE DATA; Schema: public; Owner: naval
--

COPY advance_measurement (id, version, date, value, advance_assignment_id, communication_date) FROM stdin;
14089	0	2011-04-02	3.00	5193	\N
14090	0	2011-03-30	2.00	5194	\N
14091	0	2011-03-02	1.00	5194	\N
14092	0	2011-02-14	5.00	5195	\N
14093	0	2011-03-16	5.00	5198	\N
13350	1	2011-03-15	50.00	5189	\N
14662	0	2011-03-15	50.00	4871	\N
14663	0	2011-04-02	3.00	4875	\N
14664	0	2011-03-30	2.00	4876	\N
14665	0	2011-03-02	1.00	4876	\N
14666	0	2011-03-16	5.00	4880	\N
15449	3	2011-03-30	2.00	3369	\N
15450	3	2011-03-02	1.00	3369	\N
15451	3	2011-04-02	3.00	3377	\N
15452	3	2011-03-31	5.00	3378	\N
15448	3	2011-03-15	50.00	3365	\N
16977	0	2011-07-14	5.00	3358	\N
16825	1	2011-02-14	25.00	15309	\N
16826	1	2011-03-31	5.00	3353	\N
16827	1	2011-03-30	2.00	16882	\N
16828	1	2011-03-02	1.00	16882	\N
16829	1	2011-04-02	3.00	3355	\N
16830	1	2011-04-01	1.00	3355	\N
18436	6	2011-02-14	50.00	18492	\N
18437	6	2011-04-02	3.00	3337	\N
18438	6	2011-03-30	2.00	3338	\N
18439	6	2011-03-02	1.00	3338	\N
18440	6	2011-03-16	5.00	3339	\N
18441	6	2011-03-16	5.00	3342	\N
\.


--
-- Data for Name: advance_type; Type: TABLE DATA; Schema: public; Owner: naval
--

COPY advance_type (id, version, unit_name, default_max_value, updatable, unit_precision, active, percentage, quality_form) FROM stdin;
1111	4	children	100.0000	f	0.0100	t	t	f
1112	3	percentage	100.0000	f	0.0100	t	t	f
1113	2	units	2147483647.0000	f	1.0000	t	f	f
1114	1	subcontractor	100.0000	f	0.0100	t	t	f
\.


--
-- Data for Name: all_criterions; Type: TABLE DATA; Schema: public; Owner: naval
--

COPY all_criterions (generic_resource_allocation_id, criterion_id) FROM stdin;
5664	1414
5665	1414
5666	1414
5668	1418
5669	1418
5670	1418
7174	1419
7174	1445
7175	1419
7175	1445
7176	1417
7176	1445
7177	1417
7177	1445
7178	1417
7178	1445
7193	1417
7193	1447
7194	1447
7194	1417
7195	1447
7195	1417
7200	1418
7200	1447
7201	1418
7201	1447
7202	1418
7202	1447
7206	1444
7206	1414
7207	1444
7207	1414
7208	1444
7208	1414
7213	1444
7213	1418
7214	1444
7214	1418
7215	1444
7215	1418
7238	1443
7238	1417
7239	1443
7239	1417
7240	1443
7240	1417
7241	1419
7241	1443
7242	1419
7242	1443
7243	1419
7243	1443
\.


--
-- Data for Name: assignment_function; Type: TABLE DATA; Schema: public; Owner: naval
--

COPY assignment_function (id, version) FROM stdin;
\.


--
-- Data for Name: base_calendar; Type: TABLE DATA; Schema: public; Owner: naval
--

COPY base_calendar (id, version, code, name, code_autogenerated, last_sequence_code) FROM stdin;
202	3	CALENDAR00001	España	t	1
1515	4	CALENDAR00002	Galicia xornada completa	t	4
1517	3	CALENDAR00004	Andalucía xornada completa	t	4
1516	4	CALENDAR00003	Galicia media xornada	t	3
1519	1	CALENDAR00006	Andalucía media xornada	t	4
1520	2	CALENDAR00007	Asturias	t	4
1524	6	RESOURCE_CALENDAR00004	\N	t	27
1525	6	RESOURCE_CALENDAR00005	\N	t	27
1526	3	RESOURCE_CALENDAR00006	\N	t	11
1529	5	RESOURCE_CALENDAR00009	\N	t	17
1530	21	RESOURCE_CALENDAR00010	\N	t	21
1521	17	RESOURCE_CALENDAR00001	\N	t	31
1531	16	RESOURCE_CALENDAR00011	\N	t	27
1532	4	RESOURCE_CALENDAR00012	\N	t	10
1533	8	RESOURCE_CALENDAR00013	\N	t	33
1534	6	RESOURCE_CALENDAR00014	\N	t	27
1527	22	RESOURCE_CALENDAR00007	\N	t	30
1535	5	RESOURCE_CALENDAR00015	\N	t	17
1528	4	RESOURCE_CALENDAR00008	\N	t	17
1523	12	RESOURCE_CALENDAR00003	\N	t	23
1522	21	RESOURCE_CALENDAR00002	\N	t	31
26463	2	RESOURCE_CALENDAR00019	\N	t	2
26462	5	RESOURCE_CALENDAR00018	\N	t	2
26464	2	RESOURCE_CALENDAR00020	\N	t	2
26967	2	RESOURCE_CALENDAR00021	\N	t	2
\.


--
-- Data for Name: calendar_availability; Type: TABLE DATA; Schema: public; Owner: naval
--

COPY calendar_availability (id, version, code, start_date, end_date, base_calendar_id, position_in_calendar) FROM stdin;
2128	4	RESOURCE_CALENDAR00008-00004	2011-02-15	2011-09-15	1528	0
2130	21	RESOURCE_CALENDAR00010-00004	2011-02-22	\N	1530	0
2121	17	RESOURCE_CALENDAR00001-00005	2011-02-07	2011-02-08	1521	0
2136	16	RESOURCE_CALENDAR00001-00009	2011-02-09	\N	1521	1
2131	16	RESOURCE_CALENDAR00011-00005	2011-02-28	2011-09-29	1531	0
2127	22	RESOURCE_CALENDAR00007-00005	2011-02-08	\N	1527	0
2123	12	RESOURCE_CALENDAR00003-00005	2011-02-01	\N	1523	0
2122	21	RESOURCE_CALENDAR00002-00004	2011-02-15	2011-09-15	1522	0
2124	6	RESOURCE_CALENDAR00004-00005	2011-02-22	\N	1524	0
2125	6	RESOURCE_CALENDAR00005-00005	2011-02-28	2011-09-29	1525	0
2126	3	RESOURCE_CALENDAR00006-00005	2011-02-01	\N	1526	0
2129	5	RESOURCE_CALENDAR00009-00005	2011-02-01	\N	1529	0
2132	4	RESOURCE_CALENDAR00012-00004	2011-02-01	\N	1532	0
2133	8	RESOURCE_CALENDAR00013-00005	2011-02-22	\N	1533	0
2134	6	RESOURCE_CALENDAR00014-00005	2011-02-28	2011-09-29	1534	0
2135	5	RESOURCE_CALENDAR00015-00005	2011-02-01	\N	1535	0
26665	2	RESOURCE_CALENDAR00019-00002	2011-02-16	\N	26463	0
26664	5	RESOURCE_CALENDAR00018-00002	2011-02-16	\N	26462	0
26666	2	RESOURCE_CALENDAR00020-00002	2011-02-16	\N	26464	0
27169	2	RESOURCE_CALENDAR00021-00002	2011-02-16	\N	26967	0
\.


--
-- Data for Name: calendar_data; Type: TABLE DATA; Schema: public; Owner: naval
--

COPY calendar_data (id, version, code, parent, expiring_date, base_calendar_id, position_in_calendar) FROM stdin;
1626	6	RESOURCE_CALENDAR00005-00004	1519	\N	1525	0
1627	3	RESOURCE_CALENDAR00006-00004	1517	\N	1526	0
303	3	CALENDAR00001-00001	\N	\N	202	0
1630	5	RESOURCE_CALENDAR00009-00004	1515	\N	1529	0
1616	4	CALENDAR00002-00001	202	\N	1515	0
1633	4	RESOURCE_CALENDAR00012-00003	1516	\N	1532	0
1618	3	CALENDAR00004-00002	202	\N	1517	0
1617	4	CALENDAR00003-00003	202	\N	1516	0
1634	8	RESOURCE_CALENDAR00013-00004	1519	\N	1533	0
1620	1	CALENDAR00006-00004	202	\N	1519	0
1621	2	CALENDAR00007-00004	202	\N	1520	0
1635	6	RESOURCE_CALENDAR00014-00004	1520	\N	1534	0
1636	5	RESOURCE_CALENDAR00015-00004	1519	\N	1535	0
1629	4	RESOURCE_CALENDAR00008-00003	1516	\N	1528	0
1631	21	RESOURCE_CALENDAR00010-00003	1516	\N	1530	0
1622	17	RESOURCE_CALENDAR00001-00004	1515	\N	1521	0
1632	16	RESOURCE_CALENDAR00011-00004	1517	\N	1531	0
1628	22	RESOURCE_CALENDAR00007-00004	1515	\N	1527	0
1624	12	RESOURCE_CALENDAR00003-00004	1515	\N	1523	0
1623	21	RESOURCE_CALENDAR00002-00003	1516	\N	1522	0
1625	6	RESOURCE_CALENDAR00004-00004	1517	\N	1524	0
26564	2	RESOURCE_CALENDAR00019-00001	202	\N	26463	0
26563	5	RESOURCE_CALENDAR00018-00001	202	\N	26462	0
26565	2	RESOURCE_CALENDAR00020-00001	202	\N	26464	0
27068	2	RESOURCE_CALENDAR00021-00001	202	\N	26967	0
\.


--
-- Data for Name: calendar_exception; Type: TABLE DATA; Schema: public; Owner: naval
--

COPY calendar_exception (id, version, code, date, standard_effort, calendar_exception_id, base_calendar_id, allowed_extra_effort) FROM stdin;
1757	3	RESOURCE_CALENDAR00005-00016	2011-06-13	0	1010	1525	0
1755	3	RESOURCE_CALENDAR00005-00013	2011-06-11	0	1010	1525	0
1717	3	CALENDAR00002-00002	2011-12-30	14400	1015	1515	\N
1719	3	CALENDAR00002-00004	2011-04-22	0	1014	1515	0
1718	3	CALENDAR00002-00003	2011-05-17	0	1014	1515	0
1761	3	RESOURCE_CALENDAR00005-00018	2011-06-07	0	1010	1525	0
1759	3	RESOURCE_CALENDAR00005-00017	2011-06-10	0	1010	1525	0
1758	3	RESOURCE_CALENDAR00005-00015	2011-06-09	0	1010	1525	0
1756	3	RESOURCE_CALENDAR00005-00014	2011-06-08	0	1010	1525	0
1784	13	RESOURCE_CALENDAR00011-00012	2011-07-13	0	1010	1531	0
1786	13	RESOURCE_CALENDAR00011-00020	2011-07-17	0	1010	1531	0
1783	13	RESOURCE_CALENDAR00011-00013	2011-07-18	0	1010	1531	0
1785	13	RESOURCE_CALENDAR00011-00016	2011-07-14	0	1010	1531	0
1779	18	RESOURCE_CALENDAR00010-00012	2011-07-11	0	1010	1530	0
1722	3	CALENDAR00004-00001	2011-04-22	0	1014	1517	0
1724	2	CALENDAR00004-00004	2011-05-03	0	1014	1517	0
1723	2	CALENDAR00004-00003	2011-12-30	0	1015	1517	\N
1721	4	CALENDAR00003-00002	2011-04-22	0	1014	1516	0
1720	4	CALENDAR00003-00001	2011-05-17	0	1014	1516	0
1728	1	CALENDAR00006-00001	2011-04-22	0	1014	1519	0
1729	1	CALENDAR00006-00002	2011-12-30	0	1015	1519	\N
1730	1	CALENDAR00006-00003	2011-03-01	0	1014	1519	0
1733	2	CALENDAR00007-00003	2011-09-08	0	1014	1520	0
1732	2	CALENDAR00007-00002	2011-12-30	0	1015	1520	\N
1731	2	CALENDAR00007-00001	2011-04-22	0	1014	1520	0
1752	3	RESOURCE_CALENDAR00004-00015	2011-06-09	0	1010	1524	0
1753	3	RESOURCE_CALENDAR00004-00017	2011-06-07	0	1010	1524	0
1749	3	RESOURCE_CALENDAR00004-00013	2011-06-10	0	1010	1524	0
1754	3	RESOURCE_CALENDAR00004-00021	2011-06-08	0	1010	1524	0
1748	3	RESOURCE_CALENDAR00004-00012	2011-06-12	0	1010	1524	0
1776	18	RESOURCE_CALENDAR00010-00009	2011-07-05	0	1010	1530	0
1777	18	RESOURCE_CALENDAR00010-00010	2011-07-08	0	1010	1530	0
1767	19	RESOURCE_CALENDAR00007-00019	2011-06-23	0	1010	1527	0
1766	19	RESOURCE_CALENDAR00007-00020	2011-06-27	0	1010	1527	0
1751	3	RESOURCE_CALENDAR00004-00016	2011-06-13	0	1010	1524	0
1750	3	RESOURCE_CALENDAR00004-00014	2011-06-11	0	1010	1524	0
1765	19	RESOURCE_CALENDAR00007-00017	2011-06-25	0	1010	1527	0
1760	3	RESOURCE_CALENDAR00005-00019	2011-06-12	0	1010	1525	0
1764	19	RESOURCE_CALENDAR00007-00016	2011-06-24	0	1010	1527	0
1768	19	RESOURCE_CALENDAR00007-00018	2011-06-22	0	1010	1527	0
1762	19	RESOURCE_CALENDAR00007-00012	2011-06-21	0	1010	1527	0
1763	19	RESOURCE_CALENDAR00007-00015	2011-06-26	0	1010	1527	0
1743	18	RESOURCE_CALENDAR00002-00013	2011-02-07	0	1010	1522	0
1742	18	RESOURCE_CALENDAR00002-00010	2011-02-09	0	1010	1522	0
1737	13	RESOURCE_CALENDAR00001-00021	2011-02-10	0	1010	1521	0
1735	13	RESOURCE_CALENDAR00001-00019	2011-02-11	0	1010	1521	0
1740	13	RESOURCE_CALENDAR00001-00024	2011-02-08	0	1010	1521	0
1775	2	RESOURCE_CALENDAR00008-00015	2011-07-03	0	1010	1528	0
1771	2	RESOURCE_CALENDAR00008-00009	2011-06-28	0	1010	1528	0
1769	2	RESOURCE_CALENDAR00008-00008	2011-07-04	0	1010	1528	0
1773	2	RESOURCE_CALENDAR00008-00013	2011-07-02	0	1010	1528	0
1736	13	RESOURCE_CALENDAR00001-00018	2011-02-05	0	1010	1521	0
1782	18	RESOURCE_CALENDAR00010-00017	2011-07-09	0	1010	1530	0
1778	18	RESOURCE_CALENDAR00010-00011	2011-07-07	0	1010	1530	0
1780	18	RESOURCE_CALENDAR00010-00013	2011-07-10	0	1010	1530	0
1781	18	RESOURCE_CALENDAR00010-00015	2011-07-06	0	1010	1530	0
1739	13	RESOURCE_CALENDAR00001-00025	2011-02-09	0	1010	1521	0
1734	13	RESOURCE_CALENDAR00001-00017	2011-02-07	0	1010	1521	0
1774	2	RESOURCE_CALENDAR00008-00012	2011-07-01	0	1010	1528	0
1772	2	RESOURCE_CALENDAR00008-00011	2011-06-30	0	1010	1528	0
1770	2	RESOURCE_CALENDAR00008-00010	2011-06-29	0	1010	1528	0
1803	3	RESOURCE_CALENDAR00014-00020	2011-07-28	0	1010	1534	0
1799	3	RESOURCE_CALENDAR00014-00014	2011-08-01	0	1010	1534	0
1798	3	RESOURCE_CALENDAR00014-00012	2011-07-26	0	1010	1534	0
1738	13	RESOURCE_CALENDAR00001-00022	2011-02-06	0	1010	1521	0
1790	3	RESOURCE_CALENDAR00013-00018	2011-07-20	0	1010	1533	0
1792	3	RESOURCE_CALENDAR00013-00024	2011-07-24	0	1010	1533	0
1795	3	RESOURCE_CALENDAR00013-00025	2011-07-23	0	1010	1533	0
1793	3	RESOURCE_CALENDAR00013-00023	2011-07-22	0	1010	1533	0
1796	3	RESOURCE_CALENDAR00013-00027	2011-07-25	0	1010	1533	0
1791	3	RESOURCE_CALENDAR00013-00019	2011-07-21	0	1010	1533	0
1794	3	RESOURCE_CALENDAR00013-00022	2011-07-19	0	1010	1533	0
1789	13	RESOURCE_CALENDAR00011-00021	2011-07-15	0	1010	1531	0
1788	13	RESOURCE_CALENDAR00011-00018	2011-07-12	0	1010	1531	0
1787	13	RESOURCE_CALENDAR00011-00019	2011-07-16	0	1010	1531	0
1802	3	RESOURCE_CALENDAR00014-00021	2011-07-31	0	1010	1534	0
1797	3	RESOURCE_CALENDAR00014-00013	2011-07-29	0	1010	1534	0
1801	3	RESOURCE_CALENDAR00014-00019	2011-07-27	0	1010	1534	0
1800	3	RESOURCE_CALENDAR00014-00017	2011-07-30	0	1010	1534	0
1747	18	RESOURCE_CALENDAR00002-00015	2011-02-04	0	1010	1522	0
1745	18	RESOURCE_CALENDAR00002-00011	2011-02-03	0	1010	1522	0
1746	18	RESOURCE_CALENDAR00002-00014	2011-02-05	0	1010	1522	0
1744	18	RESOURCE_CALENDAR00002-00012	2011-02-06	0	1010	1522	0
1741	18	RESOURCE_CALENDAR00002-00009	2011-02-08	0	1010	1522	0
\.


--
-- Data for Name: calendar_exception_type; Type: TABLE DATA; Schema: public; Owner: naval
--

COPY calendar_exception_type (id, version, code, code_autogenerated, name, color, standard_effort, allowed_extra_effort) FROM stdin;
1015	1	CALENDAR_EXCEPTION_TYPE00006	t	WORKABLE_BANK_HOLIDAY	orange	0	\N
1010	11	CALENDAR_EXCEPTION_TYPE00001	t	HOLIDAY	red	0	0
1011	9	CALENDAR_EXCEPTION_TYPE00002	t	SICK_LEAVE	red	0	0
1012	7	CALENDAR_EXCEPTION_TYPE00003	t	LEAVE	red	0	0
1013	5	CALENDAR_EXCEPTION_TYPE00004	t	STRIKE	red	0	0
1014	3	CALENDAR_EXCEPTION_TYPE00005	t	BANK_HOLIDAY	red	0	0
\.


--
-- Data for Name: capacity_per_day; Type: TABLE DATA; Schema: public; Owner: naval
--

COPY capacity_per_day (base_calendar_id, standard_effort, day_id, allowed_extra_effort) FROM stdin;
303	28800	0	\N
303	28800	1	\N
303	28800	2	\N
303	28800	3	\N
303	28800	4	\N
1616	32400	0	\N
1616	32400	1	\N
1616	32400	2	\N
1616	32400	3	\N
1616	14400	4	\N
1617	14400	4	\N
1618	32400	0	\N
1618	32400	1	\N
1618	32400	2	\N
1618	32400	3	\N
1618	14400	4	\N
1617	14400	0	\N
1617	14400	1	\N
1617	14400	2	\N
1617	14400	3	\N
1620	14400	0	\N
1620	14400	1	\N
1620	14400	2	\N
1620	14400	3	\N
1620	14400	4	\N
1621	32400	0	\N
1621	32400	1	\N
1621	32400	2	\N
1621	32400	3	\N
1621	14400	4	\N
303	0	5	0
303	0	6	0
\.


--
-- Data for Name: configuration; Type: TABLE DATA; Schema: public; Owner: naval
--

COPY configuration (id, version, configuration_id, company_code, generate_code_for_cost_category, generate_code_for_calendar_exception_type, generate_code_for_work_report_type, generate_code_for_criterion, generate_code_for_label, generate_code_for_work_report, generate_code_for_resources, generate_code_for_types_of_work_hours, generate_code_for_material_categories, generate_code_for_unit_types, generate_code_for_base_calendars, expand_company_planning_view_charts, expand_order_planning_view_charts, expand_resource_load_view_charts, monte_carlo_method_tab_visible, progress_type, company_logo_url, scenarios_visible, changed_default_admin_password, changed_default_user_password, changed_default_wsreader_password, changed_default_wswriter_password) FROM stdin;
404	2	202	COMPANY_CODE	t	t	t	t	t	t	t	t	f	t	t	f	t	t	f	0		f	f	f	f	f
\.


--
-- Data for Name: consolidated_value; Type: TABLE DATA; Schema: public; Owner: naval
--

COPY consolidated_value (id, consolidated_value_type, version, date, value, task_end_date, consolidation_id, advance_measurement_id) FROM stdin;
20000	non_calculated	36	2011-03-02	20.00	2011-03-08	3438	18439
\.


--
-- Data for Name: consolidation; Type: TABLE DATA; Schema: public; Owner: naval
--

COPY consolidation (id, consolidation_type, version, dir_advance_assignment_id, ind_advance_assignment_id) FROM stdin;
3438	non_calculated	38	3338	\N
\.


--
-- Data for Name: cost_category; Type: TABLE DATA; Schema: public; Owner: naval
--

COPY cost_category (id, version, code, name, code_autogenerated, last_hour_cost_sequence_code, enabled) FROM stdin;
24644	3	COST_CATEGORY00001	Operarios con menos de 5 anos de experiencia	t	4	t
24646	2	COST_CATEGORY00002	Operarios con máis de 5 anos de experiencia	t	4	t
\.


--
-- Data for Name: criterion; Type: TABLE DATA; Schema: public; Owner: naval
--

COPY criterion (id, version, code, name, predefined_criterion_internal_name, active, id_criterion_type, parent) FROM stdin;
1414	1	CRITERION00008-00006	Soldador	\N	t	425984	\N
1415	1	CRITERION00008-00001	Electricista	\N	t	425984	\N
1416	1	CRITERION00008-00002	Soldador Submarino	\N	t	425984	\N
1417	1	CRITERION00008-00004	Pintor	\N	t	425984	\N
1418	1	CRITERION00008-00005	Carpinteiro	\N	t	425984	\N
1419	1	CRITERION00008-00003	Califugador	\N	t	425984	\N
1420	1	CRITERION00009-00001	España	\N	t	425985	\N
1443	1	CRITERION00013-00001	Grupo 5	\N	t	425989	\N
1444	1	CRITERION00013-00002	Grupo 4	\N	t	425989	\N
1445	1	CRITERION00013-00004	Grupo 2	\N	t	425989	\N
1446	1	CRITERION00013-00005	Grupo 1	\N	t	425989	\N
1421	1	CRITERION00009-00006	Asturias	\N	t	425985	1420
1423	1	CRITERION00009-00004	País Vasco	\N	t	425985	1420
1425	1	CRITERION00009-00002	Andalucía	\N	t	425985	1420
1427	1	CRITERION00009-00008	Galicia	\N	t	425985	1420
1422	1	CRITERION00009-00007	Gijón	\N	t	425985	1421
1424	1	CRITERION00009-00005	San Sebastián	\N	t	425985	1423
1426	1	CRITERION00009-00003	Cádiz	\N	t	425985	1425
1428	1	CRITERION00009-00010	Ferrol	\N	t	425985	1427
1429	1	CRITERION00009-00009	Vigo	\N	t	425985	1427
1430	1	CRITERION00010-00001	Soldadura de terceiro nivel	\N	t	425986	\N
1431	1	CRITERION00010-00002	Soldadura de segundo nivel	\N	t	425986	\N
1432	1	CRITERION00010-00003	Soldadura de primeiro nivel	\N	t	425986	\N
1447	1	CRITERION00013-00003	Grupo 3	\N	t	425989	\N
606	25	CRITERION00001-00001	medicalLeave	medicalLeave	t	163840	\N
607	23	CRITERION00001-00002	paternityLeave	paternityLeave	t	163840	\N
608	6	CRITERION00006-00001	hiredResourceWorkingRelationship	hiredResourceWorkingRelationship	t	163845	\N
609	4	CRITERION00006-00002	firedResourceWorkingRelationship	firedResourceWorkingRelationship	t	163845	\N
1435	2	CRITERION00011-00002	Por obra	\N	t	425987	\N
1436	2	CRITERION00011-00001	Temporal	\N	t	425987	\N
1434	2	CRITERION00011-00003	En prácticas segundo ano	\N	t	425987	\N
1433	2	CRITERION00011-00005	Indefinido	\N	t	425987	\N
1437	2	CRITERION00011-00004	En prácticas primeiro ano	\N	t	425987	\N
1438	1	CRITERION00012-00001	Pase entrada estaleiro Barreras	\N	t	425988	\N
1439	1	CRITERION00012-00002	Pase entrada estaleiro Vulcano	\N	t	425988	\N
1440	1	CRITERION00012-00003	Pase entrada estaleiro Navantia	\N	t	425988	\N
1441	1	CRITERION00012-00004	Certificado médico 2011	\N	t	425988	\N
1442	1	CRITERION00012-00005	Certificado médico 2010	\N	t	425988	\N
26058	1	CRITERION00014-00002	a	\N	t	8421376	\N
26060	1	CRITERION00014-00001	b	\N	t	8421376	\N
26059	1	CRITERION00014-00003	a1	\N	t	8421376	26058
\.


--
-- Data for Name: criterion_requirement; Type: TABLE DATA; Schema: public; Owner: naval
--

COPY criterion_requirement (id, criterion_requirement_type, version, hours_group_id, order_element_id, order_element_template_id, criterion_id, parent, valid) FROM stdin;
4788	direct	5	\N	4142	\N	1447	\N	\N
4056	indirect	6	\N	3004	\N	1445	3939	t
4055	indirect	6	\N	3004	\N	1417	3940	t
3956	indirect	6	\N	3008	\N	1445	3954	t
4067	indirect	6	\N	3008	\N	1419	3953	t
4054	indirect	8	3749	\N	\N	1445	3934	t
4073	indirect	6	3754	\N	\N	1445	3954	t
3961	indirect	6	3754	\N	\N	1445	3954	t
4074	indirect	6	3754	\N	\N	1419	3953	t
3962	indirect	6	3754	\N	\N	1419	3953	t
3965	indirect	6	3755	\N	\N	1419	3953	t
3966	indirect	6	3755	\N	\N	1445	3954	t
4078	indirect	6	3755	\N	\N	1445	3954	t
4077	indirect	6	3755	\N	\N	1419	3953	t
3955	indirect	6	\N	3008	\N	1419	3953	t
4068	indirect	6	\N	3008	\N	1445	3954	t
3957	indirect	7	3753	\N	\N	1445	3954	t
4069	indirect	7	3753	\N	\N	1445	3954	t
4070	indirect	7	3753	\N	\N	1419	3953	t
3958	indirect	7	3753	\N	\N	1419	3953	t
4071	indirect	6	\N	3009	\N	1419	3953	t
4072	indirect	6	\N	3009	\N	1445	3954	t
3960	indirect	6	\N	3009	\N	1445	3954	t
3959	indirect	6	\N	3009	\N	1419	3953	t
3964	indirect	6	\N	3010	\N	1445	3954	t
4075	indirect	6	\N	3010	\N	1419	3953	t
4076	indirect	6	\N	3010	\N	1445	3954	t
3963	indirect	6	\N	3010	\N	1419	3953	t
4051	indirect	6	\N	3001	\N	1445	3934	t
4052	indirect	8	3748	\N	\N	1445	3934	t
4053	indirect	6	\N	3002	\N	1445	3934	t
9203	indirect	5	3822	\N	\N	1414	9199	t
9208	indirect	5	3823	\N	\N	1414	9199	t
9212	indirect	5	3824	\N	\N	1414	9199	t
4792	indirect	3	3769	\N	\N	1447	4788	t
9218	indirect	5	3825	\N	\N	1418	9214	t
9217	indirect	5	3825	\N	\N	1444	9213	t
4798	indirect	8	3770	\N	\N	1447	4794	t
4797	indirect	8	3770	\N	\N	1417	4793	t
4799	indirect	5	\N	4160	\N	1417	4793	t
4800	indirect	5	\N	4160	\N	1447	4794	t
4803	indirect	5	\N	4161	\N	1417	4793	t
4804	indirect	5	\N	4161	\N	1447	4794	t
4802	indirect	4	3796	\N	\N	1417	4793	t
4801	indirect	4	3796	\N	\N	1447	4794	t
4806	indirect	7	3797	\N	\N	1447	4794	t
4805	indirect	7	3797	\N	\N	1417	4793	t
3934	direct	7	\N	3000	\N	1445	\N	\N
4793	direct	5	\N	4159	\N	1417	\N	\N
9221	indirect	5	3826	\N	\N	1444	9213	t
9222	indirect	5	3826	\N	\N	1418	9214	t
4794	direct	5	\N	4159	\N	1447	\N	\N
4789	indirect	5	\N	4143	\N	1447	4788	t
4790	indirect	6	3768	\N	\N	1447	4788	t
4791	indirect	5	\N	4144	\N	1447	4788	t
4807	direct	5	\N	4162	\N	1418	\N	\N
4808	direct	5	\N	4162	\N	1447	\N	\N
4795	indirect	5	\N	4145	\N	1447	4794	t
9226	indirect	4	3827	\N	\N	1418	9214	t
9225	indirect	4	3827	\N	\N	1444	9213	t
3939	direct	7	\N	3003	\N	1445	\N	\N
3940	direct	7	\N	3003	\N	1417	\N	\N
3942	indirect	6	\N	3004	\N	1445	3939	t
3941	indirect	6	\N	3004	\N	1417	3940	t
3935	indirect	6	\N	3001	\N	1445	3934	t
3936	indirect	8	3748	\N	\N	1445	3934	t
3937	indirect	6	\N	3002	\N	1445	3934	t
3938	indirect	8	3749	\N	\N	1445	3934	t
9199	direct	3	\N	4199	\N	1414	\N	\N
9202	indirect	3	\N	4200	\N	1414	9199	t
9205	indirect	3	\N	4201	\N	1414	9199	t
9210	indirect	3	\N	4202	\N	1414	9199	t
9213	direct	3	\N	4203	\N	1444	\N	\N
9214	direct	3	\N	4203	\N	1418	\N	\N
9216	indirect	3	\N	4204	\N	1444	9213	t
9215	indirect	3	\N	4204	\N	1418	9214	t
4796	indirect	5	\N	4145	\N	1417	4793	t
9219	indirect	3	\N	4205	\N	1444	9213	t
9220	indirect	3	\N	4205	\N	1418	9214	t
9223	indirect	3	\N	4206	\N	1418	9214	t
9224	indirect	3	\N	4206	\N	1444	9213	t
12411	direct	4	\N	5362	\N	1443	\N	\N
12412	direct	4	\N	5362	\N	1417	\N	\N
12413	indirect	4	\N	5363	\N	1417	12412	t
12414	indirect	4	\N	5363	\N	1443	12411	t
12416	indirect	5	5264	\N	\N	1443	12411	t
12415	indirect	5	5264	\N	\N	1417	12412	t
12417	indirect	4	\N	5364	\N	1443	12411	t
9248	direct	2	\N	4199	\N	1444	\N	\N
9249	indirect	2	\N	4200	\N	1444	9248	t
12418	indirect	4	\N	5364	\N	1417	12412	t
9251	indirect	2	\N	4201	\N	1444	9248	t
9253	indirect	2	\N	4202	\N	1444	9248	t
4811	indirect	5	3771	\N	\N	1418	4807	t
4813	indirect	5	\N	4163	\N	1447	4808	t
4814	indirect	5	\N	4163	\N	1418	4807	t
4818	indirect	5	\N	4164	\N	1447	4808	t
4817	indirect	5	\N	4164	\N	1418	4807	t
3944	indirect	8	3750	\N	\N	1445	3939	t
3946	indirect	6	\N	3005	\N	1445	3939	t
3945	indirect	6	\N	3005	\N	1417	3940	t
4815	indirect	3	3798	\N	\N	1418	4807	t
4816	indirect	3	3798	\N	\N	1447	4808	t
4060	indirect	6	\N	3005	\N	1445	3939	t
4820	indirect	3	3799	\N	\N	1418	4807	t
4819	indirect	3	3799	\N	\N	1447	4808	t
12419	indirect	5	5265	\N	\N	1443	12411	t
12420	indirect	5	5265	\N	\N	1417	12412	t
12422	indirect	4	\N	5365	\N	1417	12412	t
12421	indirect	4	\N	5365	\N	1443	12411	t
12423	indirect	5	5266	\N	\N	1443	12411	t
3943	indirect	8	3750	\N	\N	1417	3940	t
4058	indirect	8	3750	\N	\N	1445	3939	t
4057	indirect	8	3750	\N	\N	1417	3940	t
4059	indirect	6	\N	3005	\N	1417	3940	t
3948	indirect	8	3751	\N	\N	1417	3940	t
4061	indirect	8	3751	\N	\N	1445	3939	t
4062	indirect	8	3751	\N	\N	1417	3940	t
3947	indirect	8	3751	\N	\N	1445	3939	t
3950	indirect	6	\N	3006	\N	1417	3940	t
3949	indirect	6	\N	3006	\N	1445	3939	t
4064	indirect	6	\N	3006	\N	1417	3940	t
12424	indirect	5	5266	\N	\N	1417	12412	t
12425	direct	4	\N	5366	\N	1419	\N	\N
12426	direct	4	\N	5366	\N	1443	\N	\N
12427	indirect	4	\N	5367	\N	1419	12425	t
9250	indirect	4	3822	\N	\N	1444	9248	t
9252	indirect	4	3823	\N	\N	1444	9248	t
9254	indirect	4	3824	\N	\N	1444	9248	t
4063	indirect	6	\N	3006	\N	1445	3939	t
4065	indirect	8	3752	\N	\N	1417	3940	t
3952	indirect	8	3752	\N	\N	1445	3939	t
4066	indirect	8	3752	\N	\N	1445	3939	t
4810	indirect	5	\N	4146	\N	1418	4807	t
4809	indirect	5	\N	4146	\N	1447	4808	t
4812	indirect	5	3771	\N	\N	1447	4808	t
3951	indirect	8	3752	\N	\N	1417	3940	t
3953	direct	7	\N	3007	\N	1419	\N	\N
3954	direct	7	\N	3007	\N	1445	\N	\N
12428	indirect	4	\N	5367	\N	1443	12426	t
12430	indirect	5	5267	\N	\N	1419	12425	t
12429	indirect	5	5267	\N	\N	1443	12426	t
12432	indirect	4	\N	5368	\N	1419	12425	t
12431	indirect	4	\N	5368	\N	1443	12426	t
12434	indirect	5	5268	\N	\N	1443	12426	t
12433	indirect	5	5268	\N	\N	1419	12425	t
12436	indirect	4	\N	5369	\N	1419	12425	t
12435	indirect	4	\N	5369	\N	1443	12426	t
12438	indirect	5	5269	\N	\N	1443	12426	t
12437	indirect	5	5269	\N	\N	1419	12425	t
3239	direct	10	\N	2963	\N	1446	\N	\N
3240	indirect	10	\N	2964	\N	1446	3239	t
3241	indirect	10	2815	\N	\N	1446	3239	t
3242	indirect	10	\N	2965	\N	1446	3239	t
3243	indirect	10	2816	\N	\N	1446	3239	t
3244	direct	10	\N	2966	\N	1414	\N	\N
3245	indirect	10	\N	2967	\N	1414	3244	t
3246	indirect	7	2817	\N	\N	1414	3244	t
3247	indirect	10	\N	2968	\N	1414	3244	t
3248	indirect	9	2818	\N	\N	1414	3244	t
3249	indirect	10	\N	2969	\N	1414	3244	t
3250	indirect	7	2819	\N	\N	1414	3244	t
3251	direct	10	\N	2970	\N	1418	\N	\N
3252	indirect	10	\N	2971	\N	1418	3251	t
3253	indirect	7	2820	\N	\N	1418	3251	t
3254	indirect	10	\N	2972	\N	1418	3251	t
3255	indirect	7	2821	\N	\N	1418	3251	t
3256	indirect	10	\N	2973	\N	1418	3251	t
3257	indirect	7	2822	\N	\N	1418	3251	t
\.


--
-- Data for Name: criterion_satisfaction; Type: TABLE DATA; Schema: public; Owner: naval
--

COPY criterion_satisfaction (id, version, code, start_date, finish_date, is_deleted, criterion, resource) FROM stdin;
8283	1	CRITERION_SATISFACTION00026	2011-03-01	\N	f	1417	2035
2233	17	CRITERION_SATISFACTION00013	2011-03-01	\N	f	1418	2033
2227	9	CRITERION_SATISFACTION00006	2011-02-14	\N	f	1446	2025
2225	16	CRITERION_SATISFACTION00004	2011-03-01	2011-03-31	f	1446	2023
2226	14	CRITERION_SATISFACTION00005	2011-03-01	\N	f	1418	2023
2229	2	CRITERION_SATISFACTION00007	2011-03-01	\N	f	1417	2027
2228	2	CRITERION_SATISFACTION00008	2011-03-01	\N	f	1445	2027
2230	2	CRITERION_SATISFACTION00009	2011-03-01	\N	f	1445	2029
2231	2	CRITERION_SATISFACTION00010	2011-03-01	\N	f	1419	2029
2232	1	CRITERION_SATISFACTION00011	2011-02-14	\N	f	1445	2031
2235	2	CRITERION_SATISFACTION00014	2011-02-14	\N	f	1447	2037
2240	2	CRITERION_SATISFACTION00019	2011-02-14	\N	f	1444	2043
2237	17	CRITERION_SATISFACTION00016	2011-02-01	\N	f	1414	2039
2242	2	CRITERION_SATISFACTION00020	2011-02-14	\N	f	1417	2045
2241	2	CRITERION_SATISFACTION00021	2011-02-14	\N	f	1443	2045
2243	2	CRITERION_SATISFACTION00022	2011-02-14	\N	f	1443	2047
2244	2	CRITERION_SATISFACTION00023	2011-02-14	\N	f	1419	2047
2236	17	CRITERION_SATISFACTION00015	2011-03-01	\N	f	1444	2039
2245	2	CRITERION_SATISFACTION00024	2011-02-14	\N	f	1443	2049
8282	1	CRITERION_SATISFACTION00025	2011-03-01	\N	f	1447	2035
2222	12	CRITERION_SATISFACTION00001	2011-02-01	\N	t	1446	2021
2224	11	CRITERION_SATISFACTION00003	2011-04-01	\N	f	1446	2021
2223	11	CRITERION_SATISFACTION00002	2011-04-01	\N	f	1414	2021
2238	12	CRITERION_SATISFACTION00017	2011-03-01	\N	f	1444	2041
2239	12	CRITERION_SATISFACTION00018	2011-03-01	\N	f	1418	2041
2234	17	CRITERION_SATISFACTION00012	2011-03-01	\N	f	1447	2033
26768	2	CRITERION_SATISFACTION00031	2011-02-16	\N	f	1433	26364
26769	2	CRITERION_SATISFACTION00032	2011-02-16	\N	f	1436	26364
26770	1	CRITERION_SATISFACTION00033	2011-02-16	\N	f	1431	26364
26771	1	CRITERION_SATISFACTION00034	2011-02-16	\N	f	26058	26362
26767	4	CRITERION_SATISFACTION00030	2011-02-16	\N	t	26058	26362
26766	5	CRITERION_SATISFACTION00029	2011-02-16	\N	f	26060	26362
26765	5	CRITERION_SATISFACTION00028	2011-02-16	\N	f	26059	26362
26773	2	CRITERION_SATISFACTION00035	2011-02-16	\N	f	26059	26366
26772	2	CRITERION_SATISFACTION00036	2011-02-16	\N	f	26060	26366
26774	1	CRITERION_SATISFACTION00037	2011-02-16	\N	f	26058	26366
27272	1	CRITERION_SATISFACTION00040	2011-02-16	\N	f	26058	26867
27270	2	CRITERION_SATISFACTION00038	2011-02-16	\N	f	26059	26867
27271	2	CRITERION_SATISFACTION00039	2011-02-16	\N	f	26060	26867
\.


--
-- Data for Name: criterion_type; Type: TABLE DATA; Schema: public; Owner: naval
--

COPY criterion_type (id, version, code, name, predefined_type_internal_name, description, allow_simultaneous_criterions_per_resource, allow_hierarchy, last_criterion_sequence_code, enabled, code_autogenerated, resource) FROM stdin;
163840	26	CRITERION00001	LEAVE	LEAVE	Leave	f	f	2	t	t	0
163841	20	CRITERION00002	MACHINE_LOCATION_GROUP	MACHINE_LOCATION_GROUP	Location where there are machines	t	f	0	t	t	1
163842	17	CRITERION00003	CATEGORY	CATEGORY	Professional category	t	t	0	t	t	0
163843	14	CRITERION00004	TRAINING	TRAINING	Training courses and labor training	t	t	0	t	t	0
163844	11	CRITERION00005	JOB	JOB	Job	t	t	0	t	t	0
163845	8	CRITERION00006	WORK_RELATIONSHIP	WORK_RELATIONSHIP	Relationship of the resource with the enterprise 	f	f	2	t	t	0
163846	1	CRITERION00007	LOCATION_GROUP	LOCATION_GROUP	Location where the workers work	t	f	0	t	t	0
425984	1	CRITERION00008	Tipo de traballo	\N	\N	t	t	6	t	t	0
425985	1	CRITERION00009	Localización	\N	\N	t	t	10	t	t	0
425986	1	CRITERION00010	Capacitación de soldadura	\N	\N	t	f	3	t	t	0
425987	2	CRITERION00011	Contrato laboral	\N	\N	t	t	5	t	t	0
425988	1	CRITERION00012	Documentación	\N	\N	t	t	5	t	t	0
425989	1	CRITERION00013	Grupo de traballo	\N	\N	t	t	5	t	t	0
8421376	1	CRITERION00014	CriteriosMachine	\N	\N	t	t	3	t	t	1
\.


--
-- Data for Name: databasechangelog; Type: TABLE DATA; Schema: public; Owner: naval
--

COPY databasechangelog (id, author, filename, dateexecuted, orderexecuted, exectype, md5sum, description, comments, tag, liquibase) FROM stdin;
initial-database-creation-1	mrego	src/main/resources/db.changelog-database.xml	2011-02-14 09:58:56.352555+01	1	EXECUTED	3:0819191bfc79c85258e53388e6c3a269	Create Table		\N	2.0-rc7
initial-database-creation-2	mrego	src/main/resources/db.changelog-database.xml	2011-02-14 09:58:56.446755+01	2	EXECUTED	3:492e699609703ebfdc7f14d0b9d3fa10	Create Table		\N	2.0-rc7
initial-database-creation-3	mrego	src/main/resources/db.changelog-database.xml	2011-02-14 09:58:56.511513+01	3	EXECUTED	3:ce0671ca8c9c310243bcc2ffb2d35523	Create Table		\N	2.0-rc7
initial-database-creation-4	mrego	src/main/resources/db.changelog-database.xml	2011-02-14 09:58:56.596142+01	4	EXECUTED	3:5a28bfc5ca316e6f6cd3a0b3ef5f67b9	Create Table		\N	2.0-rc7
initial-database-creation-5	mrego	src/main/resources/db.changelog-database.xml	2011-02-14 09:58:56.674607+01	5	EXECUTED	3:dd32a9e5c58bd33f528f3a4176736205	Create Table		\N	2.0-rc7
initial-database-creation-6	mrego	src/main/resources/db.changelog-database.xml	2011-02-14 09:58:56.710429+01	6	EXECUTED	3:de107aebd954ab5c29c39bd6260b1c69	Create Table		\N	2.0-rc7
initial-database-creation-7	mrego	src/main/resources/db.changelog-database.xml	2011-02-14 09:58:56.767466+01	7	EXECUTED	3:588d5677bcc5dff757c327873f896443	Create Table		\N	2.0-rc7
initial-database-creation-8	mrego	src/main/resources/db.changelog-database.xml	2011-02-14 09:58:56.859245+01	8	EXECUTED	3:7fa824a67c2de27b2b2a3f66e5118412	Create Table		\N	2.0-rc7
initial-database-creation-9	mrego	src/main/resources/db.changelog-database.xml	2011-02-14 09:58:56.948649+01	9	EXECUTED	3:93bc8fa1188ddda3969df439f29c8f31	Create Table		\N	2.0-rc7
initial-database-creation-10	mrego	src/main/resources/db.changelog-database.xml	2011-02-14 09:58:57.071124+01	10	EXECUTED	3:0c72c8c2330c2408a6b079239c401a91	Create Table		\N	2.0-rc7
initial-database-creation-11	mrego	src/main/resources/db.changelog-database.xml	2011-02-14 09:58:57.210804+01	11	EXECUTED	3:30ecc1c237e1c3c3db800537ffa8883d	Create Table		\N	2.0-rc7
initial-database-creation-12	mrego	src/main/resources/db.changelog-database.xml	2011-02-14 09:58:57.398661+01	12	EXECUTED	3:f3c4e20ee90e3380f608f73bd0bbb630	Create Table		\N	2.0-rc7
initial-database-creation-13	mrego	src/main/resources/db.changelog-database.xml	2011-02-14 09:58:57.47066+01	13	EXECUTED	3:aaaa113557606faf71ee9f5ee1df07ce	Create Table		\N	2.0-rc7
initial-database-creation-14	mrego	src/main/resources/db.changelog-database.xml	2011-02-14 09:58:57.605821+01	14	EXECUTED	3:54c846355565319d7d50bd78f4f569bb	Create Table		\N	2.0-rc7
initial-database-creation-15	mrego	src/main/resources/db.changelog-database.xml	2011-02-14 09:58:57.845956+01	15	EXECUTED	3:206376e864171d400ce1602f7ef53d49	Create Table		\N	2.0-rc7
initial-database-creation-16	mrego	src/main/resources/db.changelog-database.xml	2011-02-14 09:58:58.129832+01	16	EXECUTED	3:cf757d69a753e856b6342f679cff9fac	Create Table		\N	2.0-rc7
initial-database-creation-17	mrego	src/main/resources/db.changelog-database.xml	2011-02-14 09:58:58.565921+01	17	EXECUTED	3:ce6dfb988cb41f0adbe43e1855caa76e	Create Table		\N	2.0-rc7
initial-database-creation-18	mrego	src/main/resources/db.changelog-database.xml	2011-02-14 09:58:58.724141+01	18	EXECUTED	3:967c04d80a2d485f868b3c984579c4e8	Create Table		\N	2.0-rc7
initial-database-creation-19	mrego	src/main/resources/db.changelog-database.xml	2011-02-14 09:58:58.891992+01	19	EXECUTED	3:4e9058f3e2f5b8173503167ec5c538a3	Create Table		\N	2.0-rc7
initial-database-creation-20	mrego	src/main/resources/db.changelog-database.xml	2011-02-14 09:58:59.017412+01	20	EXECUTED	3:60a882fa6c0f1d848bf4c69f9bfff35c	Create Table		\N	2.0-rc7
initial-database-creation-21	mrego	src/main/resources/db.changelog-database.xml	2011-02-14 09:58:59.152741+01	21	EXECUTED	3:19b23f729aa196a1abed154f225db676	Create Table		\N	2.0-rc7
initial-database-creation-22	mrego	src/main/resources/db.changelog-database.xml	2011-02-14 09:58:59.303885+01	22	EXECUTED	3:947b787c1bbe91a331dd46cb1640f5e5	Create Table		\N	2.0-rc7
initial-database-creation-23	mrego	src/main/resources/db.changelog-database.xml	2011-02-14 09:58:59.387534+01	23	EXECUTED	3:48f908ec702ae89b5da9f0eac7479005	Create Table		\N	2.0-rc7
initial-database-creation-24	mrego	src/main/resources/db.changelog-database.xml	2011-02-14 09:58:59.430067+01	24	EXECUTED	3:84355bc36e649a2786237afa2239406b	Create Table		\N	2.0-rc7
initial-database-creation-25	mrego	src/main/resources/db.changelog-database.xml	2011-02-14 09:58:59.525001+01	25	EXECUTED	3:b8724c07bf0377b89a789f4068225748	Create Table		\N	2.0-rc7
initial-database-creation-26	mrego	src/main/resources/db.changelog-database.xml	2011-02-14 09:58:59.637378+01	26	EXECUTED	3:f9826236b01812c13b8773d5ab43eba3	Create Table		\N	2.0-rc7
initial-database-creation-27	mrego	src/main/resources/db.changelog-database.xml	2011-02-14 09:58:59.715923+01	27	EXECUTED	3:c793cee4a905e7c283e5670c7a78ce75	Create Table		\N	2.0-rc7
initial-database-creation-28	mrego	src/main/resources/db.changelog-database.xml	2011-02-14 09:58:59.818297+01	28	EXECUTED	3:10e53ad074ddb8a722b7327c489af2a4	Create Table		\N	2.0-rc7
initial-database-creation-29	mrego	src/main/resources/db.changelog-database.xml	2011-02-14 09:59:00.056246+01	29	EXECUTED	3:ffd33e338772b05e1ec66bc5f536b857	Create Table		\N	2.0-rc7
initial-database-creation-30	mrego	src/main/resources/db.changelog-database.xml	2011-02-14 09:59:00.176741+01	30	EXECUTED	3:de8601efc174c9011c267a989abc558d	Create Table		\N	2.0-rc7
initial-database-creation-31	mrego	src/main/resources/db.changelog-database.xml	2011-02-14 09:59:00.269368+01	31	EXECUTED	3:fc5ec26502de974f7ab46118f4f53196	Create Table		\N	2.0-rc7
initial-database-creation-32	mrego	src/main/resources/db.changelog-database.xml	2011-02-14 09:59:00.295425+01	32	EXECUTED	3:b3be37758841b13194d3710d6defef04	Create Table		\N	2.0-rc7
initial-database-creation-33	mrego	src/main/resources/db.changelog-database.xml	2011-02-14 09:59:00.394388+01	33	EXECUTED	3:a951462763f5d55a3f7e10f12f81335f	Create Table		\N	2.0-rc7
initial-database-creation-34	mrego	src/main/resources/db.changelog-database.xml	2011-02-14 09:59:00.583593+01	34	EXECUTED	3:a51224ce4bb0ca6d2b3f7bd992c65f0a	Create Table		\N	2.0-rc7
initial-database-creation-35	mrego	src/main/resources/db.changelog-database.xml	2011-02-14 09:59:00.684677+01	35	EXECUTED	3:8afd863ae4753040b121f5858594660b	Create Table		\N	2.0-rc7
initial-database-creation-36	mrego	src/main/resources/db.changelog-database.xml	2011-02-14 09:59:00.875719+01	36	EXECUTED	3:0754fc448f05289e922e36fe342d121d	Create Table		\N	2.0-rc7
initial-database-creation-37	mrego	src/main/resources/db.changelog-database.xml	2011-02-14 09:59:00.975509+01	37	EXECUTED	3:5cfa72b6d860176124f25ff3a9d331fc	Create Table		\N	2.0-rc7
initial-database-creation-38	mrego	src/main/resources/db.changelog-database.xml	2011-02-14 09:59:01.029421+01	38	EXECUTED	3:f831e87d1de1fc1338d42b8e833dc9c9	Create Table		\N	2.0-rc7
initial-database-creation-39	mrego	src/main/resources/db.changelog-database.xml	2011-02-14 09:59:01.082776+01	39	EXECUTED	3:6bd033fff9beeafa67d07445dbaee07f	Create Table		\N	2.0-rc7
initial-database-creation-40	mrego	src/main/resources/db.changelog-database.xml	2011-02-14 09:59:01.202801+01	40	EXECUTED	3:bdd3c4d65620a2a8f7b1a964a353f58f	Create Table		\N	2.0-rc7
initial-database-creation-41	mrego	src/main/resources/db.changelog-database.xml	2011-02-14 09:59:01.297683+01	41	EXECUTED	3:096d3c30326f7805f4b0039355445d54	Create Table		\N	2.0-rc7
initial-database-creation-42	mrego	src/main/resources/db.changelog-database.xml	2011-02-14 09:59:01.489901+01	42	EXECUTED	3:ded3fb067f8bc57e6638e6920fd44604	Create Table		\N	2.0-rc7
initial-database-creation-43	mrego	src/main/resources/db.changelog-database.xml	2011-02-14 09:59:01.527193+01	43	EXECUTED	3:55f995d5648794d3432adc45e49630ac	Create Table		\N	2.0-rc7
initial-database-creation-44	mrego	src/main/resources/db.changelog-database.xml	2011-02-14 09:59:01.676035+01	44	EXECUTED	3:36bec1cf129dbbe7479b6fd37ec4cfc8	Create Table		\N	2.0-rc7
initial-database-creation-45	mrego	src/main/resources/db.changelog-database.xml	2011-02-14 09:59:01.795668+01	45	EXECUTED	3:14bba3e0f5ceb3f2fd6f8957e1838de4	Create Table		\N	2.0-rc7
initial-database-creation-46	mrego	src/main/resources/db.changelog-database.xml	2011-02-14 09:59:01.954868+01	46	EXECUTED	3:20a4b538a58ecad5fefff00c68060415	Create Table		\N	2.0-rc7
initial-database-creation-47	mrego	src/main/resources/db.changelog-database.xml	2011-02-14 09:59:02.128578+01	47	EXECUTED	3:20d9ca0a2dac404d34031a303d36332f	Create Table		\N	2.0-rc7
initial-database-creation-48	mrego	src/main/resources/db.changelog-database.xml	2011-02-14 09:59:02.235282+01	48	EXECUTED	3:9422bfd2634488255bcbb32d73d4d9a6	Create Table		\N	2.0-rc7
initial-database-creation-49	mrego	src/main/resources/db.changelog-database.xml	2011-02-14 09:59:02.397013+01	49	EXECUTED	3:bb378576fc9548e6e0bf30c553be56c2	Create Table		\N	2.0-rc7
initial-database-creation-50	mrego	src/main/resources/db.changelog-database.xml	2011-02-14 09:59:02.573033+01	50	EXECUTED	3:86be514721a43f3a69e0fc5575f68bcf	Create Table		\N	2.0-rc7
initial-database-creation-51	mrego	src/main/resources/db.changelog-database.xml	2011-02-14 09:59:02.705366+01	51	EXECUTED	3:6a7ac8677daeb7b232876fef8bc2eb13	Create Table		\N	2.0-rc7
initial-database-creation-52	mrego	src/main/resources/db.changelog-database.xml	2011-02-14 09:59:02.719362+01	52	EXECUTED	3:132f159f7460a378fe40004d8844911c	Create Table		\N	2.0-rc7
initial-database-creation-53	mrego	src/main/resources/db.changelog-database.xml	2011-02-14 09:59:02.825861+01	53	EXECUTED	3:e86194e70e6973332ef4538bdc5d7a1a	Create Table		\N	2.0-rc7
initial-database-creation-54	mrego	src/main/resources/db.changelog-database.xml	2011-02-14 09:59:02.898548+01	54	EXECUTED	3:2524421c32a9b419da3fe430869fdb1d	Create Table		\N	2.0-rc7
initial-database-creation-55	mrego	src/main/resources/db.changelog-database.xml	2011-02-14 09:59:02.912802+01	55	EXECUTED	3:f07c8df4ae4b20f431ed20c225b80172	Create Table		\N	2.0-rc7
initial-database-creation-56	mrego	src/main/resources/db.changelog-database.xml	2011-02-14 09:59:03.002658+01	56	EXECUTED	3:d180f6978451999d3c71c31e22a05f12	Create Table		\N	2.0-rc7
initial-database-creation-57	mrego	src/main/resources/db.changelog-database.xml	2011-02-14 09:59:03.028458+01	57	EXECUTED	3:96dee6dd4c6fe24bdf27aec7375f97a2	Create Table		\N	2.0-rc7
initial-database-creation-58	mrego	src/main/resources/db.changelog-database.xml	2011-02-14 09:59:03.116004+01	58	EXECUTED	3:57a5a9423e13e7d46ab17b29ef36e3ac	Create Table		\N	2.0-rc7
initial-database-creation-59	mrego	src/main/resources/db.changelog-database.xml	2011-02-14 09:59:03.157352+01	59	EXECUTED	3:481dae68046dee1729404fcb4b8f6724	Create Table		\N	2.0-rc7
initial-database-creation-60	mrego	src/main/resources/db.changelog-database.xml	2011-02-14 09:59:03.284362+01	60	EXECUTED	3:3c79c9a14789f861812e28b85f42ba1a	Create Table		\N	2.0-rc7
initial-database-creation-61	mrego	src/main/resources/db.changelog-database.xml	2011-02-14 09:59:03.408307+01	61	EXECUTED	3:b0647147970dcc6926527bcc26e08d0d	Create Table		\N	2.0-rc7
initial-database-creation-62	mrego	src/main/resources/db.changelog-database.xml	2011-02-14 09:59:03.447963+01	62	EXECUTED	3:7a0cee9dc0952cca4c3e2a32508a4433	Create Table		\N	2.0-rc7
initial-database-creation-63	mrego	src/main/resources/db.changelog-database.xml	2011-02-14 09:59:03.660821+01	63	EXECUTED	3:2b9225897f01e983677b51310e4fe0c6	Create Table		\N	2.0-rc7
initial-database-creation-64	mrego	src/main/resources/db.changelog-database.xml	2011-02-14 09:59:03.691809+01	64	EXECUTED	3:8c6b353a40e4bbfe9ddec68b6e2ed109	Create Table		\N	2.0-rc7
initial-database-creation-65	mrego	src/main/resources/db.changelog-database.xml	2011-02-14 09:59:03.758942+01	65	EXECUTED	3:181a3cfd4d56baa702ea56857d70c6a5	Create Table		\N	2.0-rc7
initial-database-creation-66	mrego	src/main/resources/db.changelog-database.xml	2011-02-14 09:59:03.841118+01	66	EXECUTED	3:1ce12362bbe5c9289c1b1417b4534017	Create Table		\N	2.0-rc7
initial-database-creation-67	mrego	src/main/resources/db.changelog-database.xml	2011-02-14 09:59:03.869905+01	67	EXECUTED	3:3db8192b7fc2c73f2d6f0b811b86193a	Create Table		\N	2.0-rc7
initial-database-creation-68	mrego	src/main/resources/db.changelog-database.xml	2011-02-14 09:59:04.019897+01	68	EXECUTED	3:49669d8f9f006e24a66e6baef277ebaf	Create Table		\N	2.0-rc7
initial-database-creation-69	mrego	src/main/resources/db.changelog-database.xml	2011-02-14 09:59:04.082098+01	69	EXECUTED	3:ec29eb383f779659440de1992b1b6bba	Create Table		\N	2.0-rc7
initial-database-creation-70	mrego	src/main/resources/db.changelog-database.xml	2011-02-14 09:59:04.13746+01	70	EXECUTED	3:668c637d3c53b7592d3dc67fc4703cff	Create Table		\N	2.0-rc7
initial-database-creation-71	mrego	src/main/resources/db.changelog-database.xml	2011-02-14 09:59:04.218003+01	71	EXECUTED	3:4f9d5316304450ab582b0858ce87c849	Create Table		\N	2.0-rc7
initial-database-creation-72	mrego	src/main/resources/db.changelog-database.xml	2011-02-14 09:59:04.251841+01	72	EXECUTED	3:7a3e44f865f5a910f79c5f06e0b64f14	Create Table		\N	2.0-rc7
initial-database-creation-73	mrego	src/main/resources/db.changelog-database.xml	2011-02-14 09:59:04.389478+01	73	EXECUTED	3:a635c19cae307c38b2763e3b9d58d224	Create Table		\N	2.0-rc7
initial-database-creation-74	mrego	src/main/resources/db.changelog-database.xml	2011-02-14 09:59:04.403857+01	74	EXECUTED	3:95ac63bf89b9b48c007e8460e7e48cdb	Create Table		\N	2.0-rc7
initial-database-creation-75	mrego	src/main/resources/db.changelog-database.xml	2011-02-14 09:59:04.457344+01	75	EXECUTED	3:28e6cc28eded2e909048c08ffacc1748	Create Table		\N	2.0-rc7
initial-database-creation-76	mrego	src/main/resources/db.changelog-database.xml	2011-02-14 09:59:04.51159+01	76	EXECUTED	3:f32e144cefab5640c93a41de30b01609	Create Table		\N	2.0-rc7
initial-database-creation-77	mrego	src/main/resources/db.changelog-database.xml	2011-02-14 09:59:04.602205+01	77	EXECUTED	3:5504fcfe56f3f27aedab1932b345ef67	Create Table		\N	2.0-rc7
initial-database-creation-78	mrego	src/main/resources/db.changelog-database.xml	2011-02-14 09:59:04.700682+01	78	EXECUTED	3:bfb3ce3ba16ec8f8206c296f743868e5	Create Table		\N	2.0-rc7
initial-database-creation-79	mrego	src/main/resources/db.changelog-database.xml	2011-02-14 09:59:04.74979+01	79	EXECUTED	3:7b7e2576df7e2b013c4609c905a1e89f	Create Table		\N	2.0-rc7
initial-database-creation-80	mrego	src/main/resources/db.changelog-database.xml	2011-02-14 09:59:04.774572+01	80	EXECUTED	3:f095dee1e812c9f76e21c526566bd348	Create Table		\N	2.0-rc7
initial-database-creation-81	mrego	src/main/resources/db.changelog-database.xml	2011-02-14 09:59:04.861568+01	81	EXECUTED	3:0e6f358e54f708c3e05debfeae8027f8	Create Table		\N	2.0-rc7
initial-database-creation-82	mrego	src/main/resources/db.changelog-database.xml	2011-02-14 09:59:05.032936+01	82	EXECUTED	3:660f1dd76f869c29fde7efc6f7e1255e	Create Table		\N	2.0-rc7
initial-database-creation-83	mrego	src/main/resources/db.changelog-database.xml	2011-02-14 09:59:05.066299+01	83	EXECUTED	3:43f98ac2e8ef569c2ace92091588dfc5	Create Table		\N	2.0-rc7
initial-database-creation-84	mrego	src/main/resources/db.changelog-database.xml	2011-02-14 09:59:05.124338+01	84	EXECUTED	3:72aa9950802d4e8da713013ae72ea212	Create Table		\N	2.0-rc7
initial-database-creation-85	mrego	src/main/resources/db.changelog-database.xml	2011-02-14 09:59:05.237479+01	85	EXECUTED	3:5f58cf1966364d46c430e933f520332c	Create Table		\N	2.0-rc7
initial-database-creation-86	mrego	src/main/resources/db.changelog-database.xml	2011-02-14 09:59:05.294736+01	86	EXECUTED	3:930edd522020ea950b89ea3fcc60293f	Create Table		\N	2.0-rc7
initial-database-creation-87	mrego	src/main/resources/db.changelog-database.xml	2011-02-14 09:59:05.338808+01	87	EXECUTED	3:eef1806c4faaa543eabf7aa919ee1871	Create Table		\N	2.0-rc7
initial-database-creation-88	mrego	src/main/resources/db.changelog-database.xml	2011-02-14 09:59:05.398241+01	88	EXECUTED	3:ba5ed5b46b50e4e696f26943e4846b38	Create Table		\N	2.0-rc7
initial-database-creation-89	mrego	src/main/resources/db.changelog-database.xml	2011-02-14 09:59:05.47255+01	89	EXECUTED	3:25d42a7f59acd170516f566f91db477b	Create Table		\N	2.0-rc7
initial-database-creation-90	mrego	src/main/resources/db.changelog-database.xml	2011-02-14 09:59:05.534415+01	90	EXECUTED	3:0220e67c3c6e052be5b2683f3aff6cd9	Create Table		\N	2.0-rc7
initial-database-creation-91	mrego	src/main/resources/db.changelog-database.xml	2011-02-14 09:59:05.577988+01	91	EXECUTED	3:dbeb7f14726427f4332caba3c3882781	Create Table		\N	2.0-rc7
initial-database-creation-92	mrego	src/main/resources/db.changelog-database.xml	2011-02-14 09:59:05.646053+01	92	EXECUTED	3:a4f2631814df0304d6e1a9142e0174a1	Create Table		\N	2.0-rc7
initial-database-creation-93	mrego	src/main/resources/db.changelog-database.xml	2011-02-14 09:59:05.773964+01	93	EXECUTED	3:665d61220b4af809bb0048a73af9529d	Create Table		\N	2.0-rc7
initial-database-creation-94	mrego	src/main/resources/db.changelog-database.xml	2011-02-14 09:59:05.824454+01	94	EXECUTED	3:77fb476c14c92eda11701adb0a6d406f	Create Table		\N	2.0-rc7
initial-database-creation-95	mrego	src/main/resources/db.changelog-database.xml	2011-02-14 09:59:05.898296+01	95	EXECUTED	3:2e07882701f4d10d2c5249aefdae87ee	Create Table		\N	2.0-rc7
initial-database-creation-96	mrego	src/main/resources/db.changelog-database.xml	2011-02-14 09:59:05.978884+01	96	EXECUTED	3:12e1f91eae40df9eda60c20d6f9c8874	Create Table		\N	2.0-rc7
initial-database-creation-97	mrego	src/main/resources/db.changelog-database.xml	2011-02-14 09:59:06.032681+01	97	EXECUTED	3:72db70644086a38aa90367c038a89350	Create Table		\N	2.0-rc7
initial-database-creation-98	mrego	src/main/resources/db.changelog-database.xml	2011-02-14 09:59:06.063558+01	98	EXECUTED	3:1d6bac1b7849a0442a162078696893e3	Create Table		\N	2.0-rc7
initial-database-creation-99	mrego	src/main/resources/db.changelog-database.xml	2011-02-14 09:59:06.122773+01	99	EXECUTED	3:7f6646bbd481090fa616c199b956b014	Create Table		\N	2.0-rc7
initial-database-creation-100	mrego	src/main/resources/db.changelog-database.xml	2011-02-14 09:59:06.2244+01	100	EXECUTED	3:bbbcbaf05cf76c8236d9137a4a7a25ec	Create Table		\N	2.0-rc7
initial-database-creation-101	mrego	src/main/resources/db.changelog-database.xml	2011-02-14 09:59:06.31547+01	101	EXECUTED	3:15f1e5f6e1f7c3308b084e536e88b9b8	Create Table		\N	2.0-rc7
initial-database-creation-102	mrego	src/main/resources/db.changelog-database.xml	2011-02-14 09:59:06.327061+01	102	EXECUTED	3:69b1aeed86840d511ac06119ad1f3c2a	Create Table		\N	2.0-rc7
initial-database-creation-103	mrego	src/main/resources/db.changelog-database.xml	2011-02-14 09:59:06.343171+01	103	EXECUTED	3:57d3f2fd8967dfd691fd95d30fb1c134	Create Table		\N	2.0-rc7
initial-database-creation-104	mrego	src/main/resources/db.changelog-database.xml	2011-02-14 09:59:06.398471+01	104	EXECUTED	3:0e57f86b004bedba6c607c8d2c566164	Add Primary Key		\N	2.0-rc7
initial-database-creation-105	mrego	src/main/resources/db.changelog-database.xml	2011-02-14 09:59:06.441122+01	105	EXECUTED	3:55a89da076a5b87ce5e49e1db3ed3fb9	Add Primary Key		\N	2.0-rc7
initial-database-creation-106	mrego	src/main/resources/db.changelog-database.xml	2011-02-14 09:59:06.504337+01	106	EXECUTED	3:4db964219e3dde449c0a54d58d204a7b	Add Primary Key		\N	2.0-rc7
initial-database-creation-107	mrego	src/main/resources/db.changelog-database.xml	2011-02-14 09:59:06.524622+01	107	EXECUTED	3:0d50d294d4db44aed32f8c909114645d	Add Primary Key		\N	2.0-rc7
initial-database-creation-108	mrego	src/main/resources/db.changelog-database.xml	2011-02-14 09:59:06.569258+01	108	EXECUTED	3:9c39ac8c3d6ebc758e69da66cfc20283	Add Primary Key		\N	2.0-rc7
initial-database-creation-109	mrego	src/main/resources/db.changelog-database.xml	2011-02-14 09:59:06.663953+01	109	EXECUTED	3:254739c105dc46829b4019e6cd4daa8e	Add Primary Key		\N	2.0-rc7
initial-database-creation-110	mrego	src/main/resources/db.changelog-database.xml	2011-02-14 09:59:06.716638+01	110	EXECUTED	3:330cbde32db56aa70e52784794b743ff	Add Primary Key		\N	2.0-rc7
initial-database-creation-111	mrego	src/main/resources/db.changelog-database.xml	2011-02-14 09:59:06.783762+01	111	EXECUTED	3:39d0f5be8bc00a3752b5f49dd92866de	Add Primary Key		\N	2.0-rc7
initial-database-creation-112	mrego	src/main/resources/db.changelog-database.xml	2011-02-14 09:59:06.850222+01	112	EXECUTED	3:005cd1ac6366225c7124eb995c790329	Add Primary Key		\N	2.0-rc7
initial-database-creation-113	mrego	src/main/resources/db.changelog-database.xml	2011-02-14 09:59:06.918758+01	113	EXECUTED	3:aa9ef6bec758b8fef0d7f58d652f23ed	Add Primary Key		\N	2.0-rc7
initial-database-creation-114	mrego	src/main/resources/db.changelog-database.xml	2011-02-14 09:59:06.962911+01	114	EXECUTED	3:57037ae27d15fb149b2b18b70e3ac640	Add Primary Key		\N	2.0-rc7
initial-database-creation-115	mrego	src/main/resources/db.changelog-database.xml	2011-02-14 09:59:07.02643+01	115	EXECUTED	3:9a325bc706e5f056e25b5029c144c5d8	Add Primary Key		\N	2.0-rc7
initial-database-creation-116	mrego	src/main/resources/db.changelog-database.xml	2011-02-14 09:59:07.077566+01	116	EXECUTED	3:f5bef61b4276a1bf815b80abfbbdd0dd	Add Primary Key		\N	2.0-rc7
initial-database-creation-117	mrego	src/main/resources/db.changelog-database.xml	2011-02-14 09:59:07.114671+01	117	EXECUTED	3:7eff22e0b4befe8f4c445f1c5a58a15e	Add Primary Key		\N	2.0-rc7
initial-database-creation-118	mrego	src/main/resources/db.changelog-database.xml	2011-02-14 09:59:07.155287+01	118	EXECUTED	3:dadfa8f8caf1ae02cfc16ecbed0c8b90	Add Primary Key		\N	2.0-rc7
initial-database-creation-119	mrego	src/main/resources/db.changelog-database.xml	2011-02-14 09:59:07.281476+01	119	EXECUTED	3:138d0588ac80f0a920e484db36f4e97d	Add Unique Constraint		\N	2.0-rc7
initial-database-creation-120	mrego	src/main/resources/db.changelog-database.xml	2011-02-14 09:59:07.333199+01	120	EXECUTED	3:2a81f473aa411fe1bf94ff891f950f05	Add Unique Constraint		\N	2.0-rc7
initial-database-creation-121	mrego	src/main/resources/db.changelog-database.xml	2011-02-14 09:59:07.343279+01	121	EXECUTED	3:465b67c4800169a5ad1a1fa4cf9937ce	Add Unique Constraint		\N	2.0-rc7
initial-database-creation-122	mrego	src/main/resources/db.changelog-database.xml	2011-02-14 09:59:07.389546+01	122	EXECUTED	3:d9da052c7f29fb3f76a2a4056af176bd	Add Unique Constraint		\N	2.0-rc7
initial-database-creation-123	mrego	src/main/resources/db.changelog-database.xml	2011-02-14 09:59:07.478468+01	123	EXECUTED	3:7ebb4272b707b682e405cb30ebb3fccb	Add Unique Constraint		\N	2.0-rc7
initial-database-creation-124	mrego	src/main/resources/db.changelog-database.xml	2011-02-14 09:59:07.546244+01	124	EXECUTED	3:360b5d5226fa5eb0d62b8531c2812a05	Add Unique Constraint		\N	2.0-rc7
initial-database-creation-125	mrego	src/main/resources/db.changelog-database.xml	2011-02-14 09:59:07.607189+01	125	EXECUTED	3:963fdb094cb961a23659f3e19a1ddde3	Add Unique Constraint		\N	2.0-rc7
initial-database-creation-126	mrego	src/main/resources/db.changelog-database.xml	2011-02-14 09:59:07.664729+01	126	EXECUTED	3:b20bb3c187e6488863f9d5481665fdac	Add Unique Constraint		\N	2.0-rc7
initial-database-creation-127	mrego	src/main/resources/db.changelog-database.xml	2011-02-14 09:59:07.748644+01	127	EXECUTED	3:f3035f410a920573b57eb459d1bcd6b1	Add Unique Constraint		\N	2.0-rc7
initial-database-creation-128	mrego	src/main/resources/db.changelog-database.xml	2011-02-14 09:59:07.815008+01	128	EXECUTED	3:ca1cdff9e1a997ff2c7b285e84221ab3	Add Unique Constraint		\N	2.0-rc7
initial-database-creation-129	mrego	src/main/resources/db.changelog-database.xml	2011-02-14 09:59:07.861531+01	129	EXECUTED	3:b475e7347003735620c2366fe038ee40	Add Unique Constraint		\N	2.0-rc7
initial-database-creation-130	mrego	src/main/resources/db.changelog-database.xml	2011-02-14 09:59:07.897137+01	130	EXECUTED	3:5523e28282da63951996a88d29635632	Add Unique Constraint		\N	2.0-rc7
initial-database-creation-131	mrego	src/main/resources/db.changelog-database.xml	2011-02-14 09:59:07.905555+01	131	EXECUTED	3:484e71ddda004fcbb6f56b3a1df07c12	Add Unique Constraint		\N	2.0-rc7
initial-database-creation-132	mrego	src/main/resources/db.changelog-database.xml	2011-02-14 09:59:07.947434+01	132	EXECUTED	3:750f465a29368e3c472c7717368e5315	Add Unique Constraint		\N	2.0-rc7
initial-database-creation-133	mrego	src/main/resources/db.changelog-database.xml	2011-02-14 09:59:08.016911+01	133	EXECUTED	3:ed11a2642a9063cae1be4ee314990279	Add Unique Constraint		\N	2.0-rc7
initial-database-creation-134	mrego	src/main/resources/db.changelog-database.xml	2011-02-14 09:59:08.077567+01	134	EXECUTED	3:632199e3f5e02d7b644fef85e7c7a148	Add Unique Constraint		\N	2.0-rc7
initial-database-creation-135	mrego	src/main/resources/db.changelog-database.xml	2011-02-14 09:59:08.138179+01	135	EXECUTED	3:f6136a87270d6999c38c78c5a4507ba0	Add Unique Constraint		\N	2.0-rc7
initial-database-creation-136	mrego	src/main/resources/db.changelog-database.xml	2011-02-14 09:59:08.177826+01	136	EXECUTED	3:3b8cdb7c8a87aded69e76f1127d93338	Add Unique Constraint		\N	2.0-rc7
initial-database-creation-137	mrego	src/main/resources/db.changelog-database.xml	2011-02-14 09:59:08.249352+01	137	EXECUTED	3:f21de5aaf5812d3b53ff6ba37c500419	Add Unique Constraint		\N	2.0-rc7
initial-database-creation-138	mrego	src/main/resources/db.changelog-database.xml	2011-02-14 09:59:08.321001+01	138	EXECUTED	3:212ee29342faa1bb2b4a50cfdfdf9a78	Add Unique Constraint		\N	2.0-rc7
initial-database-creation-139	mrego	src/main/resources/db.changelog-database.xml	2011-02-14 09:59:08.446156+01	139	EXECUTED	3:c1cd1a61a496daaf1bc3e941f84aa781	Add Unique Constraint		\N	2.0-rc7
initial-database-creation-140	mrego	src/main/resources/db.changelog-database.xml	2011-02-14 09:59:08.51583+01	140	EXECUTED	3:d5266cebc05f66e670752fd599970deb	Add Unique Constraint		\N	2.0-rc7
initial-database-creation-141	mrego	src/main/resources/db.changelog-database.xml	2011-02-14 09:59:08.545909+01	141	EXECUTED	3:1846e834301cbacca345ad1d30c97783	Add Unique Constraint		\N	2.0-rc7
initial-database-creation-142	mrego	src/main/resources/db.changelog-database.xml	2011-02-14 09:59:08.649492+01	142	EXECUTED	3:02dd707d2304800fa3353b76b4b14a79	Add Unique Constraint		\N	2.0-rc7
initial-database-creation-143	mrego	src/main/resources/db.changelog-database.xml	2011-02-14 09:59:08.719601+01	143	EXECUTED	3:c7d786a54bd2744456d86331287eaf88	Add Unique Constraint		\N	2.0-rc7
initial-database-creation-144	mrego	src/main/resources/db.changelog-database.xml	2011-02-14 09:59:08.779495+01	144	EXECUTED	3:d83e1d31be4d2a88a30cef280323dc14	Add Unique Constraint		\N	2.0-rc7
initial-database-creation-145	mrego	src/main/resources/db.changelog-database.xml	2011-02-14 09:59:08.822939+01	145	EXECUTED	3:2c8d1d5abd94c1f1b77b812e5a218703	Add Unique Constraint		\N	2.0-rc7
initial-database-creation-146	mrego	src/main/resources/db.changelog-database.xml	2011-02-14 09:59:08.838528+01	146	EXECUTED	3:98959c39111d467dbaef246b4e77c7d4	Add Unique Constraint		\N	2.0-rc7
initial-database-creation-147	mrego	src/main/resources/db.changelog-database.xml	2011-02-14 09:59:08.885323+01	147	EXECUTED	3:2f5b3db90f5fe8d7166b8698732d89ee	Add Unique Constraint		\N	2.0-rc7
initial-database-creation-148	mrego	src/main/resources/db.changelog-database.xml	2011-02-14 09:59:08.93813+01	148	EXECUTED	3:b6ab8ac7897d485ec2c01795fdbacba6	Add Unique Constraint		\N	2.0-rc7
initial-database-creation-149	mrego	src/main/resources/db.changelog-database.xml	2011-02-14 09:59:09.003873+01	149	EXECUTED	3:4621bf17b5d622b52e70ee84a2720ce4	Add Unique Constraint		\N	2.0-rc7
initial-database-creation-150	mrego	src/main/resources/db.changelog-database.xml	2011-02-14 09:59:09.070601+01	150	EXECUTED	3:d706f00de9bf475742860188e15d7b41	Add Unique Constraint		\N	2.0-rc7
initial-database-creation-151	mrego	src/main/resources/db.changelog-database.xml	2011-02-14 09:59:09.146613+01	151	EXECUTED	3:003b820bd40132476357aae25ba7d50b	Add Unique Constraint		\N	2.0-rc7
initial-database-creation-152	mrego	src/main/resources/db.changelog-database.xml	2011-02-14 09:59:09.189719+01	152	EXECUTED	3:cbe9e0b14bac88a7b895d8bc4c4777d7	Add Unique Constraint		\N	2.0-rc7
initial-database-creation-153	mrego	src/main/resources/db.changelog-database.xml	2011-02-14 09:59:09.23578+01	153	EXECUTED	3:38dc59e34869bc2425c7c820ba45cb9b	Add Unique Constraint		\N	2.0-rc7
initial-database-creation-154	mrego	src/main/resources/db.changelog-database.xml	2011-02-14 09:59:09.309155+01	154	EXECUTED	3:1822fb3caf8d43038c67a53fdb75e432	Add Unique Constraint		\N	2.0-rc7
initial-database-creation-155	mrego	src/main/resources/db.changelog-database.xml	2011-02-14 09:59:09.358854+01	155	EXECUTED	3:8416952db331ffa2dd27dc4f5734036c	Add Unique Constraint		\N	2.0-rc7
initial-database-creation-156	mrego	src/main/resources/db.changelog-database.xml	2011-02-14 09:59:09.444914+01	156	EXECUTED	3:4c2b2e5a5a4ee0175cab19c8b6ee084c	Add Unique Constraint		\N	2.0-rc7
initial-database-creation-157	mrego	src/main/resources/db.changelog-database.xml	2011-02-14 09:59:09.477074+01	157	EXECUTED	3:c5bf072f2de5890c8b3e22c07577f5ad	Add Unique Constraint		\N	2.0-rc7
initial-database-creation-158	mrego	src/main/resources/db.changelog-database.xml	2011-02-14 09:59:09.528331+01	158	EXECUTED	3:61b84144638971ed2b9f8a2a0fb1484f	Add Unique Constraint		\N	2.0-rc7
initial-database-creation-159	mrego	src/main/resources/db.changelog-database.xml	2011-02-14 09:59:09.59223+01	159	EXECUTED	3:edef41963c0d8e8d51ad15aa7a757420	Add Unique Constraint		\N	2.0-rc7
initial-database-creation-160	mrego	src/main/resources/db.changelog-database.xml	2011-02-14 09:59:09.645275+01	160	EXECUTED	3:6d94d16cf714dd8872660b484e632513	Add Unique Constraint		\N	2.0-rc7
initial-database-creation-161	mrego	src/main/resources/db.changelog-database.xml	2011-02-14 09:59:09.660423+01	161	EXECUTED	3:c47020da3e40d9b6239153776affab17	Add Unique Constraint		\N	2.0-rc7
initial-database-creation-162	mrego	src/main/resources/db.changelog-database.xml	2011-02-14 09:59:09.808174+01	162	EXECUTED	3:8c1de34a4070d7a104ef5595ff365355	Add Foreign Key Constraint		\N	2.0-rc7
initial-database-creation-163	mrego	src/main/resources/db.changelog-database.xml	2011-02-14 09:59:09.835848+01	163	EXECUTED	3:00c8bf9c83805a10ad1abbfe6cabdba8	Add Foreign Key Constraint		\N	2.0-rc7
initial-database-creation-164	mrego	src/main/resources/db.changelog-database.xml	2011-02-14 09:59:09.865525+01	164	EXECUTED	3:3fa310189e738082742a06c3751f2f3e	Add Foreign Key Constraint		\N	2.0-rc7
initial-database-creation-165	mrego	src/main/resources/db.changelog-database.xml	2011-02-14 09:59:09.895464+01	165	EXECUTED	3:0ed5111ef301a24755a17b99ba609336	Add Foreign Key Constraint		\N	2.0-rc7
initial-database-creation-166	mrego	src/main/resources/db.changelog-database.xml	2011-02-14 09:59:09.906069+01	166	EXECUTED	3:f781f197771175ae97a798ae4c732613	Add Foreign Key Constraint		\N	2.0-rc7
initial-database-creation-167	mrego	src/main/resources/db.changelog-database.xml	2011-02-14 09:59:09.935054+01	167	EXECUTED	3:f82641b8c47ac3372c38bd410315f1d7	Add Foreign Key Constraint		\N	2.0-rc7
initial-database-creation-168	mrego	src/main/resources/db.changelog-database.xml	2011-02-14 09:59:09.975875+01	168	EXECUTED	3:e819b9f5b305d94a874ffff77f1b0b00	Add Foreign Key Constraint		\N	2.0-rc7
initial-database-creation-169	mrego	src/main/resources/db.changelog-database.xml	2011-02-14 09:59:09.995465+01	169	EXECUTED	3:e638fd6a15647613720dfab7af6c67af	Add Foreign Key Constraint		\N	2.0-rc7
initial-database-creation-170	mrego	src/main/resources/db.changelog-database.xml	2011-02-14 09:59:10.030228+01	170	EXECUTED	3:5f2cae397111f9c4c4112a513b9e811f	Add Foreign Key Constraint		\N	2.0-rc7
initial-database-creation-171	mrego	src/main/resources/db.changelog-database.xml	2011-02-14 09:59:10.0653+01	171	EXECUTED	3:0cd6d510389a9b5c7e7707baabf175d1	Add Foreign Key Constraint		\N	2.0-rc7
initial-database-creation-172	mrego	src/main/resources/db.changelog-database.xml	2011-02-14 09:59:10.09281+01	172	EXECUTED	3:1e0dbe21557bd995cc4e10c17b06ad77	Add Foreign Key Constraint		\N	2.0-rc7
initial-database-creation-173	mrego	src/main/resources/db.changelog-database.xml	2011-02-14 09:59:10.104151+01	173	EXECUTED	3:3c00120a79d285e58d49014dc3b3def2	Add Foreign Key Constraint		\N	2.0-rc7
initial-database-creation-174	mrego	src/main/resources/db.changelog-database.xml	2011-02-14 09:59:10.139987+01	174	EXECUTED	3:a5d223789fb73e1b821bdd45c72478c8	Add Foreign Key Constraint		\N	2.0-rc7
initial-database-creation-175	mrego	src/main/resources/db.changelog-database.xml	2011-02-14 09:59:10.170112+01	175	EXECUTED	3:b7e560667260a76220664084e75a699b	Add Foreign Key Constraint		\N	2.0-rc7
initial-database-creation-176	mrego	src/main/resources/db.changelog-database.xml	2011-02-14 09:59:10.181536+01	176	EXECUTED	3:a04c06f20662d01674c2481258088719	Add Foreign Key Constraint		\N	2.0-rc7
initial-database-creation-177	mrego	src/main/resources/db.changelog-database.xml	2011-02-14 09:59:10.212021+01	177	EXECUTED	3:eda6446777e754a9b28667808386fc07	Add Foreign Key Constraint		\N	2.0-rc7
initial-database-creation-178	mrego	src/main/resources/db.changelog-database.xml	2011-02-14 09:59:10.255982+01	178	EXECUTED	3:cc43a952d1f4e90ae8ca08a86400b5b8	Add Foreign Key Constraint		\N	2.0-rc7
initial-database-creation-179	mrego	src/main/resources/db.changelog-database.xml	2011-02-14 09:59:10.280141+01	179	EXECUTED	3:3b7feac7849308d546f9e32306a0337b	Add Foreign Key Constraint		\N	2.0-rc7
initial-database-creation-180	mrego	src/main/resources/db.changelog-database.xml	2011-02-14 09:59:10.298404+01	180	EXECUTED	3:626dfbab1f6c43cbf5eda15af6c2d0b4	Add Foreign Key Constraint		\N	2.0-rc7
initial-database-creation-181	mrego	src/main/resources/db.changelog-database.xml	2011-02-14 09:59:10.314034+01	181	EXECUTED	3:5d35e584fe5144871639463ab48448d9	Add Foreign Key Constraint		\N	2.0-rc7
initial-database-creation-182	mrego	src/main/resources/db.changelog-database.xml	2011-02-14 09:59:10.367115+01	182	EXECUTED	3:54f532733816ed1173eb0a0978bc5d80	Add Foreign Key Constraint		\N	2.0-rc7
initial-database-creation-183	mrego	src/main/resources/db.changelog-database.xml	2011-02-14 09:59:10.413008+01	183	EXECUTED	3:edf8db4cfb961a06787936314df7b94e	Add Foreign Key Constraint		\N	2.0-rc7
initial-database-creation-184	mrego	src/main/resources/db.changelog-database.xml	2011-02-14 09:59:10.451553+01	184	EXECUTED	3:1e122af08a912e15ee5c66f91b6c5bfa	Add Foreign Key Constraint		\N	2.0-rc7
initial-database-creation-185	mrego	src/main/resources/db.changelog-database.xml	2011-02-14 09:59:10.477081+01	185	EXECUTED	3:49c144bddd204a4b53a3fa24016b0be2	Add Foreign Key Constraint		\N	2.0-rc7
initial-database-creation-186	mrego	src/main/resources/db.changelog-database.xml	2011-02-14 09:59:10.495312+01	186	EXECUTED	3:7f27b6d4f3c5e0b00fb64f7131248b36	Add Foreign Key Constraint		\N	2.0-rc7
initial-database-creation-187	mrego	src/main/resources/db.changelog-database.xml	2011-02-14 09:59:10.529084+01	187	EXECUTED	3:9c92c633ec12d7a6df8b65c97ad0fa35	Add Foreign Key Constraint		\N	2.0-rc7
initial-database-creation-188	mrego	src/main/resources/db.changelog-database.xml	2011-02-14 09:59:10.549257+01	188	EXECUTED	3:94a94a8ce91fc86d16d4fa653a0d1453	Add Foreign Key Constraint		\N	2.0-rc7
initial-database-creation-189	mrego	src/main/resources/db.changelog-database.xml	2011-02-14 09:59:10.580398+01	189	EXECUTED	3:b338072cafac27857c87f450a2ad6c46	Add Foreign Key Constraint		\N	2.0-rc7
initial-database-creation-190	mrego	src/main/resources/db.changelog-database.xml	2011-02-14 09:59:10.606609+01	190	EXECUTED	3:9d5bd211cfd49f3b9fc91441f5eb908f	Add Foreign Key Constraint		\N	2.0-rc7
initial-database-creation-191	mrego	src/main/resources/db.changelog-database.xml	2011-02-14 09:59:10.638029+01	191	EXECUTED	3:bc7668fdd82c710bf043fa2f8a95dbeb	Add Foreign Key Constraint		\N	2.0-rc7
initial-database-creation-192	mrego	src/main/resources/db.changelog-database.xml	2011-02-14 09:59:10.659918+01	192	EXECUTED	3:9a377a1c95da43a4a33381c22ed4e951	Add Foreign Key Constraint		\N	2.0-rc7
initial-database-creation-193	mrego	src/main/resources/db.changelog-database.xml	2011-02-14 09:59:10.667982+01	193	EXECUTED	3:73a6387f780aa23e047099f18b15b50f	Add Foreign Key Constraint		\N	2.0-rc7
initial-database-creation-194	mrego	src/main/resources/db.changelog-database.xml	2011-02-14 09:59:10.703307+01	194	EXECUTED	3:8b99d9b4b1544d9b15595cfcc5e5ec4f	Add Foreign Key Constraint		\N	2.0-rc7
initial-database-creation-195	mrego	src/main/resources/db.changelog-database.xml	2011-02-14 09:59:10.723179+01	195	EXECUTED	3:c267aaa5cd192977a88171f504e04f29	Add Foreign Key Constraint		\N	2.0-rc7
initial-database-creation-196	mrego	src/main/resources/db.changelog-database.xml	2011-02-14 09:59:10.75194+01	196	EXECUTED	3:8667c573c47e4d0fbcc32caa84df333a	Add Foreign Key Constraint		\N	2.0-rc7
initial-database-creation-197	mrego	src/main/resources/db.changelog-database.xml	2011-02-14 09:59:10.766354+01	197	EXECUTED	3:f11c3d339e18a174df76d41cd195f9de	Add Foreign Key Constraint		\N	2.0-rc7
initial-database-creation-198	mrego	src/main/resources/db.changelog-database.xml	2011-02-14 09:59:10.790791+01	198	EXECUTED	3:05a89763fa1de7b97f16102791cfefed	Add Foreign Key Constraint		\N	2.0-rc7
initial-database-creation-199	mrego	src/main/resources/db.changelog-database.xml	2011-02-14 09:59:10.801357+01	199	EXECUTED	3:c14c67e4fab2a4378ba63d3da1fb628a	Add Foreign Key Constraint		\N	2.0-rc7
initial-database-creation-200	mrego	src/main/resources/db.changelog-database.xml	2011-02-14 09:59:10.824533+01	200	EXECUTED	3:382f1905a4228bd3e9f0c040c970cde3	Add Foreign Key Constraint		\N	2.0-rc7
initial-database-creation-201	mrego	src/main/resources/db.changelog-database.xml	2011-02-14 09:59:10.860418+01	201	EXECUTED	3:1bac4b4ae207d8838f091c32cb2df31e	Add Foreign Key Constraint		\N	2.0-rc7
initial-database-creation-202	mrego	src/main/resources/db.changelog-database.xml	2011-02-14 09:59:10.892685+01	202	EXECUTED	3:40a79714aa74711e54e351fd7ae769a8	Add Foreign Key Constraint		\N	2.0-rc7
initial-database-creation-203	mrego	src/main/resources/db.changelog-database.xml	2011-02-14 09:59:10.903463+01	203	EXECUTED	3:a1500cdb8370f8da80715f3150d2da41	Add Foreign Key Constraint		\N	2.0-rc7
initial-database-creation-204	mrego	src/main/resources/db.changelog-database.xml	2011-02-14 09:59:10.916223+01	204	EXECUTED	3:7ed433c571a7829ad2eb6e5389433468	Add Foreign Key Constraint		\N	2.0-rc7
initial-database-creation-205	mrego	src/main/resources/db.changelog-database.xml	2011-02-14 09:59:10.924471+01	205	EXECUTED	3:684a3d66bf7275618fdaf47f577dca5f	Add Foreign Key Constraint		\N	2.0-rc7
initial-database-creation-206	mrego	src/main/resources/db.changelog-database.xml	2011-02-14 09:59:10.952284+01	206	EXECUTED	3:f90e8c7e57222696be65ba1a75afe0e1	Add Foreign Key Constraint		\N	2.0-rc7
initial-database-creation-207	mrego	src/main/resources/db.changelog-database.xml	2011-02-14 09:59:10.989622+01	207	EXECUTED	3:d903424e7e44b1c1fb8c9d00bbaa5ff9	Add Foreign Key Constraint		\N	2.0-rc7
initial-database-creation-208	mrego	src/main/resources/db.changelog-database.xml	2011-02-14 09:59:11.02056+01	208	EXECUTED	3:6f03b7841548675d0c674dfc8a58a76a	Add Foreign Key Constraint		\N	2.0-rc7
initial-database-creation-209	mrego	src/main/resources/db.changelog-database.xml	2011-02-14 09:59:11.034042+01	209	EXECUTED	3:69684a0db21bbdbec2ffba0b151a73bd	Add Foreign Key Constraint		\N	2.0-rc7
initial-database-creation-210	mrego	src/main/resources/db.changelog-database.xml	2011-02-14 09:59:11.076663+01	210	EXECUTED	3:70d4db37a0127109f4e99eede4265e9e	Add Foreign Key Constraint		\N	2.0-rc7
initial-database-creation-211	mrego	src/main/resources/db.changelog-database.xml	2011-02-14 09:59:11.11181+01	211	EXECUTED	3:0dc5817e042530305a63787cd51c3d44	Add Foreign Key Constraint		\N	2.0-rc7
initial-database-creation-212	mrego	src/main/resources/db.changelog-database.xml	2011-02-14 09:59:11.122919+01	212	EXECUTED	3:1b87cb4d62001fa3a6cd5df2bfee271f	Add Foreign Key Constraint		\N	2.0-rc7
initial-database-creation-213	mrego	src/main/resources/db.changelog-database.xml	2011-02-14 09:59:11.144758+01	213	EXECUTED	3:43bb14279d4807f3bb02f8c800ac6ec6	Add Foreign Key Constraint		\N	2.0-rc7
initial-database-creation-214	mrego	src/main/resources/db.changelog-database.xml	2011-02-14 09:59:11.189599+01	214	EXECUTED	3:2250070459940c11e7ff31a4192c9355	Add Foreign Key Constraint		\N	2.0-rc7
initial-database-creation-215	mrego	src/main/resources/db.changelog-database.xml	2011-02-14 09:59:11.221704+01	215	EXECUTED	3:1abe6242372fb6a1b8b7d5ed11c40cf6	Add Foreign Key Constraint		\N	2.0-rc7
initial-database-creation-216	mrego	src/main/resources/db.changelog-database.xml	2011-02-14 09:59:11.234298+01	216	EXECUTED	3:365ccb2007a7db5a42a8558640d149e9	Add Foreign Key Constraint		\N	2.0-rc7
initial-database-creation-217	mrego	src/main/resources/db.changelog-database.xml	2011-02-14 09:59:11.275664+01	217	EXECUTED	3:ec8d6d84ea00f6c7ece30c6d1ada877d	Add Foreign Key Constraint		\N	2.0-rc7
initial-database-creation-218	mrego	src/main/resources/db.changelog-database.xml	2011-02-14 09:59:11.314374+01	218	EXECUTED	3:00a5c1aff60bf17c4f63c781d3d8868f	Add Foreign Key Constraint		\N	2.0-rc7
initial-database-creation-219	mrego	src/main/resources/db.changelog-database.xml	2011-02-14 09:59:11.335694+01	219	EXECUTED	3:80d78dda5a5d7a6e5b490c9b28841b16	Add Foreign Key Constraint		\N	2.0-rc7
initial-database-creation-220	mrego	src/main/resources/db.changelog-database.xml	2011-02-14 09:59:11.345307+01	220	EXECUTED	3:3a8fd566182b2a101e0e843990cfa8df	Add Foreign Key Constraint		\N	2.0-rc7
initial-database-creation-221	mrego	src/main/resources/db.changelog-database.xml	2011-02-14 09:59:11.366473+01	221	EXECUTED	3:229616a00b74e7128b9eeb41293cd91e	Add Foreign Key Constraint		\N	2.0-rc7
initial-database-creation-222	mrego	src/main/resources/db.changelog-database.xml	2011-02-14 09:59:11.37821+01	222	EXECUTED	3:ed9f60b9f8d7881c11360f2a020bdf4b	Add Foreign Key Constraint		\N	2.0-rc7
initial-database-creation-223	mrego	src/main/resources/db.changelog-database.xml	2011-02-14 09:59:11.412233+01	223	EXECUTED	3:fee2321152589ea84c5743175d4c180a	Add Foreign Key Constraint		\N	2.0-rc7
initial-database-creation-224	mrego	src/main/resources/db.changelog-database.xml	2011-02-14 09:59:11.449263+01	224	EXECUTED	3:f6ef1f3ee7da7a147539b46f9c1cf60b	Add Foreign Key Constraint		\N	2.0-rc7
initial-database-creation-225	mrego	src/main/resources/db.changelog-database.xml	2011-02-14 09:59:11.512615+01	225	EXECUTED	3:21557deb9ad7b4c25504862864502b1c	Add Foreign Key Constraint		\N	2.0-rc7
initial-database-creation-226	mrego	src/main/resources/db.changelog-database.xml	2011-02-14 09:59:11.577424+01	226	EXECUTED	3:24adfcd3a41ae5648ffc2002dae0e4ef	Add Foreign Key Constraint		\N	2.0-rc7
initial-database-creation-227	mrego	src/main/resources/db.changelog-database.xml	2011-02-14 09:59:11.637481+01	227	EXECUTED	3:bdd3cffbe9466ccbf6a1a791d61230fd	Add Foreign Key Constraint		\N	2.0-rc7
initial-database-creation-228	mrego	src/main/resources/db.changelog-database.xml	2011-02-14 09:59:11.665027+01	228	EXECUTED	3:2182868d8f52e97c110e8901f8e2fc34	Add Foreign Key Constraint		\N	2.0-rc7
initial-database-creation-229	mrego	src/main/resources/db.changelog-database.xml	2011-02-14 09:59:11.691341+01	229	EXECUTED	3:43b57b5e0d38ae69053bfcaf10d4ba8d	Add Foreign Key Constraint		\N	2.0-rc7
initial-database-creation-230	mrego	src/main/resources/db.changelog-database.xml	2011-02-14 09:59:11.711966+01	230	EXECUTED	3:96d1199f9a6a19da0e6bac41293cf0ab	Add Foreign Key Constraint		\N	2.0-rc7
initial-database-creation-231	mrego	src/main/resources/db.changelog-database.xml	2011-02-14 09:59:11.733942+01	231	EXECUTED	3:d493ad51ca6712c994efb741c1cd5cee	Add Foreign Key Constraint		\N	2.0-rc7
initial-database-creation-232	mrego	src/main/resources/db.changelog-database.xml	2011-02-14 09:59:11.759919+01	232	EXECUTED	3:611e912194a15238fe4fd70e46ecd271	Add Foreign Key Constraint		\N	2.0-rc7
initial-database-creation-233	mrego	src/main/resources/db.changelog-database.xml	2011-02-14 09:59:11.789007+01	233	EXECUTED	3:4823fd19347ba5a9c14b862fac025901	Add Foreign Key Constraint		\N	2.0-rc7
initial-database-creation-234	mrego	src/main/resources/db.changelog-database.xml	2011-02-14 09:59:11.817345+01	234	EXECUTED	3:7aa2f827cf3710d979cd5c62770417bb	Add Foreign Key Constraint		\N	2.0-rc7
initial-database-creation-235	mrego	src/main/resources/db.changelog-database.xml	2011-02-14 09:59:11.857901+01	235	EXECUTED	3:1d77a4d184e0f24891d62762883540af	Add Foreign Key Constraint		\N	2.0-rc7
initial-database-creation-236	mrego	src/main/resources/db.changelog-database.xml	2011-02-14 09:59:11.887249+01	236	EXECUTED	3:354ab31aec28364faae025882682084a	Add Foreign Key Constraint		\N	2.0-rc7
initial-database-creation-237	mrego	src/main/resources/db.changelog-database.xml	2011-02-14 09:59:11.905786+01	237	EXECUTED	3:fb6d4b2090d92c3a4d685cb13176ee98	Add Foreign Key Constraint		\N	2.0-rc7
initial-database-creation-238	mrego	src/main/resources/db.changelog-database.xml	2011-02-14 09:59:11.916123+01	238	EXECUTED	3:e91f5bf74998ca513288ed138c0da97d	Add Foreign Key Constraint		\N	2.0-rc7
initial-database-creation-239	mrego	src/main/resources/db.changelog-database.xml	2011-02-14 09:59:11.973263+01	239	EXECUTED	3:f07664fc56241ad077820f8da9bad209	Add Foreign Key Constraint		\N	2.0-rc7
initial-database-creation-240	mrego	src/main/resources/db.changelog-database.xml	2011-02-14 09:59:12.048219+01	240	EXECUTED	3:3cf705e46d55107e249d5a69dbfbe650	Add Foreign Key Constraint		\N	2.0-rc7
initial-database-creation-241	mrego	src/main/resources/db.changelog-database.xml	2011-02-14 09:59:12.077289+01	241	EXECUTED	3:3de02419d8b4096899d78e2cd84d7e0b	Add Foreign Key Constraint		\N	2.0-rc7
initial-database-creation-242	mrego	src/main/resources/db.changelog-database.xml	2011-02-14 09:59:12.085879+01	242	EXECUTED	3:4b074cd6de5562d41ae3506d8d4b35f3	Add Foreign Key Constraint		\N	2.0-rc7
initial-database-creation-243	mrego	src/main/resources/db.changelog-database.xml	2011-02-14 09:59:12.106712+01	243	EXECUTED	3:b577e13ab196e4c075b8be09841abb4a	Add Foreign Key Constraint		\N	2.0-rc7
initial-database-creation-244	mrego	src/main/resources/db.changelog-database.xml	2011-02-14 09:59:12.143965+01	244	EXECUTED	3:9ad3d17bbbac8f995a1313d24c37c816	Add Foreign Key Constraint		\N	2.0-rc7
initial-database-creation-245	mrego	src/main/resources/db.changelog-database.xml	2011-02-14 09:59:12.158433+01	245	EXECUTED	3:6ed5e004af84bf9f2cfe8858fd2a5693	Add Foreign Key Constraint		\N	2.0-rc7
initial-database-creation-246	mrego	src/main/resources/db.changelog-database.xml	2011-02-14 09:59:12.215407+01	246	EXECUTED	3:72287bc729bb6699bb3bc2210d12dfd4	Add Foreign Key Constraint		\N	2.0-rc7
initial-database-creation-247	mrego	src/main/resources/db.changelog-database.xml	2011-02-14 09:59:12.242825+01	247	EXECUTED	3:cb0dc7b3886d0b94d5052539bd683a16	Add Foreign Key Constraint		\N	2.0-rc7
initial-database-creation-248	mrego	src/main/resources/db.changelog-database.xml	2011-02-14 09:59:12.259727+01	248	EXECUTED	3:359b88a585529cbf0d688ded52661d0d	Add Foreign Key Constraint		\N	2.0-rc7
initial-database-creation-249	mrego	src/main/resources/db.changelog-database.xml	2011-02-14 09:59:12.300683+01	249	EXECUTED	3:bc3e3f311891541c94bafaa8250b3837	Add Foreign Key Constraint		\N	2.0-rc7
initial-database-creation-250	mrego	src/main/resources/db.changelog-database.xml	2011-02-14 09:59:12.335673+01	250	EXECUTED	3:873b0ba69634f01ec622ca9b24d9e70a	Add Foreign Key Constraint		\N	2.0-rc7
initial-database-creation-251	mrego	src/main/resources/db.changelog-database.xml	2011-02-14 09:59:12.386645+01	251	EXECUTED	3:c137a192ad74895a6049234b596fecb5	Add Foreign Key Constraint		\N	2.0-rc7
initial-database-creation-252	mrego	src/main/resources/db.changelog-database.xml	2011-02-14 09:59:12.404446+01	252	EXECUTED	3:793cd0492af23c4c209def47673ca914	Add Foreign Key Constraint		\N	2.0-rc7
initial-database-creation-253	mrego	src/main/resources/db.changelog-database.xml	2011-02-14 09:59:12.422043+01	253	EXECUTED	3:d76b0b4675c504576f872e68c5e9bda7	Add Foreign Key Constraint		\N	2.0-rc7
initial-database-creation-254	mrego	src/main/resources/db.changelog-database.xml	2011-02-14 09:59:12.451152+01	254	EXECUTED	3:eee13cf5dc3e864e56c6a9b03079578e	Add Foreign Key Constraint		\N	2.0-rc7
initial-database-creation-255	mrego	src/main/resources/db.changelog-database.xml	2011-02-14 09:59:12.474441+01	255	EXECUTED	3:f9088ee9f92067cab4b207d3aae3a37b	Add Foreign Key Constraint		\N	2.0-rc7
initial-database-creation-256	mrego	src/main/resources/db.changelog-database.xml	2011-02-14 09:59:12.481989+01	256	EXECUTED	3:e2326617f1c9b860249a0c0777ec20f6	Add Foreign Key Constraint		\N	2.0-rc7
initial-database-creation-257	mrego	src/main/resources/db.changelog-database.xml	2011-02-14 09:59:12.522532+01	257	EXECUTED	3:adf9400fc812eb6c8f7d32aa787742e6	Add Foreign Key Constraint		\N	2.0-rc7
initial-database-creation-258	mrego	src/main/resources/db.changelog-database.xml	2011-02-14 09:59:12.532914+01	258	EXECUTED	3:60fc7ab467e364cd6a3d72d2f4f1d736	Add Foreign Key Constraint		\N	2.0-rc7
initial-database-creation-259	mrego	src/main/resources/db.changelog-database.xml	2011-02-14 09:59:12.58904+01	259	EXECUTED	3:a6cacd22103e0447094d9a161d7b7445	Add Foreign Key Constraint		\N	2.0-rc7
initial-database-creation-260	mrego	src/main/resources/db.changelog-database.xml	2011-02-14 09:59:12.638323+01	260	EXECUTED	3:76bf1eb3a6880473927e7a101d037bd8	Add Foreign Key Constraint		\N	2.0-rc7
initial-database-creation-261	mrego	src/main/resources/db.changelog-database.xml	2011-02-14 09:59:12.666605+01	261	EXECUTED	3:5e2d94e8e56a7c57936a8bce78066b96	Add Foreign Key Constraint		\N	2.0-rc7
initial-database-creation-262	mrego	src/main/resources/db.changelog-database.xml	2011-02-14 09:59:12.713213+01	262	EXECUTED	3:b6e995091bd0a2aed951e2fbf3f215a3	Add Foreign Key Constraint		\N	2.0-rc7
initial-database-creation-263	mrego	src/main/resources/db.changelog-database.xml	2011-02-14 09:59:12.764446+01	263	EXECUTED	3:5a57fa35a8c7ca09756afcad21d8e86f	Add Foreign Key Constraint		\N	2.0-rc7
initial-database-creation-264	mrego	src/main/resources/db.changelog-database.xml	2011-02-14 09:59:12.812523+01	264	EXECUTED	3:a7fc2f018277eaaa7649fb46b6b27ab6	Add Foreign Key Constraint		\N	2.0-rc7
initial-database-creation-265	mrego	src/main/resources/db.changelog-database.xml	2011-02-14 09:59:12.873727+01	265	EXECUTED	3:528d191ec33204cee277f7312c49cc2c	Add Foreign Key Constraint		\N	2.0-rc7
initial-database-creation-266	mrego	src/main/resources/db.changelog-database.xml	2011-02-14 09:59:12.892438+01	266	EXECUTED	3:deb083face872d4d49b666a9b8bdfaba	Add Foreign Key Constraint		\N	2.0-rc7
initial-database-creation-267	mrego	src/main/resources/db.changelog-database.xml	2011-02-14 09:59:12.903677+01	267	EXECUTED	3:a7b87e7b2788c237ebeef3591092532e	Add Foreign Key Constraint		\N	2.0-rc7
initial-database-creation-268	mrego	src/main/resources/db.changelog-database.xml	2011-02-14 09:59:12.980399+01	268	EXECUTED	3:8e9f116ff4830eb847589e5b4e62852e	Add Foreign Key Constraint		\N	2.0-rc7
initial-database-creation-269	mrego	src/main/resources/db.changelog-database.xml	2011-02-14 09:59:13.026319+01	269	EXECUTED	3:595c174489187fc62b19670995c5cbff	Add Foreign Key Constraint		\N	2.0-rc7
initial-database-creation-270	mrego	src/main/resources/db.changelog-database.xml	2011-02-14 09:59:13.043602+01	270	EXECUTED	3:d7a769415b86b93205327adc4b037e45	Add Foreign Key Constraint		\N	2.0-rc7
initial-database-creation-271	mrego	src/main/resources/db.changelog-database.xml	2011-02-14 09:59:13.072688+01	271	EXECUTED	3:06906c810ec8b347c75867ab21f7dc4c	Add Foreign Key Constraint		\N	2.0-rc7
initial-database-creation-272	mrego	src/main/resources/db.changelog-database.xml	2011-02-14 09:59:13.110201+01	272	EXECUTED	3:a28d48ed75ff265b6472e9749f95d1a5	Add Foreign Key Constraint		\N	2.0-rc7
initial-database-creation-273	mrego	src/main/resources/db.changelog-database.xml	2011-02-14 09:59:13.141343+01	273	EXECUTED	3:5990b5955a764200dd54eb4dd3b0a7cf	Add Foreign Key Constraint		\N	2.0-rc7
initial-database-creation-274	mrego	src/main/resources/db.changelog-database.xml	2011-02-14 09:59:13.212061+01	274	EXECUTED	3:5d4cc1738a27175979f1c973b1bd5ea9	Add Foreign Key Constraint		\N	2.0-rc7
initial-database-creation-275	mrego	src/main/resources/db.changelog-database.xml	2011-02-14 09:59:13.238297+01	275	EXECUTED	3:d9130cc23b8afa27fd84f7c72d818efd	Add Foreign Key Constraint		\N	2.0-rc7
initial-database-creation-276	mrego	src/main/resources/db.changelog-database.xml	2011-02-14 09:59:13.258432+01	276	EXECUTED	3:18feaa2b4b9cbce46ea7b7a0c710de9f	Add Foreign Key Constraint		\N	2.0-rc7
initial-database-creation-277	mrego	src/main/resources/db.changelog-database.xml	2011-02-14 09:59:13.277065+01	277	EXECUTED	3:506fb6a53c157ce68105f451ad5958ff	Add Foreign Key Constraint		\N	2.0-rc7
initial-database-creation-278	mrego	src/main/resources/db.changelog-database.xml	2011-02-14 09:59:13.304474+01	278	EXECUTED	3:b02c658ae947d20ac0ee1d207ebd210e	Add Foreign Key Constraint		\N	2.0-rc7
initial-database-creation-279	mrego	src/main/resources/db.changelog-database.xml	2011-02-14 09:59:13.370569+01	279	EXECUTED	3:c346d8903750d250fabc343064880e6f	Add Foreign Key Constraint		\N	2.0-rc7
initial-database-creation-280	mrego	src/main/resources/db.changelog-database.xml	2011-02-14 09:59:13.408433+01	280	EXECUTED	3:37fcf9ad58b891a096b9c95f4ea57b58	Add Foreign Key Constraint		\N	2.0-rc7
initial-database-creation-281	mrego	src/main/resources/db.changelog-database.xml	2011-02-14 09:59:13.475401+01	281	EXECUTED	3:611486b58c51ad97deab489a17b23e2e	Add Foreign Key Constraint		\N	2.0-rc7
initial-database-creation-282	mrego	src/main/resources/db.changelog-database.xml	2011-02-14 09:59:13.512052+01	282	EXECUTED	3:0efe8669ed086af6da655a53d4ced916	Add Foreign Key Constraint		\N	2.0-rc7
initial-database-creation-283	mrego	src/main/resources/db.changelog-database.xml	2011-02-14 09:59:13.550186+01	283	EXECUTED	3:730ece3259ea1ee3ffa53563790465d8	Add Foreign Key Constraint		\N	2.0-rc7
initial-database-creation-284	mrego	src/main/resources/db.changelog-database.xml	2011-02-14 09:59:13.559491+01	284	EXECUTED	3:5eb111d4b478c0c9a66a3a4a112c1c6b	Add Foreign Key Constraint		\N	2.0-rc7
initial-database-creation-285	mrego	src/main/resources/db.changelog-database.xml	2011-02-14 09:59:13.606262+01	285	EXECUTED	3:b7d27d03ee27cc13c76c5262d518b876	Add Foreign Key Constraint		\N	2.0-rc7
initial-database-creation-286	mrego	src/main/resources/db.changelog-database.xml	2011-02-14 09:59:13.625375+01	286	EXECUTED	3:3663d9ecd66964bffcc07bcfce7bdcdc	Add Foreign Key Constraint		\N	2.0-rc7
initial-database-creation-287	mrego	src/main/resources/db.changelog-database.xml	2011-02-14 09:59:13.641468+01	287	EXECUTED	3:35e0a6356d11ed9dfe53c300b9e2ffee	Add Foreign Key Constraint		\N	2.0-rc7
initial-database-creation-288	mrego	src/main/resources/db.changelog-database.xml	2011-02-14 09:59:13.679083+01	288	EXECUTED	3:4ae0336d6b9d807036d03ad041b67052	Add Foreign Key Constraint		\N	2.0-rc7
initial-database-creation-289	mrego	src/main/resources/db.changelog-database.xml	2011-02-14 09:59:13.708361+01	289	EXECUTED	3:2da61d1b760209a704e29bfa4a22455e	Add Foreign Key Constraint		\N	2.0-rc7
initial-database-creation-290	mrego	src/main/resources/db.changelog-database.xml	2011-02-14 09:59:13.729335+01	290	EXECUTED	3:2604fb5ddeccc31b1dccd4cd0bad4342	Add Foreign Key Constraint		\N	2.0-rc7
initial-database-creation-291	mrego	src/main/resources/db.changelog-database.xml	2011-02-14 09:59:13.761155+01	291	EXECUTED	3:da9d240fdde86539e1580b84687e0189	Add Foreign Key Constraint		\N	2.0-rc7
initial-database-creation-292	mrego	src/main/resources/db.changelog-database.xml	2011-02-14 09:59:13.820959+01	292	EXECUTED	3:0dc9aa5380e9a48fe9aaf306235988a4	Add Foreign Key Constraint		\N	2.0-rc7
initial-database-creation-293	mrego	src/main/resources/db.changelog-database.xml	2011-02-14 09:59:13.853828+01	293	EXECUTED	3:58c6315352f7cefbddeb9b3a38d1e140	Add Foreign Key Constraint		\N	2.0-rc7
initial-database-creation-294	mrego	src/main/resources/db.changelog-database.xml	2011-02-14 09:59:13.888376+01	294	EXECUTED	3:91398a7f542f90a13d1f857ca3937de1	Add Foreign Key Constraint		\N	2.0-rc7
initial-database-creation-295	mrego	src/main/resources/db.changelog-database.xml	2011-02-14 09:59:13.900653+01	295	EXECUTED	3:5395eb857489412499e37c691ea36b8f	Add Foreign Key Constraint		\N	2.0-rc7
initial-database-creation-296	mrego	src/main/resources/db.changelog-database.xml	2011-02-14 09:59:13.931115+01	296	EXECUTED	3:494a1128a80caad8d24c5f3574ef6edd	Add Foreign Key Constraint		\N	2.0-rc7
initial-database-creation-297	mrego	src/main/resources/db.changelog-database.xml	2011-02-14 09:59:13.968794+01	297	EXECUTED	3:fa3b4dd73dd82e3a26c6563c9828fba3	Add Foreign Key Constraint		\N	2.0-rc7
initial-database-creation-298	mrego	src/main/resources/db.changelog-database.xml	2011-02-14 09:59:13.979366+01	298	EXECUTED	3:e83453938c668f856d1df1537ec25d37	Add Foreign Key Constraint		\N	2.0-rc7
initial-database-creation-299	mrego	src/main/resources/db.changelog-database.xml	2011-02-14 09:59:13.994896+01	299	EXECUTED	3:c5655c084990797f73bf295660881932	Add Foreign Key Constraint		\N	2.0-rc7
initial-database-creation-300	mrego	src/main/resources/db.changelog-database.xml	2011-02-14 09:59:14.011649+01	300	EXECUTED	3:4747b6b28b49b810444aa6af7c133fab	Add Foreign Key Constraint		\N	2.0-rc7
initial-database-creation-301	mrego	src/main/resources/db.changelog-database.xml	2011-02-14 09:59:14.025758+01	301	EXECUTED	3:f73d714400c8712c0715e2da673e9509	Add Foreign Key Constraint		\N	2.0-rc7
initial-database-creation-302	mrego	src/main/resources/db.changelog-database.xml	2011-02-14 09:59:14.055806+01	302	EXECUTED	3:4d50b8c05ded66b150571543bcd91a37	Add Foreign Key Constraint		\N	2.0-rc7
initial-database-creation-303	mrego	src/main/resources/db.changelog-database.xml	2011-02-14 09:59:14.085461+01	303	EXECUTED	3:7a5e18b1ed8e9813ca4920bd0856ecd0	Add Foreign Key Constraint		\N	2.0-rc7
initial-database-creation-304	mrego	src/main/resources/db.changelog-database.xml	2011-02-14 09:59:14.112845+01	304	EXECUTED	3:e52f19afd5f5966cff359311b4c3acac	Add Foreign Key Constraint		\N	2.0-rc7
initial-database-creation-305	mrego	src/main/resources/db.changelog-database.xml	2011-02-14 09:59:14.123605+01	305	EXECUTED	3:8548d763866edc7944ec1b0facb1560f	Add Foreign Key Constraint		\N	2.0-rc7
initial-database-creation-306	mrego	src/main/resources/db.changelog-database.xml	2011-02-14 09:59:14.149925+01	306	EXECUTED	3:fc14a87fde20c7151888cea5c48c6f39	Add Foreign Key Constraint		\N	2.0-rc7
initial-database-creation-307	mrego	src/main/resources/db.changelog-database.xml	2011-02-14 09:59:14.163582+01	307	EXECUTED	3:23a513bb939d6d2751a1550188c32222	Add Foreign Key Constraint		\N	2.0-rc7
initial-database-creation-308	mrego	src/main/resources/db.changelog-database.xml	2011-02-14 09:59:14.182614+01	308	EXECUTED	3:4144c0d934e5fd823f19ef91da210ffa	Add Foreign Key Constraint		\N	2.0-rc7
initial-database-creation-309	mrego	src/main/resources/db.changelog-database.xml	2011-02-14 09:59:14.214944+01	309	EXECUTED	3:c0d764328d333e644989448a4cd480bb	Add Foreign Key Constraint		\N	2.0-rc7
initial-database-creation-310	mrego	src/main/resources/db.changelog-database.xml	2011-02-14 09:59:14.224674+01	310	EXECUTED	3:461ea2548e20f99478f3203dbf33bc16	Add Foreign Key Constraint		\N	2.0-rc7
initial-database-creation-311	mrego	src/main/resources/db.changelog-database.xml	2011-02-14 09:59:14.245082+01	311	EXECUTED	3:3eeefe2f703d57218dde9b05fcdbc5cf	Add Foreign Key Constraint		\N	2.0-rc7
initial-database-creation-312	mrego	src/main/resources/db.changelog-database.xml	2011-02-14 09:59:14.264641+01	312	EXECUTED	3:564cd8aac65a0319c9c3c75a486ace41	Add Foreign Key Constraint		\N	2.0-rc7
initial-database-creation-313	mrego	src/main/resources/db.changelog-database.xml	2011-02-14 09:59:14.286868+01	313	EXECUTED	3:48d80e1c9868d51d687680b42fe47f3d	Add Foreign Key Constraint		\N	2.0-rc7
initial-database-creation-314	mrego	src/main/resources/db.changelog-database.xml	2011-02-14 09:59:14.343189+01	314	EXECUTED	3:6c6213c38e211d11aa77f0766a18e1fe	Add Foreign Key Constraint		\N	2.0-rc7
initial-database-creation-315	mrego	src/main/resources/db.changelog-database.xml	2011-02-14 09:59:14.374139+01	315	EXECUTED	3:f522ccbad33e6a463b265e241c4ae0db	Add Foreign Key Constraint		\N	2.0-rc7
initial-database-creation-316	mrego	src/main/resources/db.changelog-database.xml	2011-02-14 09:59:14.409833+01	316	EXECUTED	3:e5777dd44529b270c7514bc322d72105	Add Foreign Key Constraint		\N	2.0-rc7
initial-database-creation-317	mrego	src/main/resources/db.changelog-database.xml	2011-02-14 09:59:14.431203+01	317	EXECUTED	3:5a1c1fb8b9f6cce7fbaa03b255b5a033	Add Foreign Key Constraint		\N	2.0-rc7
initial-database-creation-318	mrego	src/main/resources/db.changelog-database.xml	2011-02-14 09:59:14.461875+01	318	EXECUTED	3:ad070f00871b05e431528e34c3f09cde	Add Foreign Key Constraint		\N	2.0-rc7
initial-database-creation-319	mrego	src/main/resources/db.changelog-database.xml	2011-02-14 09:59:14.47949+01	319	EXECUTED	3:1dde4f2407d314306ae29ad174d98de3	Create Table		\N	2.0-rc7
initial-database-creation-320	mrego	src/main/resources/db.changelog-database.xml	2011-02-14 09:59:14.513213+01	320	EXECUTED	3:5a5608b194d0ec72e2b8f53675ff8de0	Insert Row		\N	2.0-rc7
resize-precision-in-planning_data	dpino	src/main/resources/db.changelog-initial.xml	2011-02-14 09:59:14.70718+01	321	EXECUTED	3:3ee94e7e64b7ed2592dfb71db6923a1c	Modify data type (x2)	Resize precision for 'progress_by_duration' and 'progress_by_num_hours' fields	\N	2.0-rc7
add-company-logo-url-configuration-setting	ltilve	src/main/resources/db.changelog-initial.xml	2011-02-14 09:59:14.803198+01	322	EXECUTED	3:009cd5341d49b5415bf7ec539de24c79	Add Column, Update Data	Add new column with configuration setting	\N	2.0-rc7
add scheduling mode	ogonzalez	src/main/resources/db.changelog-initial.xml	2011-02-14 09:59:14.825593+01	323	EXECUTED	3:8a4ed0c0131906744a85a38278180e13	Add Column, Update Data	column for org.navalplanner.business.orders.entities.Order.schedulingMode	\N	2.0-rc7
rename start_constraint_type in task and task milestone	ogonzalez	src/main/resources/db.changelog-initial.xml	2011-02-14 09:59:14.847544+01	324	EXECUTED	3:0ba5792ffc0bff2a1ce571047b008796	Rename Column (x2)	Caused by renaming org.navalplanner.business.planner.entities.TaskPositionConstraint.startConstraintType	\N	2.0-rc7
add-scenarios-enabled-configuration-setting	ltilve	src/main/resources/db.changelog-initial.xml	2011-02-14 09:59:14.892404+01	325	EXECUTED	3:53d99bb420a0c55c8eaa9389e3fc0ed5	Add Column, Update Data	Add new column with scenarios visibility flag	\N	2.0-rc7
change-types-start-finish-date-criterion-satisfaction	ogonzalez	src/main/resources/db.changelog-initial.xml	2011-02-14 09:59:15.027486+01	326	EXECUTED	3:93527c263e394c3960738fc2e9734c4c	Modify data type (x2)	Change types of start and finish date to date for criterion satisfaction table	\N	2.0-rc7
use-capacity-instead-of-effort_duration-and-not_over_assignable	ogonzalez	src/main/resources/db.changelog-1.0.xml	2011-02-15 14:01:18.749081+01	327	EXECUTED	3:71ae3b8d8998329d68e95d8ad2135745	Add Column, Rename Column, Update Data, Drop Column	Convert from duration + notAssignable (not over assignable) to capacity property	\N	2.0-rc7
use-capacity-for-exceptions	ogonzalez	src/main/resources/db.changelog-1.0.xml	2011-02-15 14:01:18.80924+01	328	EXECUTED	3:83576dfaa5871f36aa3f7d4119814f8f	Add Column, Rename Column, Custom SQL	Convert from duration to capacity property for calendar exceptions	\N	2.0-rc7
use-capacity-for-capacity-per-day-for-calendar-data	ogonzalez	src/main/resources/db.changelog-1.0.xml	2011-02-15 14:01:18.838509+01	329	EXECUTED	3:a643cf37da0098f0cad242d306bb5d05	Rename Table, Add Column, Rename Column	Convert from duration to capacity in effort per day for CalendarData	\N	2.0-rc7
by_default_weekends_are_not_overassignable	ogonzalez	src/main/resources/db.changelog-1.0.xml	2011-02-15 14:01:18.870176+01	330	EXECUTED	3:8ddf0ca2b0fc243475ee2f4c21172565	Custom SQL	By default weekends are not over assignable	\N	2.0-rc7
replace-column-limited_resource-with-resource_type	jaragunde	src/main/resources/db.changelog-1.0.xml	2011-02-15 14:01:18.905988+01	331	EXECUTED	3:b6640208fbf11943fa46d8953516bad7	Add Column, Update Data (x2), Add Not-Null Constraint, Drop Column	Replace column limited_resource with resource_type in resource table	\N	2.0-rc7
add-new-column-changed_default_admin_password	smontes	src/main/resources/db.changelog-1.0.xml	2011-02-15 14:01:18.996604+01	332	EXECUTED	3:f1a662e7435430892ac7d6cf903c4ce8	Add Column, Add Default Value, Add Not-Null Constraint	Add new column changed_default_admin_password with default value FALSE to configuration table	\N	2.0-rc7
add-new-column-changed_default_user_password	smontes	src/main/resources/db.changelog-1.0.xml	2011-02-15 14:01:19.037397+01	333	EXECUTED	3:cf1274e98ff8796a0f4e3527004c8cd0	Add Column, Add Default Value, Add Not-Null Constraint	Add new column changed_default_user_password with default value FALSE to configuration table	\N	2.0-rc7
add-new-column-changed_default_wsreader_password	smontes	src/main/resources/db.changelog-1.0.xml	2011-02-15 14:01:19.0714+01	334	EXECUTED	3:90bb4041ae144714e7bc703ee73d70c1	Add Column, Add Default Value, Add Not-Null Constraint	Add new column changed_default_wsreader_password with default value FALSE to configuration table	\N	2.0-rc7
add-new-column-changed_default_wswriter_password	smontes	src/main/resources/db.changelog-1.0.xml	2011-02-15 14:01:19.122845+01	335	EXECUTED	3:124f7fbb425a88220c72c315639a546e	Add Column, Add Default Value, Add Not-Null Constraint	Add new column changed_default_wswriter_password with default value FALSE to configuration table	\N	2.0-rc7
\.


--
-- Data for Name: databasechangeloglock; Type: TABLE DATA; Schema: public; Owner: naval
--

COPY databasechangeloglock (id, locked, lockgranted, lockedby) FROM stdin;
1	f	\N	\N
\.


--
-- Data for Name: day_assignment; Type: TABLE DATA; Schema: public; Owner: naval
--

COPY day_assignment (id, day_assignment_type, version, duration, consolidated, day, resource_id, specific_container_id, generic_container_id, derived_container_id) FROM stdin;
12225	specific_day	3	0	f	2011-05-08	2049	7796	\N	\N
12209	specific_day	3	8640	f	2011-04-08	2049	7796	\N	\N
12198	specific_day	3	8640	f	2011-04-26	2049	7796	\N	\N
12221	specific_day	3	0	f	2011-04-24	2049	7796	\N	\N
12206	specific_day	3	0	f	2011-05-21	2049	7796	\N	\N
12194	specific_day	3	8640	f	2011-05-06	2049	7796	\N	\N
12219	specific_day	3	8640	f	2011-05-24	2049	7796	\N	\N
12250	specific_day	3	8640	f	2011-05-31	2049	7796	\N	\N
12227	specific_day	3	8640	f	2011-04-19	2049	7796	\N	\N
12213	specific_day	3	0	f	2011-05-07	2049	7796	\N	\N
12217	specific_day	3	8640	f	2011-04-06	2049	7796	\N	\N
12226	specific_day	3	8640	f	2011-05-02	2049	7796	\N	\N
12223	specific_day	3	0	f	2011-04-03	2049	7796	\N	\N
12201	specific_day	3	8640	f	2011-05-05	2049	7796	\N	\N
12214	specific_day	3	0	f	2011-04-02	2049	7796	\N	\N
12189	specific_day	3	0	f	2011-04-16	2049	7796	\N	\N
12231	specific_day	3	8640	f	2011-04-04	2049	7796	\N	\N
12236	specific_day	3	8640	f	2011-05-23	2049	7796	\N	\N
12190	specific_day	3	0	f	2011-05-15	2049	7796	\N	\N
12224	specific_day	3	0	f	2011-05-28	2049	7796	\N	\N
12212	specific_day	3	8640	f	2011-05-10	2049	7796	\N	\N
12205	specific_day	3	8640	f	2011-04-25	2049	7796	\N	\N
12199	specific_day	3	8640	f	2011-05-18	2049	7796	\N	\N
12191	specific_day	3	8640	f	2011-05-16	2049	7796	\N	\N
12195	specific_day	3	8640	f	2011-04-29	2049	7796	\N	\N
12222	specific_day	3	8640	f	2011-05-12	2049	7796	\N	\N
12210	specific_day	3	8640	f	2011-05-03	2049	7796	\N	\N
12192	specific_day	3	0	f	2011-05-14	2049	7796	\N	\N
12235	specific_day	3	0	f	2011-04-30	2049	7796	\N	\N
12203	specific_day	3	0	f	2011-04-10	2049	7796	\N	\N
12230	specific_day	3	0	f	2011-05-01	2049	7796	\N	\N
12246	specific_day	3	0	f	2011-04-17	2049	7796	\N	\N
12211	specific_day	3	8640	f	2011-05-04	2049	7796	\N	\N
12215	specific_day	3	8640	f	2011-05-20	2049	7796	\N	\N
12228	specific_day	3	8640	f	2011-04-13	2049	7796	\N	\N
12248	specific_day	3	0	f	2011-05-22	2049	7796	\N	\N
12204	specific_day	3	0	f	2011-04-09	2049	7796	\N	\N
12188	specific_day	3	8640	f	2011-04-27	2049	7796	\N	\N
12244	specific_day	3	0	f	2011-05-17	2049	7796	\N	\N
12241	specific_day	3	8640	f	2011-05-30	2049	7796	\N	\N
12232	specific_day	3	8640	f	2011-05-25	2049	7796	\N	\N
12207	specific_day	3	0	f	2011-04-23	2049	7796	\N	\N
12234	specific_day	3	8640	f	2011-04-14	2049	7796	\N	\N
12200	specific_day	3	8640	f	2011-04-18	2049	7796	\N	\N
12229	specific_day	3	8640	f	2011-04-11	2049	7796	\N	\N
12218	specific_day	3	8640	f	2011-04-01	2049	7796	\N	\N
12247	specific_day	3	8640	f	2011-04-07	2049	7796	\N	\N
12249	specific_day	3	8640	f	2011-05-09	2049	7796	\N	\N
12245	specific_day	3	8640	f	2011-05-13	2049	7796	\N	\N
12197	specific_day	3	8640	f	2011-05-19	2049	7796	\N	\N
12216	specific_day	3	576	f	2011-06-01	2049	7796	\N	\N
12202	specific_day	3	8640	f	2011-04-28	2049	7796	\N	\N
13006	generic_day	2	32400	f	2011-05-12	2045	\N	7319	\N
13007	generic_day	2	32400	f	2011-05-11	2045	\N	7319	\N
13008	generic_day	2	0	f	2011-05-15	2045	\N	7319	\N
13009	generic_day	2	0	f	2011-05-22	2045	\N	7319	\N
13010	generic_day	2	0	f	2011-05-17	2045	\N	7319	\N
13011	generic_day	2	32400	f	2011-05-10	2045	\N	7319	\N
12134	specific_day	3	8640	f	2011-03-18	2049	7795	\N	\N
12133	specific_day	3	0	f	2011-03-26	2049	7795	\N	\N
12129	specific_day	3	0	f	2011-03-06	2049	7795	\N	\N
12130	specific_day	3	8640	f	2011-03-23	2049	7795	\N	\N
12137	specific_day	3	8640	f	2011-03-09	2049	7795	\N	\N
12132	specific_day	3	8640	f	2011-03-07	2049	7795	\N	\N
12131	specific_day	3	8640	f	2011-02-03	2049	7795	\N	\N
12136	specific_day	3	8640	f	2011-02-28	2049	7795	\N	\N
12135	specific_day	3	8640	f	2011-02-23	2049	7795	\N	\N
12138	specific_day	3	5760	f	2011-03-31	2049	7795	\N	\N
13012	generic_day	2	32400	f	2011-05-02	2045	\N	7319	\N
13013	generic_day	2	32400	f	2011-05-31	2045	\N	7319	\N
13014	generic_day	2	14400	f	2011-05-13	2045	\N	7319	\N
13015	generic_day	2	0	f	2011-05-08	2045	\N	7319	\N
13016	generic_day	2	32400	f	2011-05-09	2045	\N	7319	\N
13017	generic_day	2	32400	f	2011-05-03	2045	\N	7319	\N
13018	generic_day	2	32400	f	2011-04-28	2045	\N	7319	\N
13019	generic_day	2	0	f	2011-05-28	2045	\N	7319	\N
13020	generic_day	2	0	f	2011-05-21	2045	\N	7319	\N
13021	generic_day	2	0	f	2011-05-01	2045	\N	7319	\N
13022	generic_day	2	14400	f	2011-04-29	2045	\N	7319	\N
13023	generic_day	2	0	f	2011-04-30	2045	\N	7319	\N
13024	generic_day	2	21600	f	2011-04-26	2045	\N	7319	\N
13025	generic_day	2	32400	f	2011-05-24	2045	\N	7319	\N
13026	generic_day	2	0	f	2011-05-29	2045	\N	7319	\N
13027	generic_day	2	32400	f	2011-05-19	2045	\N	7319	\N
13028	generic_day	2	32400	f	2011-05-18	2045	\N	7319	\N
13029	generic_day	2	32400	f	2011-05-30	2045	\N	7319	\N
13030	generic_day	2	0	f	2011-05-07	2045	\N	7319	\N
13031	generic_day	2	14400	f	2011-05-27	2045	\N	7319	\N
13032	generic_day	2	32400	f	2011-05-04	2045	\N	7319	\N
13033	generic_day	2	14400	f	2011-05-20	2045	\N	7319	\N
13034	generic_day	2	32400	f	2011-05-25	2045	\N	7319	\N
13035	generic_day	2	14400	f	2011-05-06	2045	\N	7319	\N
13036	generic_day	2	0	f	2011-05-14	2045	\N	7319	\N
13037	generic_day	2	10800	f	2011-06-01	2045	\N	7319	\N
13038	generic_day	2	32400	f	2011-04-27	2045	\N	7319	\N
13039	generic_day	2	32400	f	2011-05-26	2045	\N	7319	\N
13040	generic_day	2	32400	f	2011-05-16	2045	\N	7319	\N
13041	generic_day	2	32400	f	2011-05-23	2045	\N	7319	\N
13042	generic_day	2	32400	f	2011-05-05	2045	\N	7319	\N
13043	generic_day	2	0	f	2011-04-24	2045	\N	7320	\N
13044	generic_day	2	14400	f	2011-02-25	2045	\N	7320	\N
13045	generic_day	2	32400	f	2011-03-31	2045	\N	7320	\N
13046	generic_day	2	0	f	2011-03-13	2045	\N	7320	\N
13047	generic_day	2	32400	f	2011-04-07	2045	\N	7320	\N
13048	generic_day	2	0	f	2011-04-10	2045	\N	7320	\N
13049	generic_day	2	32400	f	2011-03-21	2045	\N	7320	\N
13050	generic_day	2	32400	f	2011-03-22	2045	\N	7320	\N
13051	generic_day	2	32400	f	2011-04-12	2045	\N	7320	\N
13052	generic_day	2	32400	f	2011-03-15	2045	\N	7320	\N
13053	generic_day	2	32400	f	2011-04-25	2045	\N	7320	\N
13054	generic_day	2	32400	f	2011-03-09	2045	\N	7320	\N
13055	generic_day	2	0	f	2011-03-20	2045	\N	7320	\N
13056	generic_day	2	14400	f	2011-04-01	2045	\N	7320	\N
13057	generic_day	2	32400	f	2011-04-06	2045	\N	7320	\N
13058	generic_day	2	0	f	2011-04-02	2045	\N	7320	\N
13059	generic_day	2	32400	f	2011-04-19	2045	\N	7320	\N
13060	generic_day	2	0	f	2011-03-19	2045	\N	7320	\N
13061	generic_day	2	32400	f	2011-03-16	2045	\N	7320	\N
13062	generic_day	2	32400	f	2011-04-20	2045	\N	7320	\N
13063	generic_day	2	32400	f	2011-03-08	2045	\N	7320	\N
13064	generic_day	2	0	f	2011-02-26	2045	\N	7320	\N
8494	specific_day	4	14400	f	2011-04-04	2043	7789	\N	\N
8489	specific_day	4	14400	f	2011-03-29	2043	7789	\N	\N
8497	specific_day	4	0	f	2011-04-09	2043	7789	\N	\N
8517	specific_day	4	14400	f	2011-03-23	2043	7789	\N	\N
8503	specific_day	4	14400	f	2011-03-28	2043	7789	\N	\N
8490	specific_day	4	14400	f	2011-03-21	2043	7789	\N	\N
8499	specific_day	4	14400	f	2011-03-17	2043	7789	\N	\N
13065	generic_day	2	0	f	2011-03-05	2045	\N	7320	\N
13066	generic_day	2	32400	f	2011-03-30	2045	\N	7320	\N
13067	generic_day	2	32400	f	2011-03-03	2045	\N	7320	\N
13068	generic_day	2	10800	f	2011-04-26	2045	\N	7320	\N
13069	generic_day	2	32400	f	2011-03-29	2045	\N	7320	\N
13070	generic_day	2	0	f	2011-04-17	2045	\N	7320	\N
13071	generic_day	2	32400	f	2011-03-02	2045	\N	7320	\N
13072	generic_day	2	32400	f	2011-04-05	2045	\N	7320	\N
13073	generic_day	2	32400	f	2011-03-10	2045	\N	7320	\N
13074	generic_day	2	32400	f	2011-02-23	2045	\N	7320	\N
13075	generic_day	2	32400	f	2011-04-13	2045	\N	7320	\N
13076	generic_day	2	14400	f	2011-04-08	2045	\N	7320	\N
13077	generic_day	2	32400	f	2011-02-28	2045	\N	7320	\N
13078	generic_day	2	14400	f	2011-03-04	2045	\N	7320	\N
13079	generic_day	2	32400	f	2011-03-23	2045	\N	7320	\N
13080	generic_day	2	32400	f	2011-04-11	2045	\N	7320	\N
13081	generic_day	2	14400	f	2011-03-11	2045	\N	7320	\N
13082	generic_day	2	0	f	2011-04-23	2045	\N	7320	\N
13083	generic_day	2	32400	f	2011-03-17	2045	\N	7320	\N
13084	generic_day	2	14400	f	2011-03-18	2045	\N	7320	\N
13085	generic_day	2	32400	f	2011-04-04	2045	\N	7320	\N
13086	generic_day	2	0	f	2011-04-16	2045	\N	7320	\N
13087	generic_day	2	32400	f	2011-03-24	2045	\N	7320	\N
13088	generic_day	2	32400	f	2011-04-18	2045	\N	7320	\N
13089	generic_day	2	32400	f	2011-04-14	2045	\N	7320	\N
13090	generic_day	2	0	f	2011-02-27	2045	\N	7320	\N
13091	generic_day	2	0	f	2011-03-06	2045	\N	7320	\N
13092	generic_day	2	14400	f	2011-04-15	2045	\N	7320	\N
13093	generic_day	2	0	f	2011-04-03	2045	\N	7320	\N
13094	generic_day	2	0	f	2011-03-12	2045	\N	7320	\N
13095	generic_day	2	0	f	2011-04-09	2045	\N	7320	\N
13096	generic_day	2	14400	f	2011-03-25	2045	\N	7320	\N
13097	generic_day	2	0	f	2011-03-26	2045	\N	7320	\N
13098	generic_day	2	0	f	2011-03-27	2045	\N	7320	\N
13099	generic_day	2	32400	f	2011-03-07	2045	\N	7320	\N
13100	generic_day	2	32400	f	2011-04-21	2045	\N	7320	\N
13101	generic_day	2	32400	f	2011-03-28	2045	\N	7320	\N
13102	generic_day	2	32400	f	2011-02-22	2045	\N	7320	\N
13103	generic_day	2	32400	f	2011-02-24	2045	\N	7320	\N
13104	generic_day	2	32400	f	2011-03-14	2045	\N	7320	\N
13105	generic_day	2	0	f	2011-06-12	2045	\N	7321	\N
13106	generic_day	2	32400	f	2011-06-09	2045	\N	7321	\N
13107	generic_day	2	32400	f	2011-06-06	2045	\N	7321	\N
13108	generic_day	2	0	f	2011-06-04	2045	\N	7321	\N
13109	generic_day	2	32400	f	2011-06-13	2045	\N	7321	\N
13110	generic_day	2	0	f	2011-06-11	2045	\N	7321	\N
13111	generic_day	2	3600	f	2011-06-20	2045	\N	7321	\N
13112	generic_day	2	21600	f	2011-06-01	2045	\N	7321	\N
13113	generic_day	2	32400	f	2011-06-14	2045	\N	7321	\N
13114	generic_day	2	32400	f	2011-06-02	2045	\N	7321	\N
13115	generic_day	2	32400	f	2011-06-08	2045	\N	7321	\N
13116	generic_day	2	32400	f	2011-06-15	2045	\N	7321	\N
13117	generic_day	2	0	f	2011-06-19	2045	\N	7321	\N
13118	generic_day	2	0	f	2011-06-18	2045	\N	7321	\N
13119	generic_day	2	14400	f	2011-06-10	2045	\N	7321	\N
13120	generic_day	2	14400	f	2011-06-17	2045	\N	7321	\N
13121	generic_day	2	14400	f	2011-06-03	2045	\N	7321	\N
13122	generic_day	2	0	f	2011-06-05	2045	\N	7321	\N
13123	generic_day	2	32400	f	2011-06-16	2045	\N	7321	\N
13124	generic_day	2	32400	f	2011-06-07	2045	\N	7321	\N
13125	generic_day	2	45187	f	2011-06-20	2047	\N	7322	\N
13126	generic_day	2	48786	f	2011-07-12	2047	\N	7322	\N
13127	generic_day	2	16386	f	2011-07-17	2047	\N	7322	\N
13128	generic_day	2	16386	f	2011-07-03	2047	\N	7322	\N
13129	generic_day	2	30786	f	2011-07-01	2047	\N	7322	\N
13130	generic_day	2	48786	f	2011-07-14	2047	\N	7322	\N
13131	generic_day	2	30786	f	2011-07-15	2047	\N	7322	\N
13132	generic_day	2	48786	f	2011-07-18	2047	\N	7322	\N
13133	generic_day	2	16386	f	2011-07-16	2047	\N	7322	\N
13134	generic_day	2	30787	f	2011-06-24	2047	\N	7322	\N
13135	generic_day	2	16386	f	2011-07-09	2047	\N	7322	\N
7754	specific_day	3	8640	f	2011-02-04	2031	7777	\N	\N
7732	specific_day	3	19440	f	2011-02-10	2031	7777	\N	\N
7730	specific_day	3	19440	f	2011-02-17	2031	7777	\N	\N
13136	generic_day	2	16387	f	2011-06-25	2047	\N	7322	\N
13137	generic_day	2	48786	f	2011-07-11	2047	\N	7322	\N
13138	generic_day	2	16386	f	2011-06-26	2047	\N	7322	\N
13139	generic_day	2	48786	f	2011-07-06	2047	\N	7322	\N
13140	generic_day	2	48786	f	2011-06-28	2047	\N	7322	\N
13141	generic_day	2	48787	f	2011-06-21	2047	\N	7322	\N
13142	generic_day	2	30786	f	2011-07-08	2047	\N	7322	\N
13143	generic_day	2	48787	f	2011-06-23	2047	\N	7322	\N
13144	generic_day	2	48786	f	2011-07-04	2047	\N	7322	\N
13145	generic_day	2	48787	f	2011-06-22	2047	\N	7322	\N
13146	generic_day	2	16386	f	2011-07-10	2047	\N	7322	\N
13147	generic_day	2	48786	f	2011-07-07	2047	\N	7322	\N
13148	generic_day	2	16386	f	2011-07-02	2047	\N	7322	\N
13149	generic_day	2	48786	f	2011-07-13	2047	\N	7322	\N
13150	generic_day	2	48786	f	2011-06-29	2047	\N	7322	\N
13151	generic_day	2	48786	f	2011-06-30	2047	\N	7322	\N
13152	generic_day	2	48786	f	2011-07-05	2047	\N	7322	\N
13153	generic_day	2	48786	f	2011-06-27	2047	\N	7322	\N
13154	generic_day	2	16200	f	2011-07-13	2047	\N	7323	\N
13155	generic_day	2	16200	f	2011-06-30	2047	\N	7323	\N
13156	generic_day	2	16200	f	2011-07-14	2047	\N	7323	\N
13157	generic_day	2	7200	f	2011-06-24	2047	\N	7323	\N
13158	generic_day	2	16200	f	2011-07-06	2047	\N	7323	\N
13159	generic_day	2	16200	f	2011-07-11	2047	\N	7323	\N
13160	generic_day	2	16200	f	2011-07-04	2047	\N	7323	\N
13161	generic_day	2	14400	f	2011-06-20	2047	\N	7323	\N
13162	generic_day	2	0	f	2011-07-03	2047	\N	7323	\N
13163	generic_day	2	7200	f	2011-07-15	2047	\N	7323	\N
13164	generic_day	2	0	f	2011-07-10	2047	\N	7323	\N
13165	generic_day	2	16200	f	2011-06-28	2047	\N	7323	\N
13166	generic_day	2	16200	f	2011-06-23	2047	\N	7323	\N
13167	generic_day	2	16200	f	2011-07-12	2047	\N	7323	\N
13168	generic_day	2	16200	f	2011-06-22	2047	\N	7323	\N
13169	generic_day	2	0	f	2011-07-02	2047	\N	7323	\N
13170	generic_day	2	16200	f	2011-06-21	2047	\N	7323	\N
13171	generic_day	2	16200	f	2011-06-27	2047	\N	7323	\N
13172	generic_day	2	16200	f	2011-06-29	2047	\N	7323	\N
13173	generic_day	2	0	f	2011-07-09	2047	\N	7323	\N
13174	generic_day	2	16200	f	2011-07-05	2047	\N	7323	\N
13175	generic_day	2	0	f	2011-06-25	2047	\N	7323	\N
13176	generic_day	2	7200	f	2011-07-01	2047	\N	7323	\N
13177	generic_day	2	7200	f	2011-07-08	2047	\N	7323	\N
13178	generic_day	2	16200	f	2011-07-07	2047	\N	7323	\N
13179	generic_day	2	0	f	2011-06-26	2047	\N	7323	\N
13180	generic_day	2	19440	f	2011-08-08	2047	\N	7324	\N
13181	generic_day	2	8640	f	2011-08-26	2047	\N	7324	\N
13182	generic_day	2	19440	f	2011-09-20	2047	\N	7324	\N
13183	generic_day	2	19440	f	2011-08-03	2047	\N	7324	\N
13184	generic_day	2	19440	f	2011-08-18	2047	\N	7324	\N
13185	generic_day	2	19440	f	2011-08-25	2047	\N	7324	\N
13186	generic_day	2	0	f	2011-07-23	2047	\N	7324	\N
13187	generic_day	2	8640	f	2011-08-12	2047	\N	7324	\N
13188	generic_day	2	19440	f	2011-09-21	2047	\N	7324	\N
13189	generic_day	2	19440	f	2011-08-16	2047	\N	7324	\N
13190	generic_day	2	8640	f	2011-09-16	2047	\N	7324	\N
13191	generic_day	2	0	f	2011-08-14	2047	\N	7324	\N
13192	generic_day	2	8640	f	2011-09-02	2047	\N	7324	\N
13193	generic_day	2	8640	f	2011-07-22	2047	\N	7324	\N
13194	generic_day	2	19440	f	2011-08-24	2047	\N	7324	\N
13195	generic_day	2	0	f	2011-09-10	2047	\N	7324	\N
13196	generic_day	2	19440	f	2011-09-01	2047	\N	7324	\N
13237	generic_day	2	19440	f	2011-08-23	2047	\N	7324	\N
8403	specific_day	5	0	f	2011-02-06	2043	7788	\N	\N
8393	specific_day	5	0	f	2011-02-13	2043	7788	\N	\N
8406	specific_day	5	14400	f	2011-02-28	2043	7788	\N	\N
8394	specific_day	5	14400	f	2011-02-25	2043	7788	\N	\N
23428	specific_day	6	21600	f	2011-02-16	2025	6666	\N	\N
23429	specific_day	6	21600	f	2011-02-15	2025	6666	\N	\N
23430	specific_day	6	0	f	2011-02-05	2025	6666	\N	\N
23431	specific_day	6	40114	f	2011-02-23	2025	6666	\N	\N
23432	specific_day	6	3600	f	2011-02-18	2025	6666	\N	\N
23433	specific_day	6	32400	f	2011-02-01	2025	6666	\N	\N
23434	specific_day	6	32400	f	2011-03-07	2025	6666	\N	\N
23435	specific_day	6	21600	f	2011-02-17	2025	6666	\N	\N
23436	specific_day	6	40115	f	2011-02-22	2025	6666	\N	\N
8395	specific_day	5	14400	f	2011-02-17	2043	7788	\N	\N
8413	specific_day	5	14400	f	2011-02-03	2043	7788	\N	\N
8409	specific_day	5	14400	f	2011-02-14	2043	7788	\N	\N
8411	specific_day	5	14400	f	2011-02-09	2043	7788	\N	\N
8412	specific_day	5	14400	f	2011-02-01	2043	7788	\N	\N
8401	specific_day	5	14400	f	2011-02-11	2043	7788	\N	\N
8396	specific_day	5	14400	f	2011-02-22	2043	7788	\N	\N
8402	specific_day	5	0	f	2011-02-12	2043	7788	\N	\N
8400	specific_day	5	14400	f	2011-03-02	2043	7788	\N	\N
8407	specific_day	5	0	f	2011-03-06	2043	7788	\N	\N
8414	specific_day	5	14400	f	2011-03-07	2043	7788	\N	\N
8397	specific_day	5	0	f	2011-02-26	2043	7788	\N	\N
8405	specific_day	5	14400	f	2011-02-02	2043	7788	\N	\N
8410	specific_day	5	0	f	2011-02-19	2043	7788	\N	\N
8408	specific_day	5	14400	f	2011-03-03	2043	7788	\N	\N
8399	specific_day	5	14400	f	2011-02-16	2043	7788	\N	\N
8404	specific_day	5	14400	f	2011-02-18	2043	7788	\N	\N
8398	specific_day	5	14400	f	2011-02-08	2043	7788	\N	\N
8070	specific_day	6	19764	f	2011-02-01	2037	7784	\N	\N
8079	specific_day	6	19764	f	2011-02-03	2037	7784	\N	\N
8066	specific_day	6	0	f	2011-02-06	2037	7784	\N	\N
8053	specific_day	6	19764	f	2011-02-09	2037	7784	\N	\N
8056	specific_day	6	19764	f	2011-02-14	2037	7784	\N	\N
8068	specific_day	6	19764	f	2011-02-15	2037	7784	\N	\N
8054	specific_day	6	8784	f	2011-02-18	2037	7784	\N	\N
8063	specific_day	6	8784	f	2011-02-11	2037	7784	\N	\N
8077	specific_day	6	19764	f	2011-02-28	2037	7784	\N	\N
8075	specific_day	6	0	f	2011-02-13	2037	7784	\N	\N
8078	specific_day	6	19764	f	2011-02-16	2037	7784	\N	\N
23437	specific_day	6	0	f	2011-02-12	2025	6666	\N	\N
23438	specific_day	6	0	f	2011-02-06	2025	6666	\N	\N
23439	specific_day	6	32400	f	2011-03-01	2025	6666	\N	\N
23440	specific_day	6	32400	f	2011-03-03	2025	6666	\N	\N
23441	specific_day	6	40114	f	2011-02-24	2025	6666	\N	\N
23442	specific_day	6	40115	f	2011-02-21	2025	6666	\N	\N
23443	specific_day	6	32400	f	2011-02-28	2025	6666	\N	\N
23444	specific_day	6	0	f	2011-02-13	2025	6666	\N	\N
23445	specific_day	6	32400	f	2011-02-09	2025	6666	\N	\N
23446	specific_day	6	32400	f	2011-02-07	2025	6666	\N	\N
23447	specific_day	6	14400	f	2011-02-11	2025	6666	\N	\N
23448	specific_day	6	7714	f	2011-02-26	2025	6666	\N	\N
23449	specific_day	6	21600	f	2011-02-14	2025	6666	\N	\N
23450	specific_day	6	14400	f	2011-02-04	2025	6666	\N	\N
23451	specific_day	6	22114	f	2011-02-25	2025	6666	\N	\N
23452	specific_day	6	7714	f	2011-02-27	2025	6666	\N	\N
23453	specific_day	6	32400	f	2011-02-10	2025	6666	\N	\N
23454	specific_day	6	32400	f	2011-02-08	2025	6666	\N	\N
23455	specific_day	6	32400	f	2011-02-03	2025	6666	\N	\N
23456	specific_day	6	32400	f	2011-03-02	2025	6666	\N	\N
23457	specific_day	6	14400	f	2011-03-04	2025	6666	\N	\N
23458	specific_day	6	32400	f	2011-02-02	2025	6666	\N	\N
23470	generic_day	5	0	f	2011-03-15	2039	\N	5765	\N
23471	generic_day	5	7200	f	2011-04-15	2021	\N	5765	\N
23472	generic_day	5	0	f	2011-04-09	2039	\N	5765	\N
23473	generic_day	5	0	f	2011-04-02	2039	\N	5765	\N
23459	generic_day	5	25200	f	2011-04-13	2021	\N	5765	\N
23460	generic_day	5	25200	f	2011-04-19	2021	\N	5765	\N
23461	generic_day	5	14400	f	2011-03-25	2039	\N	5765	\N
23462	generic_day	5	32400	f	2011-03-23	2039	\N	5765	\N
23463	generic_day	5	32400	f	2011-04-11	2021	\N	5765	\N
23464	generic_day	5	0	f	2011-04-10	2039	\N	5765	\N
23465	generic_day	5	32400	f	2011-03-24	2039	\N	5765	\N
23466	generic_day	5	0	f	2011-04-09	2021	\N	5765	\N
23467	generic_day	5	0	f	2011-04-07	2039	\N	5765	\N
23468	generic_day	5	32400	f	2011-03-28	2039	\N	5765	\N
23469	generic_day	5	0	f	2011-04-17	2039	\N	5765	\N
23509	generic_day	5	0	f	2011-04-01	2039	\N	5765	\N
23510	generic_day	5	0	f	2011-04-04	2039	\N	5765	\N
23511	generic_day	5	0	f	2011-04-17	2021	\N	5765	\N
23512	generic_day	5	0	f	2011-04-02	2021	\N	5765	\N
23513	generic_day	5	7200	f	2011-04-15	2039	\N	5765	\N
23478	generic_day	5	0	f	2011-04-03	2021	\N	5765	\N
23479	generic_day	5	0	f	2011-03-27	2039	\N	5765	\N
23480	generic_day	5	32400	f	2011-03-21	2039	\N	5765	\N
23481	generic_day	5	0	f	2011-03-19	2039	\N	5765	\N
23482	generic_day	5	32400	f	2011-04-07	2021	\N	5765	\N
23483	generic_day	5	32400	f	2011-03-17	2039	\N	5765	\N
23484	generic_day	5	32400	f	2011-03-16	2039	\N	5765	\N
23485	generic_day	5	25200	f	2011-04-14	2021	\N	5765	\N
23486	generic_day	5	7200	f	2011-04-19	2039	\N	5765	\N
23487	generic_day	5	32400	f	2011-03-22	2039	\N	5765	\N
23488	generic_day	5	14400	f	2011-04-08	2021	\N	5765	\N
23489	generic_day	5	7200	f	2011-04-14	2039	\N	5765	\N
23490	generic_day	5	0	f	2011-04-16	2039	\N	5765	\N
23491	generic_day	5	7200	f	2011-04-12	2039	\N	5765	\N
23492	generic_day	5	32400	f	2011-03-29	2039	\N	5765	\N
23493	generic_day	5	32400	f	2011-03-30	2039	\N	5765	\N
23494	generic_day	5	0	f	2011-04-10	2021	\N	5765	\N
23495	generic_day	5	32400	f	2011-04-06	2021	\N	5765	\N
23474	generic_day	5	0	f	2011-04-16	2021	\N	5765	\N
23475	generic_day	5	0	f	2011-04-08	2039	\N	5765	\N
23476	generic_day	5	32400	f	2011-04-04	2021	\N	5765	\N
23477	generic_day	5	25200	f	2011-04-18	2021	\N	5765	\N
23520	generic_day	4	0	t	2011-02-26	2039	\N	5766	\N
23521	generic_day	4	81000	t	2011-02-23	2039	\N	5766	\N
23522	generic_day	4	34416	f	2011-03-11	2039	\N	5766	\N
23523	generic_day	4	81000	t	2011-03-02	2039	\N	5766	\N
23524	generic_day	4	0	f	2011-03-05	2039	\N	5766	\N
23525	generic_day	4	77436	f	2011-03-10	2039	\N	5766	\N
8061	specific_day	6	19764	f	2011-02-10	2037	7784	\N	\N
8067	specific_day	6	0	f	2011-02-20	2037	7784	\N	\N
8072	specific_day	6	0	f	2011-02-27	2037	7784	\N	\N
8060	specific_day	6	19764	f	2011-02-17	2037	7784	\N	\N
8058	specific_day	6	0	f	2011-02-12	2037	7784	\N	\N
8055	specific_day	6	19764	f	2011-02-22	2037	7784	\N	\N
8194	specific_day	6	19440	f	2011-03-10	2037	7785	\N	\N
8192	specific_day	6	0	f	2011-03-19	2037	7785	\N	\N
8198	specific_day	6	19440	f	2011-03-08	2037	7785	\N	\N
8207	specific_day	6	8640	f	2011-03-04	2037	7785	\N	\N
8873	generic_day	4	16200	f	2011-07-14	2033	\N	7289	\N
8868	generic_day	4	16200	f	2011-07-04	2033	\N	7289	\N
8874	generic_day	4	16200	f	2011-07-12	2033	\N	7289	\N
8876	generic_day	4	16200	f	2011-07-11	2033	\N	7289	\N
8863	generic_day	4	0	f	2011-07-09	2033	\N	7289	\N
8867	generic_day	4	16200	f	2011-07-19	2033	\N	7289	\N
8869	generic_day	4	16200	f	2011-06-28	2033	\N	7289	\N
8877	generic_day	4	0	f	2011-07-17	2033	\N	7289	\N
8862	generic_day	4	16200	f	2011-06-29	2033	\N	7289	\N
8871	generic_day	4	0	f	2011-07-10	2033	\N	7289	\N
8880	generic_day	4	16200	f	2011-06-30	2033	\N	7289	\N
8879	generic_day	4	7200	f	2011-07-01	2033	\N	7289	\N
8882	generic_day	4	16200	f	2011-07-05	2033	\N	7289	\N
8861	generic_day	4	7200	f	2011-07-08	2033	\N	7289	\N
8866	generic_day	4	7200	f	2011-07-15	2033	\N	7289	\N
8865	generic_day	4	16200	f	2011-07-07	2033	\N	7289	\N
9650	generic_day	1	61200	f	2011-06-28	2041	\N	7301	\N
9649	generic_day	1	61200	f	2011-07-21	2041	\N	7301	\N
9644	generic_day	1	28800	f	2011-07-10	2041	\N	7301	\N
9639	generic_day	1	28800	f	2011-07-03	2041	\N	7301	\N
9632	generic_day	1	61200	f	2011-06-27	2041	\N	7301	\N
9635	generic_day	1	61200	f	2011-07-06	2041	\N	7301	\N
9637	generic_day	1	61200	f	2011-06-29	2041	\N	7301	\N
9648	generic_day	1	43200	f	2011-07-01	2041	\N	7301	\N
9652	generic_day	1	61200	f	2011-07-11	2041	\N	7301	\N
9646	generic_day	1	61200	f	2011-06-30	2041	\N	7301	\N
9641	generic_day	1	61200	f	2011-07-19	2041	\N	7301	\N
9643	generic_day	1	61200	f	2011-07-07	2041	\N	7301	\N
9651	generic_day	1	61200	f	2011-07-20	2041	\N	7301	\N
9633	generic_day	1	28800	f	2011-06-25	2041	\N	7301	\N
9636	generic_day	1	28800	f	2011-06-26	2041	\N	7301	\N
9638	generic_day	1	43200	f	2011-07-08	2041	\N	7301	\N
9645	generic_day	1	61200	f	2011-07-05	2041	\N	7301	\N
9642	generic_day	1	43200	f	2011-06-23	2041	\N	7301	\N
9647	generic_day	1	43200	f	2011-06-24	2041	\N	7301	\N
9631	generic_day	1	61200	f	2011-07-04	2041	\N	7301	\N
9634	generic_day	1	28800	f	2011-07-02	2041	\N	7301	\N
9640	generic_day	1	28800	f	2011-07-09	2041	\N	7301	\N
9654	generic_day	1	7200	f	2011-07-08	2041	\N	7302	\N
9662	generic_day	1	7200	f	2011-06-23	2041	\N	7302	\N
9664	generic_day	1	16200	f	2011-07-11	2041	\N	7302	\N
9672	generic_day	1	16200	f	2011-07-04	2041	\N	7302	\N
9653	generic_day	1	16200	f	2011-07-06	2041	\N	7302	\N
9655	generic_day	1	7200	f	2011-07-01	2041	\N	7302	\N
9666	generic_day	1	16200	f	2011-07-20	2041	\N	7302	\N
9660	generic_day	1	16200	f	2011-07-19	2041	\N	7302	\N
9668	generic_day	1	16200	f	2011-06-29	2041	\N	7302	\N
9667	generic_day	1	0	f	2011-07-09	2041	\N	7302	\N
9659	generic_day	1	16200	f	2011-06-30	2041	\N	7302	\N
9656	generic_day	1	16200	f	2011-06-27	2041	\N	7302	\N
23496	generic_day	5	32400	f	2011-03-31	2039	\N	5765	\N
23497	generic_day	5	14400	f	2011-03-18	2039	\N	5765	\N
23498	generic_day	5	0	f	2011-04-06	2039	\N	5765	\N
23499	generic_day	5	7200	f	2011-04-13	2039	\N	5765	\N
23500	generic_day	5	0	f	2011-04-11	2039	\N	5765	\N
23501	generic_day	5	32400	f	2011-04-05	2021	\N	5765	\N
23502	generic_day	5	0	f	2011-03-26	2039	\N	5765	\N
23504	generic_day	5	25200	f	2011-04-12	2021	\N	5765	\N
23505	generic_day	5	0	f	2011-03-20	2039	\N	5765	\N
23506	generic_day	5	0	f	2011-04-03	2039	\N	5765	\N
23507	generic_day	5	7200	f	2011-04-18	2039	\N	5765	\N
23508	generic_day	5	0	f	2011-04-05	2039	\N	5765	\N
23514	generic_day	4	36000	t	2011-02-25	2039	\N	5766	\N
23515	generic_day	4	81000	t	2011-02-22	2039	\N	5766	\N
23516	generic_day	4	77436	f	2011-03-14	2039	\N	5766	\N
23517	generic_day	4	77436	f	2011-03-09	2039	\N	5766	\N
23518	generic_day	4	0	f	2011-03-12	2039	\N	5766	\N
23519	generic_day	4	0	t	2011-02-27	2039	\N	5766	\N
23526	generic_day	4	77436	f	2011-03-08	2039	\N	5766	\N
23527	generic_day	4	0	f	2011-03-06	2039	\N	5766	\N
23503	generic_day	5	14400	f	2011-04-01	2021	\N	5765	\N
23552	generic_day	3	0	f	2011-04-24	2039	\N	5767	\N
23553	generic_day	3	0	f	2011-05-05	2039	\N	5767	\N
23554	generic_day	3	32400	f	2011-04-28	2021	\N	5767	\N
23555	generic_day	3	0	f	2011-05-04	2039	\N	5767	\N
23556	generic_day	3	0	f	2011-05-02	2039	\N	5767	\N
23557	generic_day	3	0	f	2011-05-01	2039	\N	5767	\N
23558	generic_day	3	0	f	2011-05-09	2039	\N	5767	\N
23559	generic_day	3	0	f	2011-04-20	2039	\N	5767	\N
23560	generic_day	3	32400	f	2011-04-25	2021	\N	5767	\N
23561	generic_day	3	0	f	2011-05-08	2021	\N	5767	\N
23562	generic_day	3	14400	f	2011-05-06	2021	\N	5767	\N
23563	generic_day	3	0	f	2011-05-08	2039	\N	5767	\N
23564	generic_day	3	32400	f	2011-05-05	2021	\N	5767	\N
23565	generic_day	3	32400	f	2011-05-04	2021	\N	5767	\N
23566	generic_day	3	32400	f	2011-05-02	2021	\N	5767	\N
23567	generic_day	3	32400	f	2011-04-26	2021	\N	5767	\N
23568	generic_day	3	0	f	2011-04-24	2021	\N	5767	\N
23569	generic_day	3	0	f	2011-04-27	2039	\N	5767	\N
23570	generic_day	3	0	f	2011-04-29	2039	\N	5767	\N
23571	generic_day	3	7200	f	2011-05-09	2021	\N	5767	\N
23572	generic_day	3	0	f	2011-04-28	2039	\N	5767	\N
23573	generic_day	3	0	f	2011-04-30	2039	\N	5767	\N
9661	generic_day	1	0	f	2011-07-10	2041	\N	7302	\N
9669	generic_day	1	16200	f	2011-07-07	2041	\N	7302	\N
9663	generic_day	1	0	f	2011-07-03	2041	\N	7302	\N
9657	generic_day	1	16200	f	2011-06-28	2041	\N	7302	\N
9671	generic_day	1	16200	f	2011-07-05	2041	\N	7302	\N
9670	generic_day	1	0	f	2011-06-25	2041	\N	7302	\N
9658	generic_day	1	0	f	2011-06-26	2041	\N	7302	\N
9673	generic_day	1	0	f	2011-07-02	2041	\N	7302	\N
9665	generic_day	1	7200	f	2011-06-24	2041	\N	7302	\N
8389	specific_day	5	14400	f	2011-03-01	2043	7788	\N	\N
8384	specific_day	5	14400	f	2011-02-23	2043	7788	\N	\N
8390	specific_day	5	14400	f	2011-02-24	2043	7788	\N	\N
8391	specific_day	5	0	f	2011-02-27	2043	7788	\N	\N
8385	specific_day	5	14400	f	2011-02-15	2043	7788	\N	\N
8387	specific_day	5	0	f	2011-03-05	2043	7788	\N	\N
8386	specific_day	5	0	f	2011-02-20	2043	7788	\N	\N
8383	specific_day	5	14400	f	2011-02-07	2043	7788	\N	\N
8281	specific_day	5	0	f	2011-02-05	2043	7788	\N	\N
8279	specific_day	5	14400	f	2011-03-04	2043	7788	\N	\N
8388	specific_day	5	14400	f	2011-02-10	2043	7788	\N	\N
8392	specific_day	5	14400	f	2011-02-04	2043	7788	\N	\N
8280	specific_day	5	14400	f	2011-02-21	2043	7788	\N	\N
8515	specific_day	4	14400	f	2011-03-31	2043	7789	\N	\N
8505	specific_day	4	0	f	2011-04-10	2043	7789	\N	\N
8487	specific_day	4	0	f	2011-04-03	2043	7789	\N	\N
8516	specific_day	4	0	f	2011-03-13	2043	7789	\N	\N
8510	specific_day	4	14400	f	2011-03-30	2043	7789	\N	\N
8483	specific_day	4	14400	f	2011-03-24	2043	7789	\N	\N
8485	specific_day	4	14400	f	2011-03-15	2043	7789	\N	\N
8500	specific_day	4	0	f	2011-03-20	2043	7789	\N	\N
8618	generic_day	5	32400	f	2011-03-30	2035	\N	7281	\N
8596	generic_day	5	14400	f	2011-04-08	2035	\N	7281	\N
8592	generic_day	5	32400	f	2011-03-14	2035	\N	7281	\N
8624	generic_day	5	14400	f	2011-04-29	2035	\N	7281	\N
8599	generic_day	5	0	f	2011-04-24	2035	\N	7281	\N
8595	generic_day	5	14400	f	2011-03-18	2035	\N	7281	\N
8617	generic_day	5	32400	f	2011-04-26	2035	\N	7281	\N
8626	generic_day	5	32400	f	2011-04-05	2035	\N	7281	\N
8622	generic_day	5	14400	f	2011-03-11	2035	\N	7281	\N
8586	generic_day	5	32400	f	2011-04-06	2035	\N	7281	\N
8614	generic_day	5	0	f	2011-04-30	2035	\N	7281	\N
8587	generic_day	5	32400	f	2011-04-12	2035	\N	7281	\N
8584	generic_day	5	32400	f	2011-03-07	2035	\N	7281	\N
8607	generic_day	5	0	f	2011-03-27	2035	\N	7281	\N
8613	generic_day	5	32400	f	2011-03-01	2035	\N	7281	\N
8585	generic_day	5	32400	f	2011-04-21	2035	\N	7281	\N
8641	generic_day	5	0	f	2011-03-12	2035	\N	7281	\N
8635	generic_day	5	0	f	2011-04-09	2035	\N	7281	\N
8610	generic_day	5	32400	f	2011-03-23	2035	\N	7281	\N
8608	generic_day	5	32400	f	2011-03-22	2035	\N	7281	\N
8598	generic_day	5	32400	f	2011-03-08	2035	\N	7281	\N
8640	generic_day	5	0	f	2011-03-13	2035	\N	7281	\N
8639	generic_day	5	32400	f	2011-03-29	2035	\N	7281	\N
8630	generic_day	5	0	f	2011-04-10	2035	\N	7281	\N
8593	generic_day	5	32400	f	2011-03-24	2035	\N	7281	\N
8602	generic_day	5	0	f	2011-03-26	2035	\N	7281	\N
8620	generic_day	5	0	f	2011-04-03	2035	\N	7281	\N
8606	generic_day	5	32400	f	2011-04-20	2035	\N	7281	\N
8580	generic_day	5	0	f	2011-03-19	2035	\N	7281	\N
8625	generic_day	5	32400	f	2011-04-25	2035	\N	7281	\N
8597	generic_day	5	32400	f	2011-04-13	2035	\N	7281	\N
8623	generic_day	5	32400	f	2011-03-15	2035	\N	7281	\N
8605	generic_day	5	0	f	2011-04-23	2035	\N	7281	\N
8615	generic_day	5	32400	f	2011-03-21	2035	\N	7281	\N
8612	generic_day	5	14400	f	2011-03-04	2035	\N	7281	\N
8603	generic_day	5	32400	f	2011-04-18	2035	\N	7281	\N
8637	generic_day	5	32400	f	2011-03-28	2035	\N	7281	\N
8633	generic_day	5	14400	f	2011-04-01	2035	\N	7281	\N
8634	generic_day	5	32400	f	2011-03-02	2035	\N	7281	\N
8609	generic_day	5	14400	f	2011-03-25	2035	\N	7281	\N
8619	generic_day	5	0	f	2011-03-06	2035	\N	7281	\N
8594	generic_day	5	32400	f	2011-04-28	2035	\N	7281	\N
8583	generic_day	5	0	f	2011-04-17	2035	\N	7281	\N
8628	generic_day	5	32400	f	2011-04-14	2035	\N	7281	\N
8590	generic_day	5	32400	f	2011-04-04	2035	\N	7281	\N
8600	generic_day	5	32400	f	2011-03-03	2035	\N	7281	\N
8582	generic_day	5	32400	f	2011-03-16	2035	\N	7281	\N
8636	generic_day	5	10800	f	2011-05-02	2035	\N	7281	\N
8616	generic_day	5	0	f	2011-04-16	2035	\N	7281	\N
8591	generic_day	5	0	f	2011-03-05	2035	\N	7281	\N
8621	generic_day	5	32400	f	2011-03-10	2035	\N	7281	\N
8611	generic_day	5	32400	f	2011-03-09	2035	\N	7281	\N
8581	generic_day	5	32400	f	2011-03-31	2035	\N	7281	\N
8631	generic_day	5	32400	f	2011-04-27	2035	\N	7281	\N
8632	generic_day	5	32400	f	2011-04-19	2035	\N	7281	\N
8604	generic_day	5	32400	f	2011-03-17	2035	\N	7281	\N
8601	generic_day	5	0	f	2011-03-20	2035	\N	7281	\N
8589	generic_day	5	32400	f	2011-04-07	2035	\N	7281	\N
8064	specific_day	6	0	f	2011-02-19	2037	7784	\N	\N
8069	specific_day	6	8640	f	2011-03-01	2037	7784	\N	\N
8074	specific_day	6	8784	f	2011-02-25	2037	7784	\N	\N
8071	specific_day	6	0	f	2011-02-05	2037	7784	\N	\N
8052	specific_day	6	19764	f	2011-02-23	2037	7784	\N	\N
8051	specific_day	6	19764	f	2011-02-02	2037	7784	\N	\N
8065	specific_day	6	19764	f	2011-02-08	2037	7784	\N	\N
8059	specific_day	6	0	f	2011-02-26	2037	7784	\N	\N
8076	specific_day	6	8784	f	2011-02-04	2037	7784	\N	\N
8062	specific_day	6	19764	f	2011-02-21	2037	7784	\N	\N
8627	generic_day	5	14400	f	2011-04-15	2035	\N	7281	\N
8629	generic_day	5	0	f	2011-05-01	2035	\N	7281	\N
8638	generic_day	5	0	f	2011-04-02	2035	\N	7281	\N
8588	generic_day	5	32400	f	2011-04-11	2035	\N	7281	\N
8670	generic_day	5	21600	f	2011-05-02	2035	\N	7282	\N
8654	generic_day	5	0	f	2011-05-28	2035	\N	7282	\N
8646	generic_day	5	32400	f	2011-05-26	2035	\N	7282	\N
8648	generic_day	5	0	f	2011-05-08	2035	\N	7282	\N
8662	generic_day	5	32400	f	2011-05-31	2035	\N	7282	\N
8668	generic_day	5	32400	f	2011-05-05	2035	\N	7282	\N
8665	generic_day	5	32400	f	2011-05-18	2035	\N	7282	\N
8664	generic_day	5	32400	f	2011-05-24	2035	\N	7282	\N
8675	generic_day	5	0	f	2011-05-15	2035	\N	7282	\N
8647	generic_day	5	32400	f	2011-05-04	2035	\N	7282	\N
8669	generic_day	5	0	f	2011-05-07	2035	\N	7282	\N
8652	generic_day	5	14400	f	2011-05-20	2035	\N	7282	\N
8663	generic_day	5	0	f	2011-06-04	2035	\N	7282	\N
8672	generic_day	5	32400	f	2011-05-16	2035	\N	7282	\N
8643	generic_day	5	0	f	2011-05-14	2035	\N	7282	\N
8642	generic_day	5	32400	f	2011-06-01	2035	\N	7282	\N
8659	generic_day	5	32400	f	2011-05-30	2035	\N	7282	\N
8657	generic_day	5	14400	f	2011-05-13	2035	\N	7282	\N
8673	generic_day	5	32400	f	2011-06-06	2035	\N	7282	\N
8660	generic_day	5	14400	f	2011-05-06	2035	\N	7282	\N
8676	generic_day	5	0	f	2011-06-05	2035	\N	7282	\N
8677	generic_day	5	14400	f	2011-06-03	2035	\N	7282	\N
8661	generic_day	5	32400	f	2011-06-02	2035	\N	7282	\N
8651	generic_day	5	32400	f	2011-05-23	2035	\N	7282	\N
8653	generic_day	5	32400	f	2011-05-11	2035	\N	7282	\N
8656	generic_day	5	32400	f	2011-05-09	2035	\N	7282	\N
8671	generic_day	5	0	f	2011-05-22	2035	\N	7282	\N
15756	generic_day	0	52267	f	2011-06-30	2033	\N	7288	\N
15757	generic_day	0	52267	f	2011-07-11	2033	\N	7288	\N
15758	generic_day	0	19867	f	2011-07-10	2033	\N	7288	\N
15759	generic_day	0	34267	f	2011-07-08	2033	\N	7288	\N
15760	generic_day	0	19867	f	2011-07-09	2033	\N	7288	\N
15761	generic_day	0	52267	f	2011-07-05	2033	\N	7288	\N
15762	generic_day	0	52266	f	2011-07-18	2033	\N	7288	\N
23528	generic_day	4	34416	f	2011-03-04	2039	\N	5766	\N
23529	generic_day	4	81000	t	2011-03-01	2039	\N	5766	\N
23530	generic_day	4	81000	t	2011-02-24	2039	\N	5766	\N
23531	generic_day	4	77436	f	2011-03-03	2039	\N	5766	\N
23532	generic_day	4	81000	t	2011-02-28	2039	\N	5766	\N
23533	generic_day	4	77436	f	2011-03-07	2039	\N	5766	\N
23534	generic_day	4	0	f	2011-03-13	2039	\N	5766	\N
23535	generic_day	4	42552	f	2011-03-15	2039	\N	5766	\N
23536	generic_day	3	0	f	2011-05-06	2039	\N	5767	\N
23537	generic_day	3	14400	f	2011-04-29	2021	\N	5767	\N
23538	generic_day	3	0	f	2011-04-23	2039	\N	5767	\N
23539	generic_day	3	32400	f	2011-04-27	2021	\N	5767	\N
23540	generic_day	3	0	f	2011-04-25	2039	\N	5767	\N
23574	generic_day	2	10885	f	2011-05-27	2023	\N	5768	\N
23575	generic_day	2	6085	f	2011-05-28	2023	\N	5768	\N
23576	generic_day	2	22887	f	2011-05-10	2041	\N	5768	\N
23577	generic_day	2	22886	f	2011-06-02	2041	\N	5768	\N
23578	generic_day	2	22886	f	2011-05-26	2041	\N	5768	\N
23579	generic_day	2	10886	f	2011-05-20	2041	\N	5768	\N
23580	generic_day	2	22886	f	2011-05-19	2033	\N	5768	\N
23581	generic_day	2	22886	f	2011-05-31	2033	\N	5768	\N
23582	generic_day	2	22887	f	2011-05-11	2041	\N	5768	\N
23583	generic_day	2	6086	f	2011-05-14	2033	\N	5768	\N
23584	generic_day	2	6086	f	2011-05-21	2041	\N	5768	\N
8864	generic_day	4	0	f	2011-07-03	2033	\N	7289	\N
8875	generic_day	4	16200	f	2011-07-06	2033	\N	7289	\N
8650	generic_day	5	32400	f	2011-05-10	2035	\N	7282	\N
8649	generic_day	5	10800	f	2011-06-07	2035	\N	7282	\N
8658	generic_day	5	0	f	2011-05-21	2035	\N	7282	\N
8667	generic_day	5	32400	f	2011-05-19	2035	\N	7282	\N
8644	generic_day	5	0	f	2011-05-29	2035	\N	7282	\N
8666	generic_day	5	32400	f	2011-05-03	2035	\N	7282	\N
8645	generic_day	5	32400	f	2011-05-25	2035	\N	7282	\N
8674	generic_day	5	32400	f	2011-05-12	2035	\N	7282	\N
8655	generic_day	5	14400	f	2011-05-27	2035	\N	7282	\N
15763	generic_day	0	34267	f	2011-07-01	2033	\N	7288	\N
15764	generic_day	0	52266	f	2011-07-20	2033	\N	7288	\N
15765	generic_day	0	52267	f	2011-06-28	2033	\N	7288	\N
15766	generic_day	0	52266	f	2011-07-21	2033	\N	7288	\N
15767	generic_day	0	19866	f	2011-07-23	2033	\N	7288	\N
15768	generic_day	0	19866	f	2011-07-16	2033	\N	7288	\N
15769	generic_day	0	19867	f	2011-07-02	2033	\N	7288	\N
15770	generic_day	0	34266	f	2011-07-22	2033	\N	7288	\N
15771	generic_day	0	19866	f	2011-07-17	2033	\N	7288	\N
15772	generic_day	0	19866	f	2011-07-24	2033	\N	7288	\N
15773	generic_day	0	19867	f	2011-07-03	2033	\N	7288	\N
15774	generic_day	0	52267	f	2011-07-13	2033	\N	7288	\N
15775	generic_day	0	34267	f	2011-07-15	2033	\N	7288	\N
15776	generic_day	0	52267	f	2011-07-12	2033	\N	7288	\N
15777	generic_day	0	52267	f	2011-07-04	2033	\N	7288	\N
23636	generic_day	2	6086	f	2011-05-22	2041	\N	5768	\N
23637	generic_day	2	4885	f	2011-06-06	2023	\N	5768	\N
7583	generic_day	3	0	f	2011-07-23	2029	\N	7276	\N
15871	specific_day	1	14400	f	2011-11-04	2021	7779	\N	\N
15872	specific_day	1	14400	f	2011-10-28	2021	7779	\N	\N
15873	specific_day	1	14400	f	2011-10-21	2021	7779	\N	\N
15874	specific_day	1	32400	f	2011-10-26	2021	7779	\N	\N
15875	specific_day	1	32400	f	2011-11-09	2021	7779	\N	\N
15876	specific_day	1	0	f	2011-11-13	2021	7779	\N	\N
15877	specific_day	1	32400	f	2011-11-01	2021	7779	\N	\N
15878	specific_day	1	32400	f	2011-11-02	2021	7779	\N	\N
15879	specific_day	1	0	f	2011-11-06	2021	7779	\N	\N
15880	specific_day	1	32400	f	2011-10-25	2021	7779	\N	\N
15881	specific_day	1	32400	f	2011-10-17	2021	7779	\N	\N
15882	specific_day	1	32400	f	2011-10-24	2021	7779	\N	\N
15883	specific_day	1	0	f	2011-10-29	2021	7779	\N	\N
15884	specific_day	1	32400	f	2011-11-08	2021	7779	\N	\N
15885	specific_day	1	32400	f	2011-10-27	2021	7779	\N	\N
15886	specific_day	1	0	f	2011-10-22	2021	7779	\N	\N
15887	specific_day	1	32400	f	2011-10-19	2021	7779	\N	\N
15888	specific_day	1	0	f	2011-10-30	2021	7779	\N	\N
15889	specific_day	1	0	f	2011-11-12	2021	7779	\N	\N
23638	generic_day	2	22886	f	2011-05-18	2041	\N	5768	\N
23639	generic_day	2	22886	f	2011-06-01	2041	\N	5768	\N
23640	generic_day	2	10886	f	2011-06-03	2041	\N	5768	\N
23641	generic_day	2	22886	f	2011-05-12	2033	\N	5768	\N
23642	generic_day	2	6085	f	2011-05-29	2023	\N	5768	\N
23643	generic_day	2	6086	f	2011-05-22	2033	\N	5768	\N
23644	generic_day	2	4885	f	2011-05-30	2023	\N	5768	\N
15778	generic_day	0	52267	f	2011-07-06	2033	\N	7288	\N
23645	generic_day	2	6085	f	2011-06-05	2023	\N	5768	\N
23646	generic_day	2	22886	f	2011-05-24	2033	\N	5768	\N
15779	generic_day	0	52266	f	2011-07-19	2033	\N	7288	\N
15780	generic_day	0	52267	f	2011-06-29	2033	\N	7288	\N
15781	generic_day	0	52267	f	2011-07-14	2033	\N	7288	\N
15782	generic_day	0	52267	f	2011-07-07	2033	\N	7288	\N
15890	specific_day	1	32400	f	2011-10-20	2021	7779	\N	\N
15891	specific_day	1	32400	f	2011-11-03	2021	7779	\N	\N
15892	specific_day	1	0	f	2011-10-16	2021	7779	\N	\N
15893	specific_day	1	0	f	2011-11-05	2021	7779	\N	\N
15894	specific_day	1	32400	f	2011-11-15	2021	7779	\N	\N
15895	specific_day	1	32400	f	2011-11-17	2021	7779	\N	\N
15896	specific_day	1	14400	f	2011-10-14	2021	7779	\N	\N
15897	specific_day	1	32400	f	2011-10-18	2021	7779	\N	\N
15898	specific_day	1	0	f	2011-10-15	2021	7779	\N	\N
15899	specific_day	1	0	f	2011-10-23	2021	7779	\N	\N
15900	specific_day	1	32400	f	2011-11-07	2021	7779	\N	\N
15901	specific_day	1	32400	f	2011-10-31	2021	7779	\N	\N
15902	specific_day	1	32400	f	2011-11-10	2021	7779	\N	\N
15903	specific_day	1	14400	f	2011-11-11	2021	7779	\N	\N
15904	specific_day	1	32400	f	2011-11-16	2021	7779	\N	\N
15905	specific_day	1	32400	f	2011-11-14	2021	7779	\N	\N
15783	generic_day	0	16200	f	2011-08-31	2033	\N	7290	\N
15784	generic_day	0	16200	f	2011-08-17	2033	\N	7290	\N
15785	generic_day	0	7200	f	2011-08-19	2033	\N	7290	\N
15786	generic_day	0	16200	f	2011-08-16	2033	\N	7290	\N
15787	generic_day	0	16200	f	2011-09-21	2033	\N	7290	\N
15788	generic_day	0	16200	f	2011-08-04	2033	\N	7290	\N
15789	generic_day	0	0	f	2011-08-27	2033	\N	7290	\N
15790	generic_day	0	0	f	2011-07-30	2033	\N	7290	\N
15791	generic_day	0	0	f	2011-08-20	2033	\N	7290	\N
15792	generic_day	0	0	f	2011-07-31	2033	\N	7290	\N
15793	generic_day	0	16200	f	2011-09-08	2033	\N	7290	\N
15794	generic_day	0	16200	f	2011-09-13	2033	\N	7290	\N
15795	generic_day	0	16200	f	2011-09-07	2033	\N	7290	\N
15796	generic_day	0	16200	f	2011-09-01	2033	\N	7290	\N
15797	generic_day	0	16200	f	2011-07-26	2033	\N	7290	\N
15798	generic_day	0	0	f	2011-09-25	2033	\N	7290	\N
15799	generic_day	0	0	f	2011-09-24	2033	\N	7290	\N
15800	generic_day	0	7200	f	2011-08-05	2033	\N	7290	\N
15801	generic_day	0	16200	f	2011-07-27	2033	\N	7290	\N
15802	generic_day	0	0	f	2011-08-14	2033	\N	7290	\N
15803	generic_day	0	16200	f	2011-09-20	2033	\N	7290	\N
15804	generic_day	0	16200	f	2011-08-22	2033	\N	7290	\N
15805	generic_day	0	16200	f	2011-09-29	2033	\N	7290	\N
15806	generic_day	0	16200	f	2011-08-15	2033	\N	7290	\N
15807	generic_day	0	7200	f	2011-09-23	2033	\N	7290	\N
15808	generic_day	0	0	f	2011-08-06	2033	\N	7290	\N
15809	generic_day	0	0	f	2011-08-28	2033	\N	7290	\N
15810	generic_day	0	16200	f	2011-08-03	2033	\N	7290	\N
15811	generic_day	0	16200	f	2011-08-29	2033	\N	7290	\N
15812	generic_day	0	0	f	2011-09-18	2033	\N	7290	\N
15813	generic_day	0	7200	f	2011-08-26	2033	\N	7290	\N
15814	generic_day	0	16200	f	2011-08-30	2033	\N	7290	\N
15815	generic_day	0	0	f	2011-08-21	2033	\N	7290	\N
15816	generic_day	0	0	f	2011-08-07	2033	\N	7290	\N
15817	generic_day	0	14400	f	2011-07-25	2033	\N	7290	\N
15818	generic_day	0	16200	f	2011-08-23	2033	\N	7290	\N
15819	generic_day	0	0	f	2011-10-01	2033	\N	7290	\N
15820	generic_day	0	1800	f	2011-10-03	2033	\N	7290	\N
15821	generic_day	0	16200	f	2011-09-28	2033	\N	7290	\N
15822	generic_day	0	16200	f	2011-08-25	2033	\N	7290	\N
8872	generic_day	4	0	f	2011-07-02	2033	\N	7289	\N
8860	generic_day	4	16200	f	2011-07-18	2033	\N	7289	\N
8881	generic_day	4	16200	f	2011-07-13	2033	\N	7289	\N
8878	generic_day	4	16200	f	2011-07-20	2033	\N	7289	\N
8870	generic_day	4	0	f	2011-07-16	2033	\N	7289	\N
7706	specific_day	3	0	f	2011-02-26	2031	7777	\N	\N
7743	specific_day	3	19440	f	2011-03-14	2031	7777	\N	\N
7721	specific_day	3	8640	f	2011-02-25	2031	7777	\N	\N
7739	specific_day	3	19440	f	2011-03-02	2031	7777	\N	\N
7720	specific_day	3	19440	f	2011-02-07	2031	7777	\N	\N
7755	specific_day	3	8640	f	2011-02-11	2031	7777	\N	\N
7733	specific_day	3	19440	f	2011-03-08	2031	7777	\N	\N
7746	specific_day	3	0	f	2011-02-06	2031	7777	\N	\N
7705	specific_day	3	0	f	2011-02-20	2031	7777	\N	\N
7717	specific_day	3	0	f	2011-03-19	2031	7777	\N	\N
7735	specific_day	3	19440	f	2011-03-21	2031	7777	\N	\N
7723	specific_day	3	0	f	2011-03-27	2031	7777	\N	\N
7711	specific_day	3	19440	f	2011-02-08	2031	7777	\N	\N
7761	specific_day	3	0	f	2011-02-13	2031	7777	\N	\N
7758	specific_day	3	8640	f	2011-03-11	2031	7777	\N	\N
7752	specific_day	3	19440	f	2011-03-29	2031	7777	\N	\N
7731	specific_day	3	19440	f	2011-02-24	2031	7777	\N	\N
7751	specific_day	3	19440	f	2011-02-22	2031	7777	\N	\N
7745	specific_day	3	8640	f	2011-03-25	2031	7777	\N	\N
8509	specific_day	4	14400	f	2011-04-11	2043	7789	\N	\N
8492	specific_day	4	14400	f	2011-03-18	2043	7789	\N	\N
8506	specific_day	4	0	f	2011-03-19	2043	7789	\N	\N
8514	specific_day	4	14400	f	2011-04-08	2043	7789	\N	\N
8508	specific_day	4	14400	f	2011-04-12	2043	7789	\N	\N
8488	specific_day	4	14400	f	2011-04-06	2043	7789	\N	\N
8484	specific_day	4	14400	f	2011-04-05	2043	7789	\N	\N
8491	specific_day	4	0	f	2011-03-26	2043	7789	\N	\N
8495	specific_day	4	14400	f	2011-04-01	2043	7789	\N	\N
8502	specific_day	4	14400	f	2011-03-11	2043	7789	\N	\N
8498	specific_day	4	14400	f	2011-03-09	2043	7789	\N	\N
8486	specific_day	4	14400	f	2011-03-16	2043	7789	\N	\N
8496	specific_day	4	14400	f	2011-03-10	2043	7789	\N	\N
8493	specific_day	4	14400	f	2011-03-22	2043	7789	\N	\N
8507	specific_day	4	0	f	2011-03-12	2043	7789	\N	\N
8504	specific_day	4	14400	f	2011-03-14	2043	7789	\N	\N
8513	specific_day	4	14400	f	2011-03-25	2043	7789	\N	\N
8512	specific_day	4	0	f	2011-04-02	2043	7789	\N	\N
8501	specific_day	4	14400	f	2011-04-07	2043	7789	\N	\N
8511	specific_day	4	0	f	2011-03-27	2043	7789	\N	\N
9448	generic_day	2	14400	f	2011-05-20	2039	\N	7294	\N
9443	generic_day	2	32400	f	2011-05-10	2039	\N	7294	\N
9430	generic_day	2	0	f	2011-05-15	2039	\N	7294	\N
9444	generic_day	2	32400	f	2011-05-30	2039	\N	7294	\N
9432	generic_day	2	14400	f	2011-05-06	2039	\N	7294	\N
9447	generic_day	2	14400	f	2011-05-27	2039	\N	7294	\N
9431	generic_day	2	32400	f	2011-05-18	2039	\N	7294	\N
9421	generic_day	2	10800	f	2011-06-07	2039	\N	7294	\N
9428	generic_day	2	32400	f	2011-05-26	2039	\N	7294	\N
9438	generic_day	2	0	f	2011-05-22	2039	\N	7294	\N
9420	generic_day	2	0	f	2011-06-04	2039	\N	7294	\N
9422	generic_day	2	0	f	2011-05-21	2039	\N	7294	\N
9433	generic_day	2	0	f	2011-05-29	2039	\N	7294	\N
9437	generic_day	2	32400	f	2011-05-23	2039	\N	7294	\N
9427	generic_day	2	32400	f	2011-05-16	2039	\N	7294	\N
9425	generic_day	2	32400	f	2011-05-24	2039	\N	7294	\N
9429	generic_day	2	32400	f	2011-06-06	2039	\N	7294	\N
9450	generic_day	2	32400	f	2011-05-25	2039	\N	7294	\N
9419	generic_day	2	14400	f	2011-05-13	2039	\N	7294	\N
9445	generic_day	2	32400	f	2011-06-01	2039	\N	7294	\N
9442	generic_day	2	32400	f	2011-05-31	2039	\N	7294	\N
9434	generic_day	2	32400	f	2011-05-05	2039	\N	7294	\N
9436	generic_day	2	21600	f	2011-05-02	2039	\N	7294	\N
9449	generic_day	2	32400	f	2011-06-02	2039	\N	7294	\N
9440	generic_day	2	32400	f	2011-05-19	2039	\N	7294	\N
9418	generic_day	2	32400	f	2011-05-11	2039	\N	7294	\N
9435	generic_day	2	32400	f	2011-05-03	2039	\N	7294	\N
9417	generic_day	2	14400	f	2011-06-03	2039	\N	7294	\N
9446	generic_day	2	0	f	2011-05-14	2039	\N	7294	\N
9424	generic_day	2	32400	f	2011-05-04	2039	\N	7294	\N
9441	generic_day	2	32400	f	2011-05-12	2039	\N	7294	\N
9439	generic_day	2	0	f	2011-05-28	2039	\N	7294	\N
9426	generic_day	2	0	f	2011-05-07	2039	\N	7294	\N
9423	generic_day	2	0	f	2011-05-08	2039	\N	7294	\N
9451	generic_day	2	0	f	2011-06-05	2039	\N	7294	\N
9416	generic_day	2	32400	f	2011-05-09	2039	\N	7294	\N
9493	generic_day	2	32400	f	2011-04-14	2039	\N	7295	\N
12182	specific_day	3	8640	f	2011-03-24	2049	7795	\N	\N
12148	specific_day	3	8640	f	2011-02-22	2049	7795	\N	\N
12178	specific_day	3	0	f	2011-03-27	2049	7795	\N	\N
12144	specific_day	3	8640	f	2011-02-15	2049	7795	\N	\N
12162	specific_day	3	8640	f	2011-03-21	2049	7795	\N	\N
12164	specific_day	3	8640	f	2011-02-21	2049	7795	\N	\N
12167	specific_day	3	0	f	2011-03-13	2049	7795	\N	\N
12151	specific_day	3	8640	f	2011-02-18	2049	7795	\N	\N
12163	specific_day	3	8640	f	2011-02-08	2049	7795	\N	\N
12150	specific_day	3	8640	f	2011-03-02	2049	7795	\N	\N
12186	specific_day	3	8640	f	2011-03-03	2049	7795	\N	\N
12145	specific_day	3	8640	f	2011-02-11	2049	7795	\N	\N
12157	specific_day	3	8640	f	2011-02-10	2049	7795	\N	\N
12139	specific_day	3	8640	f	2011-03-28	2049	7795	\N	\N
12165	specific_day	3	8640	f	2011-03-11	2049	7795	\N	\N
12149	specific_day	3	8640	f	2011-03-25	2049	7795	\N	\N
12170	specific_day	3	8640	f	2011-03-10	2049	7795	\N	\N
12153	specific_day	3	8640	f	2011-02-14	2049	7795	\N	\N
12143	specific_day	3	8640	f	2011-03-29	2049	7795	\N	\N
12158	specific_day	3	8640	f	2011-02-16	2049	7795	\N	\N
12187	specific_day	3	0	f	2011-03-20	2049	7795	\N	\N
12140	specific_day	3	0	f	2011-02-26	2049	7795	\N	\N
12180	specific_day	3	8640	f	2011-03-16	2049	7795	\N	\N
12161	specific_day	3	0	f	2011-02-12	2049	7795	\N	\N
12147	specific_day	3	8640	f	2011-03-22	2049	7795	\N	\N
12177	specific_day	3	8640	f	2011-03-17	2049	7795	\N	\N
12174	specific_day	3	8640	f	2011-03-04	2049	7795	\N	\N
12184	specific_day	3	0	f	2011-03-19	2049	7795	\N	\N
12152	specific_day	3	0	f	2011-03-01	2049	7795	\N	\N
12160	specific_day	3	8640	f	2011-02-02	2049	7795	\N	\N
9502	generic_day	2	32400	f	2011-04-27	2039	\N	7295	\N
9510	generic_day	2	32400	f	2011-03-09	2039	\N	7295	\N
9456	generic_day	2	32400	f	2011-03-08	2039	\N	7295	\N
9474	generic_day	2	0	f	2011-03-20	2039	\N	7295	\N
9461	generic_day	2	32400	f	2011-03-30	2039	\N	7295	\N
9480	generic_day	2	0	f	2011-03-12	2039	\N	7295	\N
9513	generic_day	2	32400	f	2011-04-06	2039	\N	7295	\N
9512	generic_day	2	10800	f	2011-05-02	2039	\N	7295	\N
9503	generic_day	2	32400	f	2011-03-15	2039	\N	7295	\N
9504	generic_day	2	32400	f	2011-03-03	2039	\N	7295	\N
9497	generic_day	2	32400	f	2011-03-22	2039	\N	7295	\N
9463	generic_day	2	32400	f	2011-04-12	2039	\N	7295	\N
9501	generic_day	2	32400	f	2011-03-28	2039	\N	7295	\N
9452	generic_day	2	32400	f	2011-03-29	2039	\N	7295	\N
9458	generic_day	2	32400	f	2011-03-31	2039	\N	7295	\N
9481	generic_day	2	0	f	2011-03-05	2039	\N	7295	\N
9471	generic_day	2	32400	f	2011-03-16	2039	\N	7295	\N
9511	generic_day	2	32400	f	2011-04-07	2039	\N	7295	\N
9467	generic_day	2	0	f	2011-04-10	2039	\N	7295	\N
9477	generic_day	2	14400	f	2011-04-15	2039	\N	7295	\N
7715	specific_day	3	19440	f	2011-03-17	2031	7777	\N	\N
7713	specific_day	3	0	f	2011-03-13	2031	7777	\N	\N
7759	specific_day	3	0	f	2011-03-05	2031	7777	\N	\N
7719	specific_day	3	19440	f	2011-02-14	2031	7777	\N	\N
7708	specific_day	3	8640	f	2011-03-18	2031	7777	\N	\N
7747	specific_day	3	0	f	2011-02-27	2031	7777	\N	\N
7718	specific_day	3	19440	f	2011-02-01	2031	7777	\N	\N
7749	specific_day	3	19440	f	2011-02-16	2031	7777	\N	\N
7709	specific_day	3	19440	f	2011-02-23	2031	7777	\N	\N
7736	specific_day	3	0	f	2011-02-12	2031	7777	\N	\N
7742	specific_day	3	0	f	2011-03-26	2031	7777	\N	\N
7722	specific_day	3	0	f	2011-02-05	2031	7777	\N	\N
7757	specific_day	3	19440	f	2011-03-07	2031	7777	\N	\N
7727	specific_day	3	19440	f	2011-03-16	2031	7777	\N	\N
7726	specific_day	3	0	f	2011-03-20	2031	7777	\N	\N
7729	specific_day	3	19440	f	2011-03-03	2031	7777	\N	\N
7760	specific_day	3	19440	f	2011-02-02	2031	7777	\N	\N
7741	specific_day	3	19440	f	2011-03-28	2031	7777	\N	\N
7725	specific_day	3	0	f	2011-03-12	2031	7777	\N	\N
7737	specific_day	3	8640	f	2011-03-04	2031	7777	\N	\N
7762	specific_day	3	19440	f	2011-03-09	2031	7777	\N	\N
7712	specific_day	3	19440	f	2011-03-01	2031	7777	\N	\N
7710	specific_day	3	0	f	2011-02-19	2031	7777	\N	\N
7728	specific_day	3	19440	f	2011-02-09	2031	7777	\N	\N
7707	specific_day	3	19440	f	2011-02-03	2031	7777	\N	\N
7714	specific_day	3	19440	f	2011-03-15	2031	7777	\N	\N
7748	specific_day	3	19440	f	2011-02-21	2031	7777	\N	\N
7740	specific_day	3	0	f	2011-03-06	2031	7777	\N	\N
7716	specific_day	3	19440	f	2011-03-22	2031	7777	\N	\N
7744	specific_day	3	19440	f	2011-03-24	2031	7777	\N	\N
9505	generic_day	2	0	f	2011-03-26	2039	\N	7295	\N
9473	generic_day	2	0	f	2011-04-17	2039	\N	7295	\N
9472	generic_day	2	32400	f	2011-04-04	2039	\N	7295	\N
9496	generic_day	2	0	f	2011-04-16	2039	\N	7295	\N
9489	generic_day	2	32400	f	2011-04-13	2039	\N	7295	\N
9492	generic_day	2	32400	f	2011-03-10	2039	\N	7295	\N
9453	generic_day	2	32400	f	2011-03-07	2039	\N	7295	\N
9482	generic_day	2	0	f	2011-03-27	2039	\N	7295	\N
9457	generic_day	2	14400	f	2011-03-04	2039	\N	7295	\N
9490	generic_day	2	14400	f	2011-04-08	2039	\N	7295	\N
9462	generic_day	2	32400	f	2011-03-23	2039	\N	7295	\N
9495	generic_day	2	0	f	2011-03-19	2039	\N	7295	\N
9484	generic_day	2	32400	f	2011-03-24	2039	\N	7295	\N
9483	generic_day	2	0	f	2011-04-09	2039	\N	7295	\N
9499	generic_day	2	14400	f	2011-04-01	2039	\N	7295	\N
9498	generic_day	2	0	f	2011-04-23	2039	\N	7295	\N
9454	generic_day	2	32400	f	2011-03-02	2039	\N	7295	\N
9479	generic_day	2	0	f	2011-05-01	2039	\N	7295	\N
9478	generic_day	2	32400	f	2011-04-21	2039	\N	7295	\N
9465	generic_day	2	0	f	2011-04-02	2039	\N	7295	\N
9491	generic_day	2	32400	f	2011-04-05	2039	\N	7295	\N
9459	generic_day	2	32400	f	2011-04-26	2039	\N	7295	\N
9507	generic_day	2	0	f	2011-04-03	2039	\N	7295	\N
9468	generic_day	2	32400	f	2011-03-14	2039	\N	7295	\N
9460	generic_day	2	32400	f	2011-04-28	2039	\N	7295	\N
9500	generic_day	2	0	f	2011-04-24	2039	\N	7295	\N
9509	generic_day	2	32400	f	2011-03-21	2039	\N	7295	\N
9476	generic_day	2	14400	f	2011-03-25	2039	\N	7295	\N
9470	generic_day	2	32400	f	2011-03-01	2039	\N	7295	\N
9488	generic_day	2	32400	f	2011-04-11	2039	\N	7295	\N
9494	generic_day	2	32400	f	2011-04-20	2039	\N	7295	\N
9485	generic_day	2	14400	f	2011-04-29	2039	\N	7295	\N
9469	generic_day	2	14400	f	2011-03-18	2039	\N	7295	\N
9464	generic_day	2	14400	f	2011-03-11	2039	\N	7295	\N
9466	generic_day	2	32400	f	2011-03-17	2039	\N	7295	\N
9455	generic_day	2	32400	f	2011-04-19	2039	\N	7295	\N
9506	generic_day	2	32400	f	2011-04-25	2039	\N	7295	\N
9475	generic_day	2	0	f	2011-03-13	2039	\N	7295	\N
9487	generic_day	2	0	f	2011-04-30	2039	\N	7295	\N
9486	generic_day	2	32400	f	2011-04-18	2039	\N	7295	\N
9508	generic_day	2	0	f	2011-03-06	2039	\N	7295	\N
9528	generic_day	2	21600	f	2011-06-07	2039	\N	7296	\N
9520	generic_day	2	32400	f	2011-06-15	2039	\N	7296	\N
9525	generic_day	2	32400	f	2011-06-16	2039	\N	7296	\N
9530	generic_day	2	32400	f	2011-06-09	2039	\N	7296	\N
9523	generic_day	2	0	f	2011-06-12	2039	\N	7296	\N
9514	generic_day	2	0	f	2011-06-18	2039	\N	7296	\N
9524	generic_day	2	32400	f	2011-06-13	2039	\N	7296	\N
9527	generic_day	2	14400	f	2011-06-17	2039	\N	7296	\N
9518	generic_day	2	0	f	2011-06-11	2039	\N	7296	\N
9526	generic_day	2	18000	f	2011-06-23	2039	\N	7296	\N
9529	generic_day	2	32400	f	2011-06-20	2039	\N	7296	\N
9521	generic_day	2	0	f	2011-06-19	2039	\N	7296	\N
9519	generic_day	2	14400	f	2011-06-10	2039	\N	7296	\N
9522	generic_day	2	32400	f	2011-06-08	2039	\N	7296	\N
9515	generic_day	2	32400	f	2011-06-14	2039	\N	7296	\N
9516	generic_day	2	32400	f	2011-06-21	2039	\N	7296	\N
9517	generic_day	2	32400	f	2011-06-22	2039	\N	7296	\N
8057	specific_day	6	19764	f	2011-02-24	2037	7784	\N	\N
7756	specific_day	3	19440	f	2011-03-10	2031	7777	\N	\N
7738	specific_day	3	8640	f	2011-02-18	2031	7777	\N	\N
7734	specific_day	3	19440	f	2011-03-23	2031	7777	\N	\N
7753	specific_day	3	19440	f	2011-02-28	2031	7777	\N	\N
7724	specific_day	3	9360	f	2011-03-30	2031	7777	\N	\N
7750	specific_day	3	19440	f	2011-02-15	2031	7777	\N	\N
7599	generic_day	3	3600	f	2011-07-04	2027	\N	7277	\N
7589	generic_day	3	32400	f	2011-06-27	2027	\N	7277	\N
7592	generic_day	3	14400	f	2011-06-17	2027	\N	7277	\N
7591	generic_day	3	14400	f	2011-07-01	2027	\N	7277	\N
7588	generic_day	3	0	f	2011-07-03	2027	\N	7277	\N
7594	generic_day	3	32400	f	2011-06-29	2027	\N	7277	\N
7597	generic_day	3	32400	f	2011-06-20	2027	\N	7277	\N
7600	generic_day	3	32400	f	2011-06-22	2027	\N	7277	\N
7598	generic_day	3	32400	f	2011-06-16	2027	\N	7277	\N
7601	generic_day	3	32400	f	2011-06-23	2027	\N	7277	\N
7593	generic_day	3	0	f	2011-06-25	2027	\N	7277	\N
7605	generic_day	3	32400	f	2011-06-30	2027	\N	7277	\N
7590	generic_day	3	32400	f	2011-06-28	2027	\N	7277	\N
8073	specific_day	6	19764	f	2011-02-07	2037	7784	\N	\N
7595	generic_day	3	32400	f	2011-06-21	2027	\N	7277	\N
7603	generic_day	3	21600	f	2011-06-15	2027	\N	7277	\N
15823	generic_day	0	0	f	2011-10-02	2033	\N	7290	\N
15824	generic_day	0	16200	f	2011-09-19	2033	\N	7290	\N
15825	generic_day	0	0	f	2011-09-11	2033	\N	7290	\N
15826	generic_day	0	16200	f	2011-07-28	2033	\N	7290	\N
15827	generic_day	0	16200	f	2011-08-02	2033	\N	7290	\N
15828	generic_day	0	16200	f	2011-08-09	2033	\N	7290	\N
15829	generic_day	0	16200	f	2011-09-15	2033	\N	7290	\N
15830	generic_day	0	16200	f	2011-09-05	2033	\N	7290	\N
15831	generic_day	0	7200	f	2011-09-02	2033	\N	7290	\N
15832	generic_day	0	16200	f	2011-08-18	2033	\N	7290	\N
13308	generic_day	0	32400	f	2011-08-23	2041	\N	7303	\N
13309	generic_day	0	14400	f	2011-07-22	2041	\N	7303	\N
13310	generic_day	0	32400	f	2011-08-09	2041	\N	7303	\N
13311	generic_day	0	0	f	2011-07-30	2041	\N	7303	\N
13312	generic_day	0	32400	f	2011-08-04	2041	\N	7303	\N
13313	generic_day	0	32400	f	2011-07-25	2041	\N	7303	\N
13314	generic_day	0	32400	f	2011-07-26	2041	\N	7303	\N
13315	generic_day	0	32400	f	2011-08-18	2041	\N	7303	\N
13316	generic_day	0	14400	f	2011-08-05	2041	\N	7303	\N
13317	generic_day	0	0	f	2011-08-14	2041	\N	7303	\N
13318	generic_day	0	32400	f	2011-07-27	2041	\N	7303	\N
13319	generic_day	0	0	f	2011-08-21	2041	\N	7303	\N
13320	generic_day	0	32400	f	2011-08-01	2041	\N	7303	\N
13321	generic_day	0	0	f	2011-08-13	2041	\N	7303	\N
13322	generic_day	0	32400	f	2011-08-15	2041	\N	7303	\N
13323	generic_day	0	32400	f	2011-08-22	2041	\N	7303	\N
13324	generic_day	0	0	f	2011-07-23	2041	\N	7303	\N
13325	generic_day	0	32400	f	2011-08-08	2041	\N	7303	\N
13326	generic_day	0	0	f	2011-07-24	2041	\N	7303	\N
13327	generic_day	0	0	f	2011-07-31	2041	\N	7303	\N
13328	generic_day	0	32400	f	2011-08-02	2041	\N	7303	\N
13329	generic_day	0	0	f	2011-08-07	2041	\N	7303	\N
13330	generic_day	0	0	f	2011-08-06	2041	\N	7303	\N
13331	generic_day	0	32400	f	2011-08-16	2041	\N	7303	\N
14746	generic_day	0	32400	f	2011-08-25	2041	\N	7303	\N
14747	generic_day	0	32400	f	2011-08-17	2041	\N	7303	\N
14748	generic_day	0	14400	f	2011-08-19	2041	\N	7303	\N
14749	generic_day	0	14400	f	2011-08-12	2041	\N	7303	\N
14750	generic_day	0	32400	f	2011-08-24	2041	\N	7303	\N
14751	generic_day	0	32400	f	2011-07-28	2041	\N	7303	\N
14752	generic_day	0	32400	f	2011-08-10	2041	\N	7303	\N
14753	generic_day	0	14400	f	2011-07-29	2041	\N	7303	\N
14754	generic_day	0	32400	f	2011-08-11	2041	\N	7303	\N
14755	generic_day	0	32400	f	2011-08-03	2041	\N	7303	\N
14756	generic_day	0	0	f	2011-08-20	2041	\N	7303	\N
15833	generic_day	0	0	f	2011-09-03	2033	\N	7290	\N
15834	generic_day	0	16200	f	2011-08-11	2033	\N	7290	\N
15835	generic_day	0	7200	f	2011-09-30	2033	\N	7290	\N
15836	generic_day	0	0	f	2011-08-13	2033	\N	7290	\N
15837	generic_day	0	16200	f	2011-08-08	2033	\N	7290	\N
15838	generic_day	0	16200	f	2011-08-24	2033	\N	7290	\N
15839	generic_day	0	7200	f	2011-09-09	2033	\N	7290	\N
15840	generic_day	0	7200	f	2011-09-16	2033	\N	7290	\N
15841	generic_day	0	0	f	2011-09-04	2033	\N	7290	\N
15842	generic_day	0	16200	f	2011-08-01	2033	\N	7290	\N
15843	generic_day	0	16200	f	2011-09-26	2033	\N	7290	\N
15844	generic_day	0	0	f	2011-09-10	2033	\N	7290	\N
15845	generic_day	0	7200	f	2011-07-29	2033	\N	7290	\N
15846	generic_day	0	16200	f	2011-09-22	2033	\N	7290	\N
15847	generic_day	0	16200	f	2011-09-27	2033	\N	7290	\N
15848	generic_day	0	7200	f	2011-08-12	2033	\N	7290	\N
15849	generic_day	0	0	f	2011-09-17	2033	\N	7290	\N
15850	generic_day	0	16200	f	2011-09-06	2033	\N	7290	\N
15851	generic_day	0	16200	f	2011-09-12	2033	\N	7290	\N
15852	generic_day	0	16200	f	2011-09-14	2033	\N	7290	\N
15853	generic_day	0	16200	f	2011-08-10	2033	\N	7290	\N
7587	generic_day	3	0	f	2011-06-18	2027	\N	7277	\N
7602	generic_day	3	0	f	2011-06-26	2027	\N	7277	\N
7586	generic_day	3	0	f	2011-06-19	2027	\N	7277	\N
7604	generic_day	3	14400	f	2011-06-24	2027	\N	7277	\N
7596	generic_day	3	0	f	2011-07-02	2027	\N	7277	\N
7607	generic_day	3	32400	f	2011-04-27	2027	\N	7278	\N
7659	generic_day	3	32400	f	2011-04-06	2027	\N	7278	\N
7608	generic_day	3	14400	f	2011-04-29	2027	\N	7278	\N
7641	generic_day	3	0	f	2011-03-27	2027	\N	7278	\N
7646	generic_day	3	32400	f	2011-03-28	2027	\N	7278	\N
7643	generic_day	3	10800	f	2011-05-02	2027	\N	7278	\N
7647	generic_day	3	32400	f	2011-03-21	2027	\N	7278	\N
7664	generic_day	3	0	f	2011-04-10	2027	\N	7278	\N
7638	generic_day	3	14400	f	2011-03-18	2027	\N	7278	\N
7666	generic_day	3	14400	f	2011-03-04	2027	\N	7278	\N
7644	generic_day	3	0	f	2011-03-20	2027	\N	7278	\N
7619	generic_day	3	32400	f	2011-03-24	2027	\N	7278	\N
7615	generic_day	3	32400	f	2011-03-03	2027	\N	7278	\N
7606	generic_day	3	0	f	2011-04-09	2027	\N	7278	\N
7658	generic_day	3	14400	f	2011-04-01	2027	\N	7278	\N
7649	generic_day	3	0	f	2011-03-06	2027	\N	7278	\N
7627	generic_day	3	0	f	2011-04-24	2027	\N	7278	\N
7612	generic_day	3	32400	f	2011-03-17	2027	\N	7278	\N
7631	generic_day	3	0	f	2011-03-05	2027	\N	7278	\N
7633	generic_day	3	0	f	2011-03-26	2027	\N	7278	\N
7651	generic_day	3	32400	f	2011-04-14	2027	\N	7278	\N
7616	generic_day	3	32400	f	2011-04-13	2027	\N	7278	\N
7637	generic_day	3	32400	f	2011-04-11	2027	\N	7278	\N
7653	generic_day	3	0	f	2011-05-01	2027	\N	7278	\N
7652	generic_day	3	32400	f	2011-03-16	2027	\N	7278	\N
7648	generic_day	3	0	f	2011-04-23	2027	\N	7278	\N
7657	generic_day	3	32400	f	2011-04-07	2027	\N	7278	\N
7610	generic_day	3	0	f	2011-04-02	2027	\N	7278	\N
7624	generic_day	3	32400	f	2011-04-25	2027	\N	7278	\N
7642	generic_day	3	0	f	2011-04-03	2027	\N	7278	\N
7665	generic_day	3	0	f	2011-03-19	2027	\N	7278	\N
7661	generic_day	3	32400	f	2011-03-08	2027	\N	7278	\N
7667	generic_day	3	32400	f	2011-04-18	2027	\N	7278	\N
8203	specific_day	6	0	f	2011-03-26	2037	7785	\N	\N
8205	specific_day	6	19440	f	2011-03-23	2037	7785	\N	\N
8196	specific_day	6	0	f	2011-03-20	2037	7785	\N	\N
8189	specific_day	6	19440	f	2011-03-21	2037	7785	\N	\N
8197	specific_day	6	19440	f	2011-03-14	2037	7785	\N	\N
8183	specific_day	6	8640	f	2011-03-25	2037	7785	\N	\N
8210	specific_day	6	0	f	2011-03-12	2037	7785	\N	\N
8190	specific_day	6	8640	f	2011-03-18	2037	7785	\N	\N
8184	specific_day	6	8640	f	2011-03-11	2037	7785	\N	\N
8208	specific_day	6	0	f	2011-03-06	2037	7785	\N	\N
8182	specific_day	6	19440	f	2011-03-15	2037	7785	\N	\N
8195	specific_day	6	144	f	2011-03-30	2037	7785	\N	\N
7617	generic_day	3	32400	f	2011-03-01	2027	\N	7278	\N
7625	generic_day	3	32400	f	2011-04-26	2027	\N	7278	\N
7632	generic_day	3	32400	f	2011-03-31	2027	\N	7278	\N
7620	generic_day	3	32400	f	2011-03-02	2027	\N	7278	\N
7622	generic_day	3	32400	f	2011-04-05	2027	\N	7278	\N
7609	generic_day	3	32400	f	2011-04-20	2027	\N	7278	\N
7663	generic_day	3	32400	f	2011-04-04	2027	\N	7278	\N
7613	generic_day	3	14400	f	2011-03-11	2027	\N	7278	\N
7626	generic_day	3	14400	f	2011-04-08	2027	\N	7278	\N
7630	generic_day	3	32400	f	2011-03-22	2027	\N	7278	\N
7611	generic_day	3	32400	f	2011-04-28	2027	\N	7278	\N
7636	generic_day	3	32400	f	2011-03-23	2027	\N	7278	\N
7662	generic_day	3	14400	f	2011-03-25	2027	\N	7278	\N
7618	generic_day	3	0	f	2011-04-30	2027	\N	7278	\N
7634	generic_day	3	32400	f	2011-04-19	2027	\N	7278	\N
7645	generic_day	3	32400	f	2011-03-29	2027	\N	7278	\N
7654	generic_day	3	0	f	2011-04-16	2027	\N	7278	\N
7650	generic_day	3	32400	f	2011-03-14	2027	\N	7278	\N
7660	generic_day	3	32400	f	2011-04-21	2027	\N	7278	\N
7623	generic_day	3	14400	f	2011-04-15	2027	\N	7278	\N
7614	generic_day	3	0	f	2011-03-13	2027	\N	7278	\N
7635	generic_day	3	32400	f	2011-03-07	2027	\N	7278	\N
7640	generic_day	3	32400	f	2011-03-15	2027	\N	7278	\N
7629	generic_day	3	0	f	2011-03-12	2027	\N	7278	\N
7621	generic_day	3	32400	f	2011-03-09	2027	\N	7278	\N
7639	generic_day	3	32400	f	2011-03-10	2027	\N	7278	\N
7628	generic_day	3	32400	f	2011-04-12	2027	\N	7278	\N
7655	generic_day	3	0	f	2011-04-17	2027	\N	7278	\N
7656	generic_day	3	32400	f	2011-03-30	2027	\N	7278	\N
7704	generic_day	3	0	f	2011-06-05	2027	\N	7279	\N
7693	generic_day	3	0	f	2011-05-21	2027	\N	7279	\N
7685	generic_day	3	32400	f	2011-05-25	2027	\N	7279	\N
7702	generic_day	3	14400	f	2011-05-06	2027	\N	7279	\N
15854	generic_day	0	14400	f	2011-06-17	2035	\N	7283	\N
15855	generic_day	0	32400	f	2011-06-08	2035	\N	7283	\N
15856	generic_day	0	21600	f	2011-06-07	2035	\N	7283	\N
15857	generic_day	0	14400	f	2011-06-10	2035	\N	7283	\N
15858	generic_day	0	32400	f	2011-06-15	2035	\N	7283	\N
15859	generic_day	0	0	f	2011-06-12	2035	\N	7283	\N
15860	generic_day	0	32400	f	2011-06-20	2035	\N	7283	\N
15861	generic_day	0	32400	f	2011-06-14	2035	\N	7283	\N
15862	generic_day	0	32400	f	2011-06-16	2035	\N	7283	\N
15863	generic_day	0	32400	f	2011-06-13	2035	\N	7283	\N
15864	generic_day	0	32400	f	2011-06-09	2035	\N	7283	\N
15865	generic_day	0	18000	f	2011-06-23	2035	\N	7283	\N
12146	specific_day	3	8640	f	2011-03-15	2049	7795	\N	\N
12171	specific_day	3	0	f	2011-02-05	2049	7795	\N	\N
12173	specific_day	3	8640	f	2011-02-09	2049	7795	\N	\N
12175	specific_day	3	8640	f	2011-02-17	2049	7795	\N	\N
12181	specific_day	3	0	f	2011-02-19	2049	7795	\N	\N
12169	specific_day	3	0	f	2011-03-12	2049	7795	\N	\N
12185	specific_day	3	8640	f	2011-03-14	2049	7795	\N	\N
12155	specific_day	3	8640	f	2011-03-08	2049	7795	\N	\N
12156	specific_day	3	8640	f	2011-02-25	2049	7795	\N	\N
12159	specific_day	3	0	f	2011-02-20	2049	7795	\N	\N
12172	specific_day	3	8640	f	2011-02-01	2049	7795	\N	\N
12166	specific_day	3	8640	f	2011-02-24	2049	7795	\N	\N
12176	specific_day	3	8640	f	2011-03-30	2049	7795	\N	\N
12154	specific_day	3	0	f	2011-02-06	2049	7795	\N	\N
12168	specific_day	3	0	f	2011-02-27	2049	7795	\N	\N
12141	specific_day	3	8640	f	2011-02-04	2049	7795	\N	\N
12183	specific_day	3	0	f	2011-03-05	2049	7795	\N	\N
12142	specific_day	3	8640	f	2011-02-07	2049	7795	\N	\N
12179	specific_day	3	0	f	2011-02-13	2049	7795	\N	\N
12242	specific_day	3	8640	f	2011-04-21	2049	7796	\N	\N
12193	specific_day	3	8640	f	2011-04-20	2049	7796	\N	\N
12239	specific_day	3	8640	f	2011-05-11	2049	7796	\N	\N
12238	specific_day	3	8640	f	2011-05-26	2049	7796	\N	\N
12240	specific_day	3	8640	f	2011-04-15	2049	7796	\N	\N
12220	specific_day	3	0	f	2011-04-22	2049	7796	\N	\N
12196	specific_day	3	8640	f	2011-04-12	2049	7796	\N	\N
12243	specific_day	3	8640	f	2011-05-27	2049	7796	\N	\N
12237	specific_day	3	8640	f	2011-04-05	2049	7796	\N	\N
12208	specific_day	3	5184	f	2011-03-31	2049	7796	\N	\N
12233	specific_day	3	0	f	2011-05-29	2049	7796	\N	\N
8191	specific_day	6	19440	f	2011-03-29	2037	7785	\N	\N
8206	specific_day	6	14256	f	2011-03-01	2037	7785	\N	\N
8188	specific_day	6	19440	f	2011-03-07	2037	7785	\N	\N
8204	specific_day	6	19440	f	2011-03-02	2037	7785	\N	\N
8193	specific_day	6	0	f	2011-03-27	2037	7785	\N	\N
8201	specific_day	6	19440	f	2011-03-16	2037	7785	\N	\N
8186	specific_day	6	0	f	2011-03-05	2037	7785	\N	\N
8202	specific_day	6	19440	f	2011-03-22	2037	7785	\N	\N
8209	specific_day	6	19440	f	2011-03-09	2037	7785	\N	\N
8199	specific_day	6	19440	f	2011-03-03	2037	7785	\N	\N
8187	specific_day	6	19440	f	2011-03-24	2037	7785	\N	\N
8200	specific_day	6	19440	f	2011-03-28	2037	7785	\N	\N
8181	specific_day	6	19440	f	2011-03-17	2037	7785	\N	\N
8185	specific_day	6	0	f	2011-03-13	2037	7785	\N	\N
15866	generic_day	0	32400	f	2011-06-21	2035	\N	7283	\N
15867	generic_day	0	0	f	2011-06-11	2035	\N	7283	\N
15868	generic_day	0	0	f	2011-06-18	2035	\N	7283	\N
15869	generic_day	0	0	f	2011-06-19	2035	\N	7283	\N
15870	generic_day	0	32400	f	2011-06-22	2035	\N	7283	\N
7690	generic_day	3	32400	f	2011-05-04	2027	\N	7279	\N
7703	generic_day	3	32400	f	2011-05-16	2027	\N	7279	\N
7673	generic_day	3	0	f	2011-05-08	2027	\N	7279	\N
7686	generic_day	3	0	f	2011-05-17	2027	\N	7279	\N
7676	generic_day	3	32400	f	2011-05-31	2027	\N	7279	\N
7677	generic_day	3	32400	f	2011-06-14	2027	\N	7279	\N
7672	generic_day	3	10800	f	2011-06-15	2027	\N	7279	\N
7688	generic_day	3	32400	f	2011-05-18	2027	\N	7279	\N
7675	generic_day	3	21600	f	2011-05-02	2027	\N	7279	\N
7698	generic_day	3	32400	f	2011-05-11	2027	\N	7279	\N
7668	generic_day	3	32400	f	2011-05-23	2027	\N	7279	\N
7678	generic_day	3	32400	f	2011-05-19	2027	\N	7279	\N
7699	generic_day	3	0	f	2011-05-29	2027	\N	7279	\N
7696	generic_day	3	0	f	2011-05-15	2027	\N	7279	\N
7680	generic_day	3	32400	f	2011-06-01	2027	\N	7279	\N
7683	generic_day	3	32400	f	2011-05-09	2027	\N	7279	\N
7701	generic_day	3	0	f	2011-05-14	2027	\N	7279	\N
7692	generic_day	3	0	f	2011-05-22	2027	\N	7279	\N
7691	generic_day	3	0	f	2011-05-28	2027	\N	7279	\N
7671	generic_day	3	14400	f	2011-05-20	2027	\N	7279	\N
7682	generic_day	3	0	f	2011-05-07	2027	\N	7279	\N
7684	generic_day	3	32400	f	2011-06-02	2027	\N	7279	\N
7689	generic_day	3	32400	f	2011-05-05	2027	\N	7279	\N
7695	generic_day	3	14400	f	2011-05-13	2027	\N	7279	\N
7681	generic_day	3	14400	f	2011-06-03	2027	\N	7279	\N
7669	generic_day	3	32400	f	2011-05-10	2027	\N	7279	\N
7697	generic_day	3	14400	f	2011-05-27	2027	\N	7279	\N
7694	generic_day	3	32400	f	2011-05-30	2027	\N	7279	\N
7679	generic_day	3	32400	f	2011-06-06	2027	\N	7279	\N
7674	generic_day	3	0	f	2011-06-04	2027	\N	7279	\N
7700	generic_day	3	32400	f	2011-05-12	2027	\N	7279	\N
7687	generic_day	3	32400	f	2011-05-26	2027	\N	7279	\N
7670	generic_day	3	32400	f	2011-05-24	2027	\N	7279	\N
7539	generic_day	3	45000	f	2011-07-05	2029	\N	7275	\N
7537	generic_day	3	45000	f	2011-07-21	2029	\N	7275	\N
7538	generic_day	3	27000	f	2011-07-22	2029	\N	7275	\N
7542	generic_day	3	27000	f	2011-07-15	2029	\N	7275	\N
7540	generic_day	3	45000	f	2011-07-06	2029	\N	7275	\N
7558	generic_day	3	45000	f	2011-07-26	2029	\N	7275	\N
7551	generic_day	3	45000	f	2011-07-11	2029	\N	7275	\N
7552	generic_day	3	12600	f	2011-07-17	2029	\N	7275	\N
7555	generic_day	3	12600	f	2011-07-16	2029	\N	7275	\N
7549	generic_day	3	12600	f	2011-07-23	2029	\N	7275	\N
7559	generic_day	3	41400	f	2011-07-04	2029	\N	7275	\N
7556	generic_day	3	45000	f	2011-07-18	2029	\N	7275	\N
7557	generic_day	3	45000	f	2011-07-25	2029	\N	7275	\N
7534	generic_day	3	27000	f	2011-07-29	2029	\N	7275	\N
7545	generic_day	3	12600	f	2011-07-09	2029	\N	7275	\N
7550	generic_day	3	45000	f	2011-07-20	2029	\N	7275	\N
7554	generic_day	3	45000	f	2011-07-12	2029	\N	7275	\N
7547	generic_day	3	45000	f	2011-07-13	2029	\N	7275	\N
7536	generic_day	3	12600	f	2011-07-24	2029	\N	7275	\N
7535	generic_day	3	45000	f	2011-07-19	2029	\N	7275	\N
7546	generic_day	3	27000	f	2011-07-08	2029	\N	7275	\N
7553	generic_day	3	12600	f	2011-07-10	2029	\N	7275	\N
7548	generic_day	3	45000	f	2011-07-14	2029	\N	7275	\N
7543	generic_day	3	45000	f	2011-07-27	2029	\N	7275	\N
7544	generic_day	3	45000	f	2011-07-28	2029	\N	7275	\N
7541	generic_day	3	45000	f	2011-07-07	2029	\N	7275	\N
7584	generic_day	3	14400	f	2011-07-04	2029	\N	7276	\N
7561	generic_day	3	7200	f	2011-07-08	2029	\N	7276	\N
7579	generic_day	3	7200	f	2011-07-15	2029	\N	7276	\N
7565	generic_day	3	16200	f	2011-07-13	2029	\N	7276	\N
7563	generic_day	3	0	f	2011-07-09	2029	\N	7276	\N
7585	generic_day	3	16200	f	2011-07-12	2029	\N	7276	\N
7582	generic_day	3	16200	f	2011-07-28	2029	\N	7276	\N
7580	generic_day	3	16200	f	2011-07-05	2029	\N	7276	\N
7571	generic_day	3	16200	f	2011-07-25	2029	\N	7276	\N
7560	generic_day	3	16200	f	2011-07-20	2029	\N	7276	\N
7578	generic_day	3	16200	f	2011-07-11	2029	\N	7276	\N
7568	generic_day	3	16200	f	2011-07-21	2029	\N	7276	\N
7567	generic_day	3	7200	f	2011-07-22	2029	\N	7276	\N
7562	generic_day	3	0	f	2011-07-16	2029	\N	7276	\N
7574	generic_day	3	16200	f	2011-07-14	2029	\N	7276	\N
7570	generic_day	3	16200	f	2011-07-18	2029	\N	7276	\N
7575	generic_day	3	16200	f	2011-07-07	2029	\N	7276	\N
7573	generic_day	3	0	f	2011-07-17	2029	\N	7276	\N
7572	generic_day	3	16200	f	2011-07-26	2029	\N	7276	\N
7569	generic_day	3	16200	f	2011-07-06	2029	\N	7276	\N
7564	generic_day	3	16200	f	2011-07-19	2029	\N	7276	\N
7576	generic_day	3	16200	f	2011-07-27	2029	\N	7276	\N
7566	generic_day	3	0	f	2011-07-10	2029	\N	7276	\N
7581	generic_day	3	7200	f	2011-07-29	2029	\N	7276	\N
7577	generic_day	3	0	f	2011-07-24	2029	\N	7276	\N
23585	generic_day	2	22886	f	2011-05-31	2041	\N	5768	\N
23586	generic_day	2	22886	f	2011-05-18	2033	\N	5768	\N
23587	generic_day	2	10885	f	2011-05-20	2023	\N	5768	\N
23588	generic_day	2	2485	f	2011-05-09	2023	\N	5768	\N
23589	generic_day	2	6086	f	2011-05-21	2033	\N	5768	\N
23590	generic_day	2	4885	f	2011-05-31	2023	\N	5768	\N
23591	generic_day	2	4885	f	2011-05-11	2023	\N	5768	\N
23592	generic_day	2	4885	f	2011-05-12	2023	\N	5768	\N
23593	generic_day	2	20486	f	2011-05-09	2033	\N	5768	\N
23594	generic_day	2	6086	f	2011-05-15	2033	\N	5768	\N
23595	generic_day	2	22886	f	2011-05-24	2041	\N	5768	\N
23596	generic_day	2	4885	f	2011-05-18	2023	\N	5768	\N
23597	generic_day	2	4885	f	2011-05-25	2023	\N	5768	\N
23598	generic_day	2	6086	f	2011-05-15	2041	\N	5768	\N
23599	generic_day	2	10885	f	2011-06-03	2023	\N	5768	\N
23600	generic_day	2	6085	f	2011-05-14	2023	\N	5768	\N
23601	generic_day	2	4885	f	2011-05-16	2023	\N	5768	\N
23602	generic_day	2	22886	f	2011-06-06	2033	\N	5768	\N
23603	generic_day	2	6085	f	2011-05-21	2023	\N	5768	\N
23604	generic_day	2	6085	f	2011-05-22	2023	\N	5768	\N
23605	generic_day	2	6085	f	2011-06-04	2023	\N	5768	\N
23606	generic_day	2	22886	f	2011-05-30	2041	\N	5768	\N
23607	generic_day	2	22886	f	2011-06-01	2033	\N	5768	\N
23608	generic_day	2	4885	f	2011-05-24	2023	\N	5768	\N
23609	generic_day	2	6086	f	2011-05-29	2041	\N	5768	\N
23610	generic_day	2	4885	f	2011-06-02	2023	\N	5768	\N
23611	generic_day	2	22886	f	2011-05-19	2041	\N	5768	\N
23612	generic_day	2	22886	f	2011-05-16	2041	\N	5768	\N
23613	generic_day	2	6086	f	2011-06-05	2041	\N	5768	\N
23614	generic_day	2	22887	f	2011-05-12	2041	\N	5768	\N
23615	generic_day	2	22886	f	2011-05-26	2033	\N	5768	\N
23616	generic_day	2	10885	f	2011-05-13	2023	\N	5768	\N
23617	generic_day	2	22886	f	2011-05-25	2033	\N	5768	\N
23618	generic_day	2	10886	f	2011-05-27	2033	\N	5768	\N
23619	generic_day	2	4885	f	2011-06-01	2023	\N	5768	\N
23620	generic_day	2	10886	f	2011-05-13	2033	\N	5768	\N
23621	generic_day	2	22886	f	2011-05-25	2041	\N	5768	\N
23622	generic_day	2	10886	f	2011-05-27	2041	\N	5768	\N
23623	generic_day	2	6086	f	2011-05-28	2033	\N	5768	\N
23624	generic_day	2	6086	f	2011-05-28	2041	\N	5768	\N
23625	generic_day	2	22886	f	2011-05-30	2033	\N	5768	\N
23626	generic_day	2	6086	f	2011-06-05	2033	\N	5768	\N
23627	generic_day	2	22886	f	2011-05-23	2033	\N	5768	\N
23628	generic_day	2	6086	f	2011-05-14	2041	\N	5768	\N
23629	generic_day	2	22886	f	2011-06-02	2033	\N	5768	\N
23630	generic_day	2	20487	f	2011-05-09	2041	\N	5768	\N
23631	generic_day	2	6086	f	2011-06-04	2033	\N	5768	\N
23632	generic_day	2	4885	f	2011-05-23	2023	\N	5768	\N
23633	generic_day	2	4885	f	2011-05-19	2023	\N	5768	\N
23634	generic_day	2	22886	f	2011-05-10	2033	\N	5768	\N
23635	generic_day	2	4885	f	2011-05-26	2023	\N	5768	\N
23647	generic_day	2	10886	f	2011-05-20	2033	\N	5768	\N
23648	generic_day	2	22886	f	2011-06-06	2041	\N	5768	\N
23649	generic_day	2	22886	f	2011-05-23	2041	\N	5768	\N
23650	generic_day	2	10886	f	2011-05-13	2041	\N	5768	\N
23651	generic_day	2	10886	f	2011-06-03	2033	\N	5768	\N
23652	generic_day	2	6086	f	2011-05-29	2033	\N	5768	\N
23653	generic_day	2	4885	f	2011-05-10	2023	\N	5768	\N
23654	generic_day	2	6086	f	2011-06-04	2041	\N	5768	\N
23655	generic_day	2	6085	f	2011-05-15	2023	\N	5768	\N
23656	generic_day	2	22886	f	2011-05-11	2033	\N	5768	\N
23657	generic_day	2	22886	f	2011-05-16	2033	\N	5768	\N
23658	generic_day	1	3435	f	2011-05-15	2041	\N	5769	\N
23659	generic_day	1	8234	f	2011-06-03	2041	\N	5769	\N
23660	generic_day	1	14235	f	2011-05-30	2023	\N	5769	\N
23661	generic_day	1	14234	f	2011-05-24	2041	\N	5769	\N
23662	generic_day	1	3435	f	2011-06-05	2023	\N	5769	\N
23663	generic_day	1	2234	f	2011-06-07	2023	\N	5769	\N
13197	generic_day	2	19440	f	2011-09-12	2047	\N	7324	\N
13198	generic_day	2	19440	f	2011-08-11	2047	\N	7324	\N
13199	generic_day	2	19440	f	2011-09-19	2047	\N	7324	\N
13200	generic_day	2	0	f	2011-09-18	2047	\N	7324	\N
13201	generic_day	2	19440	f	2011-09-13	2047	\N	7324	\N
13202	generic_day	2	0	f	2011-08-13	2047	\N	7324	\N
13203	generic_day	2	8640	f	2011-08-05	2047	\N	7324	\N
13204	generic_day	2	0	f	2011-08-27	2047	\N	7324	\N
13205	generic_day	2	0	f	2011-08-07	2047	\N	7324	\N
13206	generic_day	2	0	f	2011-09-11	2047	\N	7324	\N
13207	generic_day	2	19440	f	2011-08-15	2047	\N	7324	\N
13208	generic_day	2	0	f	2011-08-06	2047	\N	7324	\N
13209	generic_day	2	8640	f	2011-09-09	2047	\N	7324	\N
13210	generic_day	2	19440	f	2011-08-09	2047	\N	7324	\N
13211	generic_day	2	0	f	2011-07-24	2047	\N	7324	\N
13212	generic_day	2	0	f	2011-09-03	2047	\N	7324	\N
13213	generic_day	2	0	f	2011-09-04	2047	\N	7324	\N
13214	generic_day	2	19440	f	2011-09-07	2047	\N	7324	\N
13215	generic_day	2	8640	f	2011-08-19	2047	\N	7324	\N
13216	generic_day	2	19440	f	2011-09-05	2047	\N	7324	\N
13217	generic_day	2	19440	f	2011-08-31	2047	\N	7324	\N
13218	generic_day	2	19440	f	2011-09-15	2047	\N	7324	\N
13219	generic_day	2	19440	f	2011-07-21	2047	\N	7324	\N
13220	generic_day	2	19440	f	2011-08-29	2047	\N	7324	\N
13221	generic_day	2	19440	f	2011-07-19	2047	\N	7324	\N
13222	generic_day	2	0	f	2011-09-17	2047	\N	7324	\N
13223	generic_day	2	0	f	2011-08-28	2047	\N	7324	\N
13224	generic_day	2	9360	f	2011-09-22	2047	\N	7324	\N
13225	generic_day	2	19440	f	2011-08-04	2047	\N	7324	\N
13226	generic_day	2	19440	f	2011-08-30	2047	\N	7324	\N
13227	generic_day	2	19440	f	2011-07-25	2047	\N	7324	\N
13228	generic_day	2	19440	f	2011-08-17	2047	\N	7324	\N
13229	generic_day	2	19440	f	2011-08-10	2047	\N	7324	\N
13230	generic_day	2	19440	f	2011-09-06	2047	\N	7324	\N
13231	generic_day	2	0	f	2011-08-21	2047	\N	7324	\N
13232	generic_day	2	0	f	2011-08-20	2047	\N	7324	\N
13233	generic_day	2	19440	f	2011-07-20	2047	\N	7324	\N
13234	generic_day	2	19440	f	2011-08-02	2047	\N	7324	\N
13235	generic_day	2	19440	f	2011-09-14	2047	\N	7324	\N
13236	generic_day	2	19440	f	2011-08-22	2047	\N	7324	\N
23710	generic_day	1	20234	f	2011-06-07	2033	\N	5769	\N
23711	generic_day	1	14235	f	2011-05-12	2023	\N	5769	\N
23712	generic_day	1	8235	f	2011-05-13	2041	\N	5769	\N
23713	generic_day	1	3434	f	2011-05-29	2033	\N	5769	\N
23714	generic_day	1	14235	f	2011-05-11	2023	\N	5769	\N
23715	generic_day	1	20235	f	2011-06-07	2041	\N	5769	\N
23716	generic_day	1	3434	f	2011-05-28	2033	\N	5769	\N
23717	generic_day	1	8234	f	2011-06-03	2033	\N	5769	\N
23718	generic_day	1	3435	f	2011-05-14	2041	\N	5769	\N
23719	generic_day	1	3435	f	2011-05-29	2023	\N	5769	\N
23720	generic_day	1	14234	f	2011-05-25	2033	\N	5769	\N
23721	generic_day	1	14235	f	2011-05-26	2023	\N	5769	\N
23722	generic_day	1	3435	f	2011-05-28	2023	\N	5769	\N
23723	generic_day	1	14234	f	2011-05-23	2033	\N	5769	\N
23724	generic_day	1	14234	f	2011-05-26	2041	\N	5769	\N
23725	generic_day	1	3434	f	2011-05-29	2041	\N	5769	\N
23726	generic_day	1	8235	f	2011-06-03	2023	\N	5769	\N
23727	generic_day	1	8234	f	2011-05-20	2033	\N	5769	\N
23728	generic_day	1	11835	f	2011-05-09	2023	\N	5769	\N
23729	generic_day	1	14235	f	2011-05-18	2023	\N	5769	\N
23730	generic_day	1	3435	f	2011-05-21	2041	\N	5769	\N
23731	generic_day	1	14235	f	2011-05-18	2041	\N	5769	\N
23732	generic_day	1	14235	f	2011-05-19	2023	\N	5769	\N
23733	generic_day	1	14235	f	2011-05-11	2033	\N	5769	\N
23734	generic_day	1	14234	f	2011-05-30	2041	\N	5769	\N
23735	generic_day	1	3435	f	2011-05-15	2023	\N	5769	\N
23736	generic_day	1	8234	f	2011-05-27	2041	\N	5769	\N
23737	generic_day	1	14234	f	2011-06-01	2041	\N	5769	\N
23738	generic_day	1	14234	f	2011-06-06	2033	\N	5769	\N
23739	generic_day	1	14234	f	2011-05-23	2041	\N	5769	\N
23740	generic_day	1	14234	f	2011-05-18	2033	\N	5769	\N
23741	generic_day	1	3434	f	2011-06-04	2041	\N	5769	\N
23742	generic_day	1	14235	f	2011-05-31	2023	\N	5769	\N
23743	generic_day	1	14235	f	2011-05-10	2033	\N	5769	\N
23744	generic_day	1	14235	f	2011-05-16	2041	\N	5769	\N
23664	generic_day	1	14235	f	2011-06-06	2023	\N	5769	\N
23665	generic_day	1	3434	f	2011-06-05	2033	\N	5769	\N
23666	generic_day	1	3435	f	2011-05-14	2023	\N	5769	\N
23667	generic_day	1	8235	f	2011-05-20	2041	\N	5769	\N
23668	generic_day	1	14234	f	2011-05-12	2041	\N	5769	\N
23669	generic_day	1	14234	f	2011-05-16	2033	\N	5769	\N
23670	generic_day	1	14234	f	2011-06-02	2041	\N	5769	\N
23671	generic_day	1	8235	f	2011-05-27	2023	\N	5769	\N
23672	generic_day	1	11835	f	2011-05-09	2033	\N	5769	\N
23673	generic_day	1	14235	f	2011-05-16	2023	\N	5769	\N
23674	generic_day	1	3435	f	2011-06-04	2023	\N	5769	\N
23675	generic_day	1	8234	f	2011-05-27	2033	\N	5769	\N
23676	generic_day	1	14235	f	2011-05-25	2023	\N	5769	\N
23677	generic_day	1	3435	f	2011-05-22	2041	\N	5769	\N
23678	generic_day	1	14235	f	2011-05-19	2041	\N	5769	\N
23679	generic_day	1	14235	f	2011-05-12	2033	\N	5769	\N
23680	generic_day	1	3434	f	2011-05-14	2033	\N	5769	\N
23681	generic_day	1	3435	f	2011-05-22	2023	\N	5769	\N
23682	generic_day	1	14235	f	2011-06-01	2023	\N	5769	\N
23683	generic_day	1	8234	f	2011-05-13	2033	\N	5769	\N
23684	generic_day	1	14234	f	2011-06-01	2033	\N	5769	\N
23685	generic_day	1	8235	f	2011-05-13	2023	\N	5769	\N
23686	generic_day	1	8235	f	2011-05-20	2023	\N	5769	\N
23687	generic_day	1	3434	f	2011-05-15	2033	\N	5769	\N
23688	generic_day	1	3434	f	2011-05-28	2041	\N	5769	\N
23689	generic_day	1	14235	f	2011-06-02	2023	\N	5769	\N
23690	generic_day	1	14234	f	2011-05-31	2033	\N	5769	\N
23691	generic_day	1	3435	f	2011-05-21	2023	\N	5769	\N
23692	generic_day	1	3434	f	2011-05-22	2033	\N	5769	\N
23693	generic_day	1	14234	f	2011-05-19	2033	\N	5769	\N
23694	generic_day	1	3434	f	2011-06-05	2041	\N	5769	\N
23695	generic_day	1	14234	f	2011-05-10	2041	\N	5769	\N
23696	generic_day	1	14234	f	2011-05-25	2041	\N	5769	\N
23697	generic_day	1	14234	f	2011-05-31	2041	\N	5769	\N
23698	generic_day	1	3434	f	2011-06-04	2033	\N	5769	\N
23699	generic_day	1	14234	f	2011-05-26	2033	\N	5769	\N
23700	generic_day	1	14234	f	2011-06-02	2033	\N	5769	\N
23701	generic_day	1	14235	f	2011-05-24	2023	\N	5769	\N
23702	generic_day	1	14235	f	2011-05-10	2023	\N	5769	\N
23703	generic_day	1	11834	f	2011-05-09	2041	\N	5769	\N
23704	generic_day	1	14234	f	2011-05-24	2033	\N	5769	\N
23705	generic_day	1	3434	f	2011-05-21	2033	\N	5769	\N
23706	generic_day	1	14235	f	2011-05-23	2023	\N	5769	\N
23707	generic_day	1	14234	f	2011-05-30	2033	\N	5769	\N
23708	generic_day	1	14234	f	2011-05-11	2041	\N	5769	\N
23709	generic_day	1	14234	f	2011-06-06	2041	\N	5769	\N
23541	generic_day	3	32400	f	2011-05-03	2021	\N	5767	\N
23542	generic_day	3	0	f	2011-04-30	2021	\N	5767	\N
23543	generic_day	3	0	f	2011-04-21	2039	\N	5767	\N
23544	generic_day	3	32400	f	2011-04-20	2021	\N	5767	\N
23545	generic_day	3	32400	f	2011-04-21	2021	\N	5767	\N
23546	generic_day	3	0	f	2011-05-03	2039	\N	5767	\N
23547	generic_day	3	0	f	2011-05-01	2021	\N	5767	\N
23548	generic_day	3	0	f	2011-04-23	2021	\N	5767	\N
23549	generic_day	3	0	f	2011-04-26	2039	\N	5767	\N
23550	generic_day	3	0	f	2011-05-07	2039	\N	5767	\N
23551	generic_day	3	0	f	2011-05-07	2021	\N	5767	\N
23745	generic_day	0	16200	f	2011-10-27	2033	\N	5770	\N
23746	generic_day	0	16200	f	2011-10-20	2033	\N	5770	\N
23747	generic_day	0	16200	f	2011-10-19	2033	\N	5770	\N
23748	generic_day	0	16200	f	2011-10-12	2033	\N	5770	\N
23749	generic_day	0	16200	f	2011-12-05	2033	\N	5770	\N
23750	generic_day	0	16200	f	2011-11-07	2033	\N	5770	\N
23751	generic_day	0	16200	f	2011-12-13	2033	\N	5770	\N
23752	generic_day	0	16200	f	2011-11-21	2033	\N	5770	\N
23753	generic_day	0	0	f	2011-11-13	2033	\N	5770	\N
23754	generic_day	0	7200	f	2011-11-25	2033	\N	5770	\N
23755	generic_day	0	16200	f	2011-12-15	2033	\N	5770	\N
23756	generic_day	0	16200	f	2011-11-24	2033	\N	5770	\N
23757	generic_day	0	0	f	2011-10-22	2033	\N	5770	\N
23758	generic_day	0	16200	f	2011-11-28	2033	\N	5770	\N
23759	generic_day	0	16200	f	2011-11-23	2033	\N	5770	\N
23760	generic_day	0	16200	f	2011-11-16	2033	\N	5770	\N
23761	generic_day	0	7200	f	2011-10-28	2033	\N	5770	\N
23762	generic_day	0	16200	f	2011-12-08	2033	\N	5770	\N
23763	generic_day	0	16200	f	2011-11-01	2033	\N	5770	\N
23764	generic_day	0	16200	f	2011-12-06	2033	\N	5770	\N
23765	generic_day	0	16200	f	2011-10-11	2033	\N	5770	\N
23766	generic_day	0	7200	f	2011-11-18	2033	\N	5770	\N
23767	generic_day	0	16200	f	2011-12-12	2033	\N	5770	\N
23768	generic_day	0	0	f	2011-10-15	2033	\N	5770	\N
23769	generic_day	0	7200	f	2011-11-11	2033	\N	5770	\N
23770	generic_day	0	0	f	2011-11-05	2033	\N	5770	\N
23771	generic_day	0	16200	f	2011-11-03	2033	\N	5770	\N
23772	generic_day	0	16200	f	2011-11-09	2033	\N	5770	\N
23773	generic_day	0	7200	f	2011-12-02	2033	\N	5770	\N
23774	generic_day	0	7200	f	2011-10-21	2033	\N	5770	\N
23775	generic_day	0	16200	f	2011-10-26	2033	\N	5770	\N
23776	generic_day	0	16200	f	2011-10-13	2033	\N	5770	\N
23777	generic_day	0	7200	f	2011-11-04	2033	\N	5770	\N
23778	generic_day	0	16200	f	2011-11-02	2033	\N	5770	\N
23779	generic_day	0	16200	f	2011-11-30	2033	\N	5770	\N
23780	generic_day	0	7200	f	2011-12-16	2033	\N	5770	\N
23781	generic_day	0	16200	f	2011-11-22	2033	\N	5770	\N
23782	generic_day	0	16200	f	2011-11-14	2033	\N	5770	\N
23783	generic_day	0	0	f	2011-11-06	2033	\N	5770	\N
23784	generic_day	0	16200	f	2011-11-08	2033	\N	5770	\N
23785	generic_day	0	0	f	2011-10-16	2033	\N	5770	\N
23786	generic_day	0	16200	f	2011-12-01	2033	\N	5770	\N
23787	generic_day	0	16200	f	2011-11-17	2033	\N	5770	\N
23788	generic_day	0	0	f	2011-12-03	2033	\N	5770	\N
23789	generic_day	0	0	f	2011-11-27	2033	\N	5770	\N
23790	generic_day	0	16200	f	2011-12-14	2033	\N	5770	\N
23791	generic_day	0	16200	f	2011-11-15	2033	\N	5770	\N
23792	generic_day	0	0	f	2011-11-20	2033	\N	5770	\N
23793	generic_day	0	16200	f	2011-10-24	2033	\N	5770	\N
23794	generic_day	0	16200	f	2011-10-18	2033	\N	5770	\N
23795	generic_day	0	7200	f	2011-10-14	2033	\N	5770	\N
23796	generic_day	0	0	f	2011-11-26	2033	\N	5770	\N
23797	generic_day	0	16200	f	2011-10-10	2033	\N	5770	\N
23798	generic_day	0	0	f	2011-11-19	2033	\N	5770	\N
23799	generic_day	0	0	f	2011-11-12	2033	\N	5770	\N
23800	generic_day	0	0	f	2011-10-30	2033	\N	5770	\N
23801	generic_day	0	0	f	2011-10-29	2033	\N	5770	\N
23802	generic_day	0	16200	f	2011-10-31	2033	\N	5770	\N
23803	generic_day	0	16200	f	2011-11-10	2033	\N	5770	\N
23804	generic_day	0	16200	f	2011-10-25	2033	\N	5770	\N
23805	generic_day	0	0	f	2011-12-04	2033	\N	5770	\N
23806	generic_day	0	16200	f	2011-12-07	2033	\N	5770	\N
23807	generic_day	0	16200	f	2011-10-17	2033	\N	5770	\N
23808	generic_day	0	16200	f	2011-11-29	2033	\N	5770	\N
23809	generic_day	0	7200	f	2011-12-09	2033	\N	5770	\N
23810	generic_day	0	0	f	2011-12-10	2033	\N	5770	\N
23811	generic_day	0	0	f	2011-12-11	2033	\N	5770	\N
23812	generic_day	0	0	f	2011-10-23	2033	\N	5770	\N
\.


--
-- Data for Name: dependency; Type: TABLE DATA; Schema: public; Owner: naval
--

COPY dependency (id, version, origin, destination, queue_dependency, type) FROM stdin;
1179710	8	3498	3502	\N	0
2621443	6	3488	3489	\N	0
1179705	7	3496	3499	\N	0
1179708	7	3492	3498	\N	0
1179709	7	3492	3497	\N	1
1179706	7	3491	3494	\N	0
1179707	7	3494	3495	\N	0
1179687	6	3472	3476	\N	0
1179691	6	3471	3469	\N	0
1179692	6	3470	3471	\N	0
1179690	7	3487	3475	\N	0
1179688	6	3474	3473	\N	1
1179689	6	3474	3475	\N	0
2621447	4	3518	3519	\N	0
1179746	7	3524	3528	\N	0
1179747	7	3521	3523	\N	0
1179748	7	3522	3521	\N	0
1179749	7	3525	3526	\N	1
1179750	7	3525	3527	\N	0
1179751	6	3527	3531	\N	0
1179722	9	3509	3513	\N	0
1179723	9	3510	3511	\N	1
1179724	9	3510	3512	\N	0
1179727	9	3512	3517	\N	0
1179725	9	3506	3508	\N	0
1179726	9	3507	3506	\N	0
1179666	10	3437	3439	\N	0
1179667	10	3438	3437	\N	0
1179665	10	3440	3444	\N	0
1179669	10	3441	3443	\N	0
1179668	10	3441	3442	\N	1
1179670	11	3465	3443	\N	0
\.


--
-- Data for Name: derived_allocation; Type: TABLE DATA; Schema: public; Owner: naval
--

COPY derived_allocation (id, version, resource_allocation_id, configurationunit) FROM stdin;
\.


--
-- Data for Name: derived_day_assignments_container; Type: TABLE DATA; Schema: public; Owner: naval
--

COPY derived_day_assignments_container (id, version, derived_allocation_id, scenario) FROM stdin;
\.


--
-- Data for Name: description_values; Type: TABLE DATA; Schema: public; Owner: naval
--

COPY description_values (description_value_id, fieldname, value) FROM stdin;
\.


--
-- Data for Name: description_values_in_line; Type: TABLE DATA; Schema: public; Owner: naval
--

COPY description_values_in_line (description_value_id, field_name, value) FROM stdin;
24442	Incidencias	Orden xefe
24443	Incidencias	
24444	Incidencias	
24445	Incidencias	
24446	Incidencias	
24447	Incidencias	
24450	Incidencias	
24451	Incidencias	
24452	Incidencias	
24453	Incidencias	
24454	Incidencias	
\.


--
-- Data for Name: direct_advance_assignment; Type: TABLE DATA; Schema: public; Owner: naval
--

COPY direct_advance_assignment (advance_assignment_id, direct_order_element_id, max_value) FROM stdin;
3369	4145	5.00
3377	4160	10.00
3378	4161	15.00
3370	4146	100.00
3381	4163	100.00
3382	4164	100.00
3365	4143	100.00
3366	4144	100.00
15309	3000	100.00
3353	3004	15.00
3354	3005	100.00
16882	3005	5.00
3355	3006	10.00
3358	3008	100.00
3359	3009	100.00
3360	3010	100.00
5193	5363	10.00
5194	5364	5.00
5195	5365	15.00
5198	5367	100.00
5199	5368	100.00
5200	5369	100.00
5189	5360	100.00
5190	5361	100.00
4871	4197	100.00
4872	4198	100.00
4875	4200	10.00
4876	4201	5.00
4877	4202	100.00
4880	4204	100.00
4881	4205	100.00
4882	4206	100.00
18492	2963	100.00
3333	2964	100.00
3334	2965	100.00
3337	2967	10.00
3338	2968	5.00
3339	2969	15.00
3342	2971	100.00
3343	2972	100.00
3344	2973	100.00
\.


--
-- Data for Name: entity_sequence; Type: TABLE DATA; Schema: public; Owner: naval
--

COPY entity_sequence (id, version, entity_name, prefix, last_value, number_of_digits, active) FROM stdin;
101	26	0	ORDER	6	5	t
113	10	12	COST_CATEGORY	2	5	t
116	7	15	RESOURCE_COST_CATEGORY_ASSIGNMENT	2	5	t
110	13	9	WORK_REPORT	2	5	t
109	16	8	MATERIAL_CATEGORY	4	5	t
111	11	10	WORKREPORTTYPE	1	5	t
106	23	5	UNIT_TYPE	8	5	t
103	23	2	LABEL	5	5	t
108	15	7	WORK_HOURS_TYPE	2	5	t
107	20	6	CALENDAR	7	5	t
112	15	11	CALENDAR_EXCEPTION_TYPE	6	5	t
102	33	1	CRITERION	14	5	t
105	36	4	WORKER	20	5	t
104	28	3	MACHINE	11	5	t
114	28	13	RESOURCE_CALENDAR	21	5	t
115	46	14	CRITERION_SATISFACTION	40	5	t
\.


--
-- Data for Name: external_company; Type: TABLE DATA; Schema: public; Owner: naval
--

COPY external_company (id, version, name, nif, client, subcontractor, interacts_with_applications, app_uri, our_company_login, our_company_password, company_user) FROM stdin;
\.


--
-- Data for Name: generic_day_assignments_container; Type: TABLE DATA; Schema: public; Owner: naval
--

COPY generic_day_assignments_container (id, version, resource_allocation_id, scenario, start_date, duration_start_in_first_day, end_date, duration_in_last_day) FROM stdin;
5770	40	5670	909	2011-10-10	0	2011-12-17	0
5768	40	5668	909	2011-05-09	7200	2011-06-07	0
5769	40	5669	909	2011-05-09	7200	2011-06-08	0
5765	40	5664	909	2011-03-15	42552	2011-04-20	0
5766	40	5665	909	2011-02-01	0	2011-03-15	42552
5767	40	5666	909	2011-04-20	0	2011-05-09	7200
7288	4	7200	909	2011-06-23	18000	2011-07-25	0
7289	4	7201	909	2011-06-23	18000	2011-07-21	0
7290	4	7202	909	2011-07-25	3600	2011-10-03	1800
7281	5	7193	909	2011-02-01	0	2011-05-02	10800
7282	5	7194	909	2011-05-02	10800	2011-06-07	10800
7283	5	7195	909	2011-06-07	10800	2011-06-23	18000
7319	2	7238	909	2011-04-26	10800	2011-06-01	10800
7320	2	7239	909	2011-02-01	0	2011-04-26	10800
7321	2	7240	909	2011-06-01	10800	2011-06-20	3600
7322	2	7241	909	2011-06-20	3600	2011-07-19	0
7323	2	7242	909	2011-06-20	3600	2011-07-16	0
7324	2	7243	909	2011-07-19	0	2011-09-22	9360
7301	1	7213	909	2011-06-23	18000	2011-07-22	0
7302	1	7214	909	2011-06-23	18000	2011-07-21	0
7303	1	7215	909	2011-07-22	0	2011-08-26	0
7294	2	7206	909	2011-05-02	10800	2011-06-07	10800
7295	2	7207	909	2011-02-01	0	2011-05-02	10800
7296	2	7208	909	2011-06-07	10800	2011-06-23	18000
7277	3	7176	909	2011-06-15	10800	2011-07-04	3600
7278	3	7177	909	2011-02-01	0	2011-05-02	10800
7279	3	7178	909	2011-05-02	10800	2011-06-15	10800
7275	3	7174	909	2011-07-04	3600	2011-07-30	0
7276	3	7175	909	2011-07-04	3600	2011-07-30	0
\.


--
-- Data for Name: generic_resource_allocation; Type: TABLE DATA; Schema: public; Owner: naval
--

COPY generic_resource_allocation (resource_allocation_id, resource_type) FROM stdin;
7176	0
7177	0
7178	0
7174	0
7175	0
7238	0
7239	0
7240	0
7241	0
7242	0
7243	0
7213	0
7214	0
7215	0
7206	0
7207	0
7208	0
7200	0
7201	0
7202	0
7193	0
7194	0
7195	0
5670	0
5668	0
5669	0
5664	0
5665	0
5666	0
\.


--
-- Data for Name: heading_field; Type: TABLE DATA; Schema: public; Owner: naval
--

COPY heading_field (heading_id, fieldname, length, positionnumber) FROM stdin;
\.


--
-- Data for Name: hibernate_unique_key; Type: TABLE DATA; Schema: public; Owner: naval
--

COPY hibernate_unique_key (next_hi) FROM stdin;
271
\.


--
-- Data for Name: hour_cost; Type: TABLE DATA; Schema: public; Owner: naval
--

COPY hour_cost (id, version, code, price_cost, init_date, end_date, type_of_work_hours_id, cost_category_id) FROM stdin;
24746	3	COST_CATEGORY00001-00002	15.00	2011-02-01	2011-12-31	24240	24644
24748	2	COST_CATEGORY00001-00004	18.00	2012-01-01	\N	24241	24644
24747	2	COST_CATEGORY00001-00003	17.00	2011-02-15	2011-12-31	24241	24644
24745	3	COST_CATEGORY00001-00001	16.00	2012-01-01	\N	24240	24644
24756	2	COST_CATEGORY00002-00004	18.00	2012-01-01	\N	24240	24646
24753	2	COST_CATEGORY00002-00001	17.00	2011-02-15	2011-12-31	24240	24646
24755	2	COST_CATEGORY00002-00003	20.00	2012-01-01	\N	24241	24646
24754	2	COST_CATEGORY00002-00002	19.00	2011-02-15	2011-12-31	24241	24646
\.


--
-- Data for Name: hours_group; Type: TABLE DATA; Schema: public; Owner: naval
--

COPY hours_group (id, version, code, resource_type, working_hours, percentage, fixed_percentage, parent_order_line, order_line_template) FROM stdin;
3784	1	677d055f-326d-4eff-8eea-f01a4e86ba3d	WORKER	0	0.00	f	\N	4464
3785	1	cfbe95a6-ef47-45b7-beb1-67d420d4d4a9	WORKER	0	0.00	f	\N	4465
3786	1	4982d075-6ce3-480c-b9c7-dda9df2a3cae	WORKER	0	0.00	f	\N	4466
3787	1	a793e50c-e469-432f-a4ec-acadd68d38c1	WORKER	0	0.00	f	\N	4467
3769	12	ORDER00003-00005-00001	WORKER	100	1.00	f	4144	\N
3750	11	ORDER00002-00006-00001	WORKER	100	1.00	f	3004	\N
3827	13	ORDER00004-00011-00001	WORKER	200	1.00	f	4206	\N
5264	11	ORDER00006-00006-00001	WORKER	200	1.00	f	5363	\N
5265	11	ORDER00006-00007-00001	WORKER	350	1.00	f	5364	\N
5266	11	ORDER00006-00008-00001	WORKER	100	1.00	f	5365	\N
5267	11	ORDER00006-00009-00001	WORKER	300	1.00	f	5367	\N
5268	11	ORDER00006-00010-00001	WORKER	250	1.00	f	5368	\N
5269	11	ORDER00006-00011-00001	WORKER	200	1.00	f	5369	\N
5262	11	ORDER00006-00004-00001	WORKER	100	1.00	f	5360	\N
5263	11	ORDER00006-00005-00001	WORKER	100	1.00	f	5361	\N
3820	13	ORDER00004-00004-00001	WORKER	100	1.00	f	4197	\N
3821	13	ORDER00004-00005-00001	WORKER	100	1.00	f	4198	\N
3822	13	ORDER00004-00006-00001	WORKER	200	1.00	f	4200	\N
3823	13	ORDER00004-00007-00001	WORKER	350	1.00	f	4201	\N
3824	13	ORDER00004-00008-00001	WORKER	100	1.00	f	4202	\N
3825	13	ORDER00004-00009-00001	WORKER	300	1.00	f	4204	\N
3826	13	ORDER00004-00010-00001	WORKER	250	1.00	f	4205	\N
3751	11	ORDER00002-00007-00001	WORKER	350	1.00	f	3005	\N
3752	11	ORDER00002-00008-00001	WORKER	200	1.00	f	3006	\N
3753	11	ORDER00002-00009-00001	WORKER	250	1.00	f	3008	\N
3754	11	ORDER00002-00010-00001	WORKER	300	1.00	f	3009	\N
3755	11	ORDER00002-00011-00001	WORKER	200	1.00	f	3010	\N
3748	11	ORDER00002-00004-00001	WORKER	100	1.00	f	3001	\N
3749	11	ORDER00002-00005-00001	WORKER	100	1.00	f	3002	\N
3770	12	ORDER00003-00002-00001	WORKER	350	1.00	f	4145	\N
3796	11	ORDER00003-00008-00001	WORKER	200	1.00	f	4160	\N
3797	11	ORDER00003-00009-00001	WORKER	100	1.00	f	4161	\N
3771	12	ORDER00003-00003-00001	WORKER	300	1.00	f	4146	\N
3798	11	ORDER00003-00010-00001	WORKER	250	1.00	f	4163	\N
3799	11	ORDER00003-00011-00001	WORKER	200	1.00	f	4164	\N
3768	12	ORDER00003-00004-00001	WORKER	100	1.00	f	4143	\N
2815	14	ORDER00001-00004-00001	WORKER	100	1.00	f	2964	\N
2816	14	ORDER00001-00005-00001	WORKER	100	1.00	f	2965	\N
2817	14	ORDER00001-00006-00001	WORKER	200	1.00	f	2967	\N
2818	14	ORDER00001-00007-00001	WORKER	200	1.00	f	2968	\N
2819	14	ORDER00001-00008-00001	WORKER	100	1.00	f	2969	\N
2820	14	ORDER00001-00009-00001	WORKER	300	1.00	f	2971	\N
2821	14	ORDER00001-00010-00001	WORKER	250	1.00	f	2972	\N
2822	14	ORDER00001-00011-00001	WORKER	200	1.00	f	2973	\N
\.


--
-- Data for Name: indirect_advance_assignment; Type: TABLE DATA; Schema: public; Owner: naval
--

COPY indirect_advance_assignment (advance_assignment_id, indirect_order_element_id) FROM stdin;
14505	4199
14506	4195
4874	4196
4873	4196
4879	4199
4878	4199
4885	4195
4886	4195
4883	4203
3357	3003
16883	3003
3356	3003
3361	3007
3362	3007
16884	2999
4884	4203
3364	2999
3363	2999
3379	4159
15308	4159
4848	4159
3380	4159
13915	5362
13916	5358
5196	5362
5202	5366
5201	5366
5203	5358
5204	5358
5192	5359
5191	5359
3383	4162
4849	4162
3384	4162
4850	4162
15307	4141
3371	4141
3372	4141
3367	4142
3368	4142
3335	2963
3336	2963
18493	2966
3340	2966
3345	2970
3346	2970
3348	2962
3347	2962
18494	2962
\.


--
-- Data for Name: label; Type: TABLE DATA; Schema: public; Owner: naval
--

COPY label (id, version, code, name, label_type_id) FROM stdin;
1919	1	LABEL00001-00001	CC A Coruña	1818
1920	1	LABEL00001-00002	CC Marín	1818
1921	1	LABEL00001-00003	CC Vigo	1818
1922	1	LABEL00001-00004	CC Ferrol	1818
1923	1	LABEL00002-00001	Moi urxente	1819
1924	1	LABEL00002-00002	Urxente	1819
1925	1	LABEL00002-00003	Media 	1819
1926	1	LABEL00002-00004	Baixa	1819
1927	1	LABEL00003-00001	Portugal	1820
1928	1	LABEL00003-00002	Brasil	1820
1929	1	LABEL00003-00003	Reino Unido	1820
1930	1	LABEL00003-00004	USA	1820
1931	1	LABEL00003-00005	España	1820
1932	1	LABEL00004-00001	Risco medio	1821
1933	1	LABEL00004-00002	Risco alto	1821
1934	1	LABEL00004-00003	Sen risco	1821
1935	1	LABEL00004-00004	Risco baixo	1821
1936	1	LABEL00005-00001	Grupo 5	1822
1937	1	LABEL00005-00002	Grupo 4	1822
1938	1	LABEL00005-00003	Grupo 1	1822
1939	1	LABEL00005-00004	Grupo 3	1822
1940	1	LABEL00005-00005	Grupo 2	1822
\.


--
-- Data for Name: label_type; Type: TABLE DATA; Schema: public; Owner: naval
--

COPY label_type (id, version, code, name, code_autogenerated, last_label_sequence_code) FROM stdin;
1818	1	LABEL00001	Centro de coste	t	4
1819	1	LABEL00002	Prioridade	t	4
1820	1	LABEL00003	Nacionalidade do cliente	t	5
1821	1	LABEL00004	Nivel de risco de traballo	t	4
1822	1	LABEL00005	Grupo	t	5
\.


--
-- Data for Name: limiting_resource_queue; Type: TABLE DATA; Schema: public; Owner: naval
--

COPY limiting_resource_queue (id, version, resource_id) FROM stdin;
\.


--
-- Data for Name: limiting_resource_queue_dependency; Type: TABLE DATA; Schema: public; Owner: naval
--

COPY limiting_resource_queue_dependency (id, type, origin_queue_element_id, destiny_queue_element_id) FROM stdin;
\.


--
-- Data for Name: limiting_resource_queue_element; Type: TABLE DATA; Schema: public; Owner: naval
--

COPY limiting_resource_queue_element (id, version, resource_allocation_id, limiting_resource_queue_id, earlier_start_date_because_of_gantt, earliest_end_date_because_of_gantt, creation_timestamp, start_date, start_hour, end_date, end_hour) FROM stdin;
\.


--
-- Data for Name: line_field; Type: TABLE DATA; Schema: public; Owner: naval
--

COPY line_field (heading_id, fieldname, length, positionnumber) FROM stdin;
24038	Incidencias	20	0
\.


--
-- Data for Name: machine; Type: TABLE DATA; Schema: public; Owner: naval
--

COPY machine (machine_id, name, description) FROM stdin;
26362	tertwe	etwetrwe
26366	wetwetet	wetrwertwe
26867	wrwqrq	wrqwrqw
\.


--
-- Data for Name: machine_configuration_unit_required_criterions; Type: TABLE DATA; Schema: public; Owner: naval
--

COPY machine_configuration_unit_required_criterions (id, criterion_id) FROM stdin;
\.


--
-- Data for Name: machine_worker_assignment; Type: TABLE DATA; Schema: public; Owner: naval
--

COPY machine_worker_assignment (id, version, start_date, finish_date, configuration_id, worker_id) FROM stdin;
\.


--
-- Data for Name: machine_workers_configuration_unit; Type: TABLE DATA; Schema: public; Owner: naval
--

COPY machine_workers_configuration_unit (id, version, name, alpha, machine) FROM stdin;
\.


--
-- Data for Name: material; Type: TABLE DATA; Schema: public; Owner: naval
--

COPY material (id, version, code, description, default_unit_price, unit_type, disabled, category_id) FROM stdin;
25166	1	t1g1	Tornillo 30mm	0.75	707	f	25050
25167	1	t2g2	Tornillo 25mm	0.50	707	f	25050
25149	2	MATERIAL_CATEGORY00003-00001	Tornillo 15mm	0.50	707	f	25049
25150	2	MATERIAL_CATEGORY00003-00002	Tornillo 20mm	0.75	707	f	25049
\.


--
-- Data for Name: material_assigment; Type: TABLE DATA; Schema: public; Owner: naval
--

COPY material_assigment (id, version, units, unit_price, material_id, estimated_availability, status, order_element_id) FROM stdin;
25458	2	100.00	0.50	25167	2011-04-25 00:00:00+02	1	2971
25459	2	100.00	0.75	25150	2011-04-29 00:00:00+02	1	2972
25757	2	100.00	0.75	25150	\N	1	2973
\.


--
-- Data for Name: material_assigment_template; Type: TABLE DATA; Schema: public; Owner: naval
--

COPY material_assigment_template (id, version, units, unit_price, material_id, order_element_template_id) FROM stdin;
\.


--
-- Data for Name: material_category; Type: TABLE DATA; Schema: public; Owner: naval
--

COPY material_category (id, version, code, name, code_autogenerated, last_material_sequence_code, parent_id) FROM stdin;
808	3	MATERIAL_CATEGORY00001	Imported materials without category	t	0	\N
25048	2	MATERIAL_CATEGORY00002	Tornillos	t	0	\N
25050	2	MATERIAL_CATEGORY00004	Tornillos de aceiro	f	0	25048
25049	2	MATERIAL_CATEGORY00003	Tornillos de bronce	t	2	25048
\.


--
-- Data for Name: order_authorization; Type: TABLE DATA; Schema: public; Owner: naval
--

COPY order_authorization (id, order_authorization_subclass, version, authorization_type, order_id, user_id, profile_id) FROM stdin;
3537	user	3	WRITE_AUTHORIZATION	4141	1213	\N
3538	user	4	WRITE_AUTHORIZATION	4195	1213	\N
3539	user	3	WRITE_AUTHORIZATION	5358	1213	\N
3536	user	5	WRITE_AUTHORIZATION	2999	1213	\N
3535	user	5	WRITE_AUTHORIZATION	2962	1213	\N
\.


--
-- Data for Name: order_element; Type: TABLE DATA; Schema: public; Owner: naval
--

COPY order_element (id, version, name, description, code, init_date, deadline, last_advance_meausurement_for_spreading, dirty_last_advance_measurement_for_spreading, parent, template, external_code, sum_charged_hours_id, position_in_container) FROM stdin;
3000	12	Coordinación	\N	ORDER00002-00001	\N	\N	0.25	f	2999	\N	\N	3101	0
2999	12	Pedido grupo 2	\N	ORDER00002	2011-02-01 00:00:00+01	2011-06-06 00:00:00+02	0.18	f	\N	\N	\N	3100	\N
3003	11	Bloque 1	\N	ORDER00002-00002	\N	\N	0.36	f	2999	\N	\N	3104	1
3004	11	Pintar cociña de buque	\N	ORDER00002-00006	\N	\N	0.33	f	3003	\N	\N	3105	0
3005	11	Pintar camarotes A e B	\N	ORDER00002-00007	\N	\N	0.40	f	3003	\N	\N	3106	1
3006	11	Pintar sala de máquinas	\N	ORDER00002-00008	\N	\N	0.30	f	3003	\N	\N	3107	2
3002	12	Reunións con cliente	\N	ORDER00002-00005	\N	\N	0.00	f	3000	\N	\N	3103	1
4143	12	Reunións con traballadores	\N	ORDER00003-00004	\N	\N	0.50	f	4142	\N	\N	4244	0
3007	11	Bloque 2	\N	ORDER00002-00003	\N	\N	0.02	f	2999	\N	\N	3108	2
4144	12	Reunións con cliente	\N	ORDER00003-00005	\N	\N	0.00	f	4142	\N	\N	4245	1
3008	11	Illar camarote B	\N	ORDER00002-00009	\N	\N	0.05	f	3007	\N	\N	3109	0
4142	12	Coordinación	\N	ORDER00003-00001	\N	\N	0.25	t	4141	\N	\N	4243	0
4141	13	Pedido grupo 3	\N	ORDER00003	2011-02-01 00:00:00+01	2011-06-01 00:00:00+02	0.18	t	\N	\N	\N	4242	\N
4159	11	Bloque 1	\N	ORDER00003-00006	\N	\N	0.36	t	4141	\N	\N	4338	1
4145	12	Pintar camarotes A e B	\N	ORDER00003-00002	\N	\N	0.40	f	4159	\N	\N	4246	0
4160	11	Pintar sala de  máquinas 	\N	ORDER00003-00008	\N	\N	0.30	f	4159	\N	\N	4339	1
4161	11	Pintas cociña de buque	\N	ORDER00003-00009	\N	\N	0.33	f	4159	\N	\N	4340	2
4162	11	Bloque 2	\N	ORDER00003-00007	\N	\N	0.00	f	4141	\N	\N	4341	2
4146	12	Teito de  madeira de camarote A	\N	ORDER00003-00003	\N	\N	0.00	f	4162	\N	\N	4247	0
4163	11	Cama e  mesilla de camarote A	\N	ORDER00003-00010	\N	\N	0.00	f	4162	\N	\N	4342	1
4164	11	 Poñer  escotillas  camarote A	\N	ORDER00003-00011	\N	\N	0.00	f	4162	\N	\N	4949	2
3009	11	Illar camarote A	\N	ORDER00002-00010	\N	\N	0.00	f	3007	\N	\N	3110	1
3010	11	Illar camarote C	\N	ORDER00002-00011	\N	\N	0.00	f	3007	\N	\N	3111	2
3001	12	Reunións con traballadores	\N	ORDER00002-00004	\N	\N	0.00	f	3000	\N	\N	3102	0
5359	11	Coordinación	\N	ORDER00006-00001	\N	\N	0.25	f	5358	4463	\N	5143	0
5358	11	Pedido grupo  5	\N	ORDER00006	2011-02-01 00:00:00+01	2011-06-01 00:00:00+02	0.19	f	\N	4462	\N	5142	\N
5362	11	Bloque 1	\N	ORDER00006-00002	\N	\N	0.36	f	5358	\N	\N	5146	1
5363	11	Pintar sala de  máquinas 	\N	ORDER00006-00006	\N	\N	0.30	f	5362	\N	\N	5147	0
5364	11	Pintar  camarotes  A e B	\N	ORDER00006-00007	\N	\N	0.40	f	5362	\N	\N	5148	1
5365	11	Pintas  cociña de buque	\N	ORDER00006-00008	\N	\N	0.33	f	5362	\N	\N	5149	2
5366	11	Bloque 2	\N	ORDER00006-00003	\N	\N	0.02	f	5358	\N	\N	5150	2
5367	11	Illar camarote A	\N	ORDER00006-00009	\N	\N	0.05	f	5366	\N	\N	5555	0
5368	11	Illar camarote B 	\N	ORDER00006-00010	\N	\N	0.00	f	5366	\N	\N	5556	1
5369	11	Illar camarote C	\N	ORDER00006-00011	\N	\N	0.00	f	5366	\N	\N	5557	2
5360	11	Reunións con traballadores	\N	ORDER00006-00004	\N	\N	0.50	f	5359	4464	\N	5144	0
5361	11	Reunións con cliente	\N	ORDER00006-00005	\N	\N	0.00	f	5359	4465	\N	5145	1
4203	13	Bloque 2	\N	ORDER00004-00003	\N	\N	0.02	f	4195	\N	\N	4988	2
4195	13	Pedido grupo 4	\N	ORDER00004	2011-02-01 00:00:00+01	2011-06-01 00:00:00+02	0.17	f	\N	4462	\N	4980	\N
4196	13	Coordinación	\N	ORDER00004-00001	\N	\N	0.25	f	4195	4463	\N	4981	0
4197	13	Reunións con traballadores	\N	ORDER00004-00004	\N	\N	0.50	f	4196	4464	\N	4982	0
4198	13	Reunións con cliente	\N	ORDER00004-00005	\N	\N	0.00	f	4196	4465	\N	4983	1
4199	13	Bloque 1	\N	ORDER00004-00002	\N	\N	0.31	f	4195	\N	\N	4984	1
4200	13	Soldar cuberta B	\N	ORDER00004-00006	\N	\N	0.30	f	4199	\N	\N	4985	0
4201	13	Soldar cuberta A 	\N	ORDER00004-00007	\N	\N	0.40	f	4199	\N	\N	4986	1
4202	13	Soldar cuberta C	\N	ORDER00004-00008	\N	\N	0.00	f	4199	\N	\N	4987	2
4204	13	Teito de madeira de camarote A	\N	ORDER00004-00009	\N	\N	0.05	f	4203	\N	\N	4989	0
4205	13	Cama e  mesilla de camarote A	\N	ORDER00004-00010	\N	\N	0.00	f	4203	\N	\N	4990	1
4206	13	Poñer escotillas  camarote A	\N	ORDER00004-00011	\N	\N	0.00	f	4203	\N	\N	4991	2
2963	14	Coordinación	\N	ORDER00001-00001	\N	\N	0.50	f	2962	\N	\N	3064	0
2964	14	Reunións con clientes	\N	ORDER00001-00004	\N	\N	0.00	f	2963	\N	\N	3065	0
2965	14	Reunión con cliente	\N	ORDER00001-00005	\N	\N	0.00	f	2963	\N	\N	3066	1
2966	14	Bloque 1 - Grupo 1	\N	ORDER00001-00002	\N	\N	0.35	f	2962	\N	\N	3067	1
2967	14	Soldar unións do chan	\N	ORDER00001-00006	\N	\N	0.30	f	2966	\N	\N	3068	0
2968	14	Soldar unións do teito	\N	ORDER00001-00007	\N	\N	0.40	f	2966	\N	\N	3069	1
2969	14	Repasar soldaduras ocos	\N	ORDER00001-00008	\N	\N	0.33	f	2966	\N	\N	3070	2
2971	14	Cama e mesilla de camarote A	\N	ORDER00001-00009	\N	\N	0.05	f	2970	\N	\N	3072	0
2962	16	Pedido Grupo 1	\N	ORDER00001	2011-02-01 00:00:00+01	2011-06-01 00:00:00+02	0.20	f	\N	\N	\N	3063	\N
2972	14	Teito de madeira de camarote A	\N	ORDER00001-00010	\N	\N	0.00	f	2970	\N	\N	3073	1
2973	14	Poñer escotillas camarote A	\N	ORDER00001-00011	\N	\N	0.00	f	2970	\N	\N	3074	2
2970	16	Bloque 2 - Grupo 2	\N	ORDER00001-00003	\N	\N	0.02	f	2962	\N	\N	3071	2
\.


--
-- Data for Name: order_element_label; Type: TABLE DATA; Schema: public; Owner: naval
--

COPY order_element_label (order_element_id, label_id) FROM stdin;
\.


--
-- Data for Name: order_element_template; Type: TABLE DATA; Schema: public; Owner: naval
--

COPY order_element_template (id, version, name, description, code, start_as_days_from_beginning, deadline_as_days_from_beginning, scheduling_state_type, parent, position_in_container) FROM stdin;
4462	1	Plantilla curso usuarios	\N	ORDER00003	0	120	3	\N	\N
4463	1	Coordinación	\N	ORDER00003-00001	\N	\N	3	4462	0
4466	1	Bloque 1	\N	ORDER00003-00002	\N	\N	0	4462	1
4467	1	Bloque 2	\N	ORDER00003-00003	\N	\N	0	4462	2
4464	1	Reunións con traballadores	\N	ORDER00003-00004	\N	\N	0	4463	0
4465	1	Reunións con cliente	\N	ORDER00003-00005	\N	\N	0	4463	1
\.


--
-- Data for Name: order_element_template_label; Type: TABLE DATA; Schema: public; Owner: naval
--

COPY order_element_template_label (order_element_template_id, label_id) FROM stdin;
\.


--
-- Data for Name: order_element_template_quality_form; Type: TABLE DATA; Schema: public; Owner: naval
--

COPY order_element_template_quality_form (order_element_template_id, quality_form_id) FROM stdin;
\.


--
-- Data for Name: order_line; Type: TABLE DATA; Schema: public; Owner: naval
--

COPY order_line (order_element_id, last_hours_group_sequence_code) FROM stdin;
4145	1
4160	1
4161	1
4146	1
4163	1
4164	1
4143	1
4144	1
3004	1
3005	1
3006	1
3008	1
3009	1
3010	1
3001	1
3002	1
5363	1
5364	1
5365	1
5367	1
5368	1
5369	1
5360	1
5361	1
4197	1
4198	1
4200	1
4201	1
4202	1
4204	1
4205	1
4206	1
2964	1
2965	1
2967	1
2968	1
2969	1
2971	1
2972	1
2973	1
\.


--
-- Data for Name: order_line_group; Type: TABLE DATA; Schema: public; Owner: naval
--

COPY order_line_group (order_element_id) FROM stdin;
2962
2963
2966
2970
2999
3000
3003
3007
4141
4142
4159
4162
4195
4196
4199
4203
5358
5359
5362
5366
\.


--
-- Data for Name: order_line_group_template; Type: TABLE DATA; Schema: public; Owner: naval
--

COPY order_line_group_template (group_template_id) FROM stdin;
4462
4463
\.


--
-- Data for Name: order_line_template; Type: TABLE DATA; Schema: public; Owner: naval
--

COPY order_line_template (order_line_template_id, last_hours_group_sequence_code) FROM stdin;
4464	0
4465	0
4466	0
4467	0
\.


--
-- Data for Name: order_table; Type: TABLE DATA; Schema: public; Owner: naval
--

COPY order_table (order_element_id, responsible, dependencies_constraints_have_priority, code_autogenerated, last_order_element_sequence_code, work_budget, materials_budget, total_hours, customer_reference, external_code, state, customer, base_calendar_id, scheduling_mode) FROM stdin;
5358	\N	\N	t	11	0.00	0.00	1600	\N	\N	0	\N	1515	0
4195	\N	\N	t	11	0.00	0.00	1600	\N	\N	0	\N	1515	0
4141	\N	\N	t	11	0.00	0.00	1600	\N	\N	0	\N	1515	0
2999	\N	\N	t	11	0.00	0.00	1600	\N	\N	0	\N	1515	0
2962	Grupo 1	\N	t	11	100000.00	0.00	1450	\N	\N	0	\N	1515	0
\.


--
-- Data for Name: order_template; Type: TABLE DATA; Schema: public; Owner: naval
--

COPY order_template (order_template_id, base_calendar_id) FROM stdin;
4462	1515
\.


--
-- Data for Name: order_version; Type: TABLE DATA; Schema: public; Owner: naval
--

COPY order_version (id, version, modification_by_owner_timestamp, ownerscenario) FROM stdin;
2666	13	2011-02-14 16:07:48.716+01	909
2652	16	2011-02-14 16:29:13.344+01	909
2648	14	2011-02-14 16:38:22.212+01	909
2643	15	2011-02-14 16:48:00.624+01	909
2639	18	2011-02-15 17:42:32.651+01	909
\.


--
-- Data for Name: planning_data; Type: TABLE DATA; Schema: public; Owner: naval
--

COPY planning_data (planning_data_id, progress_by_duration, progress_by_num_hours) FROM stdin;
3529	0.221989	0.215939
3514	0.231208	0.186957
3493	0.215617	0.202896
3477	0.000000	0.000000
3445	0.000000	0.000000
\.


--
-- Data for Name: profile_roles; Type: TABLE DATA; Schema: public; Owner: naval
--

COPY profile_roles (profile_id, elt) FROM stdin;
\.


--
-- Data for Name: profile_table; Type: TABLE DATA; Schema: public; Owner: naval
--

COPY profile_table (id, version, profile_name) FROM stdin;
\.


--
-- Data for Name: quality_form; Type: TABLE DATA; Schema: public; Owner: naval
--

COPY quality_form (id, version, name, description, quality_form_type, report_advance, advance_type_id) FROM stdin;
\.


--
-- Data for Name: quality_form_items; Type: TABLE DATA; Schema: public; Owner: naval
--

COPY quality_form_items (quality_form_id, name, percentage, "position", idx) FROM stdin;
\.


--
-- Data for Name: resource; Type: TABLE DATA; Schema: public; Owner: naval
--

COPY resource (id, version, code, code_autogenerated, base_calendar_id, resource_type) FROM stdin;
2027	6	WORKER00004	t	1524	NON_LIMITING_RESOURCE
2029	6	WORKER00005	t	1525	NON_LIMITING_RESOURCE
2031	3	WORKER00006	t	1526	NON_LIMITING_RESOURCE
2037	5	WORKER00009	t	1529	NON_LIMITING_RESOURCE
2043	4	WORKER00012	t	1532	NON_LIMITING_RESOURCE
2045	8	WORKER00013	t	1533	NON_LIMITING_RESOURCE
2047	6	WORKER00014	t	1534	NON_LIMITING_RESOURCE
2049	5	WORKER00015	t	1535	NON_LIMITING_RESOURCE
2035	4	WORKER00008	t	1528	NON_LIMITING_RESOURCE
2039	21	WORKER00010	t	1530	NON_LIMITING_RESOURCE
2021	17	WORKER00001	t	1521	NON_LIMITING_RESOURCE
2041	16	WORKER00011	t	1531	NON_LIMITING_RESOURCE
2033	22	WORKER00007	t	1527	NON_LIMITING_RESOURCE
2025	12	WORKER00003	t	1523	NON_LIMITING_RESOURCE
2023	21	WORKER00002	t	1522	NON_LIMITING_RESOURCE
26364	2	WORKER00020	t	26463	NON_LIMITING_RESOURCE
26362	5	MACHINE00009	t	26462	NON_LIMITING_RESOURCE
26366	2	MACHINE00010	t	26464	NON_LIMITING_RESOURCE
26867	2	MACHINE00011	t	26967	NON_LIMITING_RESOURCE
\.


--
-- Data for Name: resource_allocation; Type: TABLE DATA; Schema: public; Owner: naval
--

COPY resource_allocation (id, version, resources_per_day, intended_total_hours, original_total_assignment, task, assignment_function) FROM stdin;
7179	3	0.60	\N	200	7070	\N
7176	3	1.00	\N	100	3469	\N
7177	3	1.00	\N	350	3470	\N
7178	3	1.00	\N	200	3471	\N
7174	3	1.57	\N	250	3473	\N
7175	3	0.50	\N	80	3474	\N
7181	2	1.00	\N	200	3475	\N
5670	40	0.50	\N	200	3443	\N
7224	3	0.60	\N	100	3518	\N
7225	3	0.60	\N	100	3519	\N
5668	40	1.90	\N	300	3441	\N
5669	40	1.50	\N	250	3442	\N
5667	40	1.00	\N	200	3532	\N
5664	40	1.00	\N	200	3437	\N
5665	40	2.36	\N	200	3438	\N
5666	40	1.00	\N	100	3439	\N
7238	2	1.00	\N	200	3521	\N
7239	2	1.00	\N	350	3522	\N
7240	2	1.00	\N	100	3523	\N
7241	2	1.79	\N	300	3525	\N
7242	2	0.50	\N	80	3526	\N
7243	2	0.60	\N	200	3527	\N
7213	1	2.42	\N	300	3510	\N
7214	1	0.50	\N	58	3511	\N
7215	1	1.00	\N	200	3512	\N
7190	5	1.00	\N	100	3503	\N
7191	5	1.00	\N	100	3504	\N
7206	2	1.00	\N	200	3506	\N
7207	2	1.00	\N	350	3507	\N
7208	2	1.00	\N	100	3508	\N
7186	6	0.62	\N	100	3488	\N
7187	6	0.60	\N	100	3489	\N
7200	4	1.99	\N	300	3492	\N
7201	4	0.50	\N	69	3497	\N
7202	4	0.50	\N	200	3498	\N
7193	5	1.00	\N	350	3491	\N
7194	5	1.00	\N	200	3494	\N
7195	5	1.00	\N	100	3495	\N
\.


--
-- Data for Name: resource_calendar; Type: TABLE DATA; Schema: public; Owner: naval
--

COPY resource_calendar (base_calendar_id, capacity) FROM stdin;
1526	1
1529	1
1530	1
1521	1
1532	1
1531	1
1533	1
1534	1
1527	1
1535	1
1528	1
1523	1
1522	1
1524	1
1525	1
26463	1
26462	1
26464	1
26967	1
\.


--
-- Data for Name: resources_cost_category_assignment; Type: TABLE DATA; Schema: public; Owner: naval
--

COPY resources_cost_category_assignment (id, version, code, init_date, end_date, cost_category_id, resource_id) FROM stdin;
24846	2	RESOURCE_COST_CATEGORY_ASSIGNMENT00001	2011-02-01	\N	24646	2025
24847	1	RESOURCE_COST_CATEGORY_ASSIGNMENT00002	2011-02-01	\N	24644	2023
\.


--
-- Data for Name: roles_table; Type: TABLE DATA; Schema: public; Owner: naval
--

COPY roles_table (user_id, elt) FROM stdin;
1213	ROLE_EDIT_ALL_ORDERS
1213	ROLE_ADMINISTRATION
1213	ROLE_CREATE_ORDER
1213	ROLE_READ_ALL_ORDERS
1214	ROLE_WS_READER
1215	ROLE_WS_WRITER
1215	ROLE_WS_READER
\.


--
-- Data for Name: scenario; Type: TABLE DATA; Schema: public; Owner: naval
--

COPY scenario (id, version, name, description, last_not_owned_reassignations_time_stamp, predecessor) FROM stdin;
909	0	master	\N	\N	\N
\.


--
-- Data for Name: scenario_orders; Type: TABLE DATA; Schema: public; Owner: naval
--

COPY scenario_orders (order_id, order_version_id, scenario_id) FROM stdin;
2962	2639	909
2999	2643	909
4141	2648	909
4195	2652	909
5358	2666	909
\.


--
-- Data for Name: scheduling_data_for_version; Type: TABLE DATA; Schema: public; Owner: naval
--

COPY scheduling_data_for_version (id, version, scheduling_state_type, order_element_id) FROM stdin;
4442	11	0	5361
4397	13	3	4195
4398	13	3	4196
4399	13	0	4197
4400	13	0	4198
4401	13	3	4199
4402	13	0	4200
4403	13	0	4201
4404	13	0	4202
4405	13	3	4203
4406	13	0	4204
4407	13	0	4205
4408	13	0	4206
3204	12	1	3002
4343	12	3	4141
4361	11	3	4159
4347	12	0	4145
4362	11	0	4160
4363	11	0	4161
4364	11	3	4162
4348	12	0	4146
4365	11	0	4163
4366	11	0	4164
4344	12	3	4142
4345	12	0	4143
4346	12	0	4144
3201	11	3	2999
3205	11	3	3003
3206	11	0	3004
3207	11	0	3005
3208	11	0	3006
3209	11	3	3007
3210	11	0	3008
3211	11	0	3009
3212	11	0	3010
3202	12	0	3000
3203	12	1	3001
4439	11	3	5358
4443	11	3	5362
5454	11	0	5363
5455	11	0	5364
5456	11	0	5365
5457	11	3	5366
5458	11	0	5367
5459	11	0	5368
5460	11	0	5369
4440	11	3	5359
4441	11	0	5360
3164	14	3	2962
3165	15	0	2963
3166	15	1	2964
3167	15	1	2965
3168	14	3	2966
3169	14	0	2967
3170	14	0	2968
3171	14	0	2969
3172	14	3	2970
3173	14	0	2971
3174	14	0	2972
3175	14	0	2973
\.


--
-- Data for Name: scheduling_states_by_order_version; Type: TABLE DATA; Schema: public; Owner: naval
--

COPY scheduling_states_by_order_version (order_element_id, scheduling_state_for_version_id, order_version_id) FROM stdin;
2962	3164	2639
2963	3165	2639
2964	3166	2639
2965	3167	2639
2966	3168	2639
2967	3169	2639
2968	3170	2639
2969	3171	2639
2970	3172	2639
2971	3173	2639
2972	3174	2639
2973	3175	2639
2999	3201	2643
3000	3202	2643
3001	3203	2643
3002	3204	2643
3003	3205	2643
3004	3206	2643
3005	3207	2643
3006	3208	2643
3007	3209	2643
3008	3210	2643
3009	3211	2643
3010	3212	2643
4141	4343	2648
4142	4344	2648
4143	4345	2648
4144	4346	2648
4145	4347	2648
4146	4348	2648
4159	4361	2648
4160	4362	2648
4161	4363	2648
4162	4364	2648
4163	4365	2648
4164	4366	2648
4195	4397	2652
4196	4398	2652
4197	4399	2652
4198	4400	2652
4199	4401	2652
4200	4402	2652
4201	4403	2652
4202	4404	2652
4203	4405	2652
4204	4406	2652
4205	4407	2652
4206	4408	2652
5358	4439	2666
5359	4440	2666
5360	4441	2666
5361	4442	2666
5362	4443	2666
5363	5454	2666
5364	5455	2666
5365	5456	2666
5366	5457	2666
5367	5458	2666
5368	5459	2666
5369	5460	2666
\.


--
-- Data for Name: sigmoid_function; Type: TABLE DATA; Schema: public; Owner: naval
--

COPY sigmoid_function (assignment_function_id) FROM stdin;
\.


--
-- Data for Name: specific_day_assignments_container; Type: TABLE DATA; Schema: public; Owner: naval
--

COPY specific_day_assignments_container (id, version, resource_allocation_id, scenario, start_date, duration_start_in_first_day, end_date, duration_in_last_day) FROM stdin;
7795	3	7224	909	2011-02-01	0	2011-03-31	5760
7796	3	7225	909	2011-03-31	5760	2011-06-01	576
7788	5	7190	909	2011-02-01	0	2011-03-08	0
7789	5	7191	909	2011-03-09	0	2011-04-13	0
6666	40	5667	909	2011-02-01	0	2011-03-08	0
7784	6	7186	909	2011-02-01	0	2011-03-01	8640
7785	6	7187	909	2011-03-01	8640	2011-03-30	144
7777	3	7179	909	2011-02-01	0	2011-03-30	9360
7779	2	7181	909	2011-10-14	0	2011-11-18	0
\.


--
-- Data for Name: specific_resource_allocation; Type: TABLE DATA; Schema: public; Owner: naval
--

COPY specific_resource_allocation (resource_allocation_id, resource) FROM stdin;
7224	2049
7225	2049
7190	2043
7191	2043
5667	2025
7186	2037
7187	2037
7179	2031
7181	2021
\.


--
-- Data for Name: stretches; Type: TABLE DATA; Schema: public; Owner: naval
--

COPY stretches (assignment_function_id, date, length_percentage, amount_work_percentage, stretch_position) FROM stdin;
\.


--
-- Data for Name: stretches_function; Type: TABLE DATA; Schema: public; Owner: naval
--

COPY stretches_function (assignment_function_id, type) FROM stdin;
\.


--
-- Data for Name: subcontracted_task_data; Type: TABLE DATA; Schema: public; Owner: naval
--

COPY subcontracted_task_data (id, version, external_company, subcontratation_date, subcontract_communication_date, work_description, subcontract_price, subcontracted_code, node_without_children_exported, labels_exported, material_assignments_exported, hours_groups_exported, state) FROM stdin;
\.


--
-- Data for Name: sum_charged_hours; Type: TABLE DATA; Schema: public; Owner: naval
--

COPY sum_charged_hours (id, version, direct_charged_hours, indirect_charged_hours) FROM stdin;
4991	13	0	0
3100	11	0	0
3104	11	0	0
3105	11	0	0
3106	11	0	0
3107	11	0	0
3108	11	0	0
3109	11	0	0
3110	11	0	0
3111	11	0	0
3101	11	0	0
4260	2	0	0
4261	2	0	0
4262	2	0	0
4263	2	0	0
4264	2	0	0
4265	2	0	0
3102	11	0	0
3103	11	0	0
5142	11	0	0
5146	11	0	0
5147	11	0	0
5148	11	0	0
5149	11	0	0
5150	11	0	0
5555	11	0	0
5556	11	0	0
5557	11	0	0
5143	11	0	0
5144	11	0	0
5145	11	0	0
4980	13	0	0
4981	13	0	0
4982	13	0	0
4983	13	0	0
4984	13	0	0
4985	13	0	0
4986	13	0	0
4987	13	0	0
4988	13	0	0
4989	13	0	0
4990	13	0	0
4242	12	0	0
4338	10	0	0
4246	12	0	0
4339	10	0	0
4340	10	0	0
4341	10	0	0
4247	12	0	0
4342	10	0	0
4949	10	0	0
4243	12	0	0
4244	12	0	0
4245	12	0	0
3063	16	0	70
3064	15	35	0
3065	14	0	0
3066	14	0	0
3067	15	0	35
3068	14	0	0
3069	15	35	0
3070	14	0	0
3071	14	0	0
3072	14	0	0
3073	14	0	0
3074	14	0	0
\.


--
-- Data for Name: task; Type: TABLE DATA; Schema: public; Owner: naval
--

COPY task (task_element_id, calculated_value, constraint_type, constraint_date, workable_days, allocation_direction, subcontrated_task_data_id, priority) FROM stdin;
3488	1	0	\N	\N	0	\N	\N
3489	1	0	\N	\N	0	\N	\N
3492	2	0	\N	21	0	\N	\N
3497	0	0	\N	20	0	\N	\N
3498	1	0	\N	\N	0	\N	\N
3491	1	0	\N	\N	0	\N	\N
3494	1	0	\N	\N	0	\N	\N
3495	1	0	\N	\N	0	\N	\N
7070	1	0	\N	\N	0	\N	\N
3469	1	0	\N	\N	0	\N	\N
3470	1	0	\N	\N	0	\N	\N
3471	1	0	\N	\N	0	\N	\N
3473	2	0	\N	20	0	\N	\N
3474	0	0	\N	20	0	\N	\N
3475	1	0	\N	\N	0	\N	\N
3518	1	0	\N	\N	0	\N	\N
3519	1	1	2011-03-30	\N	0	\N	\N
3521	1	0	\N	\N	0	\N	\N
3522	1	0	\N	\N	0	\N	\N
3523	1	0	\N	\N	0	\N	\N
3525	2	0	\N	21	0	\N	\N
3526	0	0	\N	20	0	\N	\N
3527	1	0	\N	\N	0	\N	\N
3510	2	0	\N	21	0	\N	\N
3511	0	0	\N	20	0	\N	\N
3512	1	0	\N	\N	0	\N	\N
3503	1	0	\N	\N	0	\N	\N
3504	1	1	2011-03-09	\N	0	\N	\N
3506	1	0	\N	\N	0	\N	\N
3507	1	0	\N	\N	0	\N	\N
3508	1	0	\N	\N	0	\N	\N
3532	1	0	\N	\N	0	\N	\N
3437	1	0	\N	\N	0	\N	\N
3438	1	0	\N	\N	0	\N	\N
3439	1	0	\N	\N	0	\N	\N
3441	2	0	\N	20	0	\N	\N
3442	2	0	\N	21	0	\N	\N
3443	1	0	\N	\N	0	\N	\N
\.


--
-- Data for Name: task_element; Type: TABLE DATA; Schema: public; Owner: naval
--

COPY task_element (id, version, name, notes, start_date, start_day_duration, end_date, end_day_duration, deadline, advance_percentage, sum_of_hours_allocated, parent, base_calendar_id, position_in_parent) FROM stdin;
3469	10	Pintar cociña de buque	\N	2011-06-15	0	2011-07-04	3600	\N	0.3333	100	3472	\N	0
3502	7	Entrega proxecto	\N	2011-10-03	1800	2011-10-03	1800	\N	0.0000	0	3493	\N	3
3490	13	Coordinación	\N	2011-02-01	0	2011-03-30	144	\N	0.2500	200	3493	\N	0
3488	12	Reunións con traballadores	\N	2011-02-01	0	2011-03-01	8640	\N	0.5000	100	3490	\N	0
3470	10	Pintar camarotes A e B	\N	2011-02-01	0	2011-05-02	10800	\N	0.4000	350	3472	\N	1
3471	11	Pintar sala de máquinas	\N	2011-05-02	0	2011-06-15	10800	\N	0.3000	200	3472	\N	2
3531	7	Entrega proxecto	\N	2011-09-22	9360	2011-09-22	9360	\N	0.0000	0	3529	\N	3
3510	14	Teito de madeira de camarote A	\N	2011-06-23	0	2011-07-22	0	\N	0.0500	300	3513	\N	0
3503	12	Reunións con traballadores	\N	2011-02-01	0	2011-03-08	0	\N	0.5000	100	3505	\N	0
3504	12	Reunións con cliente	\N	2011-03-09	0	2011-04-13	0	\N	0.0000	100	3505	\N	1
3506	14	Soldar cuberta B	\N	2011-05-02	0	2011-06-07	10800	\N	0.3000	200	3509	\N	0
3507	13	Soldar cuberta A 	\N	2011-02-01	0	2011-05-02	10800	\N	0.4000	350	3509	\N	1
3508	13	Soldar cuberta C	\N	2011-06-07	0	2011-06-23	18000	\N	0.0000	100	3509	\N	2
3514	15	Pedido grupo 4	\N	2011-02-01	0	2011-08-26	0	2011-06-01	0.1655	1408	\N	\N	\N
3489	12	Reunións con cliente	\N	2011-03-01	8640	2011-03-30	144	\N	0.0000	100	3490	\N	1
3487	6	Recepción material	\N	2011-10-14	0	2011-10-14	0	\N	0.0000	0	3477	\N	2
3499	11	Bloque 2	\N	2011-06-23	18000	2011-10-03	1800	\N	0.0000	569	3493	\N	2
3492	12	Teito de  madeira de camarote A	\N	2011-06-23	18000	2011-07-25	3600	\N	0.0000	300	3499	\N	0
3497	10	Cama e  mesilla de camarote A	\N	2011-06-23	18000	2011-07-21	0	\N	0.0000	69	3499	\N	1
3498	10	 Poñer  escotillas  camarote A	\N	2011-07-25	3600	2011-10-03	1800	\N	0.0000	200	3499	\N	2
3496	11	Bloque 1	\N	2011-02-01	0	2011-06-23	18000	\N	0.3589	650	3493	\N	1
3491	12	Pintar camarotes A e B	\N	2011-02-01	0	2011-05-02	10800	\N	0.4000	350	3496	\N	0
3494	10	Pintar sala de  máquinas 	\N	2011-05-02	10800	2011-06-07	10800	\N	0.3000	200	3496	\N	1
3473	11	Illar camarote B	\N	2011-07-04	0	2011-07-30	0	\N	0.0500	250	3476	\N	0
3474	11	Illar camarote A	\N	2011-07-04	3600	2011-07-30	0	\N	0.0000	80	3476	\N	1
3495	10	Pintas cociña de buque	\N	2011-06-07	10800	2011-06-23	18000	\N	0.3333	100	3496	\N	2
3493	13	Pedido grupo 3	\N	2011-02-01	0	2011-10-03	0	2011-06-01	0.1770	1419	\N	\N	\N
3475	10	Illar camarote C	\N	2011-10-14	0	2011-11-18	0	\N	0.0000	200	3476	\N	2
3528	12	Bloque 2	\N	2011-06-20	3600	2011-09-22	9360	\N	0.0200	580	3529	\N	2
3525	12	Illar camarote A	\N	2011-06-20	0	2011-07-19	0	\N	0.0500	300	3528	\N	0
3526	11	Illar camarote B 	\N	2011-06-20	3600	2011-07-16	0	\N	0.0000	80	3528	\N	1
3527	12	Illar camarote C	\N	2011-07-19	0	2011-09-22	9360	\N	0.0000	200	3528	\N	2
3529	12	Pedido grupo  5	\N	2011-02-01	0	2011-09-22	0	2011-06-01	0.1864	1430	\N	\N	\N
3513	15	Bloque 2	\N	2011-06-23	18000	2011-08-26	0	\N	0.0200	558	3514	\N	2
3511	14	Cama e  mesilla de camarote A	\N	2011-06-23	0	2011-07-21	0	\N	0.0000	58	3513	\N	1
3512	13	Poñer escotillas  camarote A	\N	2011-07-22	0	2011-08-26	0	\N	0.0000	200	3513	\N	2
3505	15	Coordinación	\N	2011-02-01	0	2011-04-13	0	\N	0.2500	200	3514	\N	0
3517	8	Entrega proxecto	\N	2011-08-26	0	2011-08-26	0	\N	0.0000	0	3514	\N	3
3509	15	Bloque 1	\N	2011-02-01	0	2011-06-23	18000	\N	0.3076	650	3514	\N	1
3477	15	Pedido grupo 2	\N	2011-02-01	0	2011-11-18	0	2011-06-06	0.1848	1380	\N	\N	\N
3520	12	Coordinación	\N	2011-02-01	0	2011-06-01	576	\N	0.2500	200	3529	\N	0
3518	10	Reunións con traballadores	\N	2011-02-01	0	2011-03-31	5760	\N	0.5000	100	3520	\N	0
3519	10	Reunións con cliente	\N	2011-03-31	5760	2011-06-01	576	\N	0.0000	100	3520	\N	1
3524	12	Bloque 1	\N	2011-02-01	0	2011-06-20	3600	\N	0.3589	650	3529	\N	1
3521	12	Pintar sala de  máquinas 	\N	2011-04-26	0	2011-06-01	10800	\N	0.3000	200	3524	\N	0
3522	11	Pintar  camarotes  A e B	\N	2011-02-01	0	2011-04-26	10800	\N	0.4000	350	3524	\N	1
3523	12	Pintas  cociña de buque	\N	2011-06-01	0	2011-06-20	3600	\N	0.3333	100	3524	\N	2
7070	6	Coordinación	\N	2011-02-01	0	2011-03-30	9360	\N	0.2500	200	3477	\N	0
3472	14	Bloque 1	\N	2011-02-01	0	2011-07-04	3600	\N	0.3589	650	3477	\N	1
3476	14	Bloque 2	\N	2011-07-04	3600	2011-11-18	0	\N	0.0166	530	3477	\N	3
3532	44	Coordinación	\N	2011-02-01	0	2011-03-08	0	\N	0.5000	200	3445	\N	0
3437	49	Soldar unións do chan	\N	2011-03-15	42552	2011-04-20	0	\N	0.3000	200	3440	\N	0
3438	48	Soldar unións do teito	\N	2011-02-01	0	2011-03-15	42552	\N	0.4000	305	3440	\N	1
3439	50	Repasar soldaduras ocos	\N	2011-04-20	0	2011-05-09	7200	\N	0.3300	100	3440	\N	2
3441	48	Cama e mesilla de camarote A	\N	2011-05-09	7200	2011-06-07	0	\N	0.0500	300	3444	\N	0
3442	49	Teito de madeira de camarote A	\N	2011-05-09	7200	2011-06-08	0	\N	0.0000	250	3444	\N	1
3443	49	Poñer escotillas camarote A	\N	2011-10-10	0	2011-12-17	0	\N	0.0000	200	3444	\N	2
3465	45	Recepción material	\N	2011-10-10	0	2011-10-10	0	\N	0.0000	0	3445	\N	2
3440	52	Bloque 1 - Grupo 1	\N	2011-02-01	0	2011-05-09	7200	\N	0.3500	605	3445	\N	1
3444	52	Bloque 2 - Grupo 2	\N	2011-05-09	7200	2011-12-17	0	\N	0.0200	750	3445	\N	3
3445	53	Pedido Grupo 1	\N	2011-02-01	0	2011-12-17	0	2011-06-01	0.2000	1555	\N	\N	\N
\.


--
-- Data for Name: task_group; Type: TABLE DATA; Schema: public; Owner: naval
--

COPY task_group (task_element_id) FROM stdin;
3440
3444
3445
3472
3476
3477
3490
3493
3496
3499
3505
3509
3513
3514
3520
3524
3528
3529
\.


--
-- Data for Name: task_milestone; Type: TABLE DATA; Schema: public; Owner: naval
--

COPY task_milestone (task_element_id, constraint_type, constraint_date) FROM stdin;
3531	0	\N
3517	0	\N
3502	0	\N
3487	1	2011-10-14
3465	1	2011-10-10
\.


--
-- Data for Name: task_quality_form; Type: TABLE DATA; Schema: public; Owner: naval
--

COPY task_quality_form (id, version, quality_form_id, order_element_id, report_advance) FROM stdin;
\.


--
-- Data for Name: task_quality_form_items; Type: TABLE DATA; Schema: public; Owner: naval
--

COPY task_quality_form_items (task_quality_form_id, name, percentage, "position", passed, date, idx) FROM stdin;
\.


--
-- Data for Name: task_source; Type: TABLE DATA; Schema: public; Owner: naval
--

COPY task_source (id, version, schedulingdata) FROM stdin;
3505	4	4398
3509	4	4401
3513	4	4405
3514	4	4397
3503	7	4399
3504	7	4400
3506	7	4402
3507	7	4403
3508	7	4404
3510	7	4406
3511	7	4407
3512	7	4408
3520	3	4440
3524	3	4443
3528	3	5457
3529	3	4439
3518	5	4441
3519	5	4442
3521	5	5454
3522	5	5455
3523	5	5456
3525	5	5458
3526	5	5459
3527	5	5460
3472	5	3205
3476	5	3209
3477	5	3201
7070	3	3202
3490	3	4344
3496	2	4361
3499	2	4364
3493	3	4343
3488	5	4345
3489	5	4346
3491	5	4347
3494	3	4362
3495	3	4363
3492	5	4348
3497	3	4365
3498	3	4366
3469	9	3206
3470	9	3207
3471	9	3208
3473	9	3210
3474	9	3211
3475	9	3212
3440	5	3168
3444	5	3172
3445	5	3164
3532	5	3165
3437	9	3169
3438	9	3170
3439	9	3171
3441	9	3173
3442	9	3174
3443	9	3175
\.


--
-- Data for Name: task_source_hours_groups; Type: TABLE DATA; Schema: public; Owner: naval
--

COPY task_source_hours_groups (task_source_id, hours_group_id) FROM stdin;
3503	3820
3504	3821
3506	3822
3507	3823
3508	3824
3510	3825
3511	3826
3512	3827
3518	5262
3519	5263
3521	5264
3522	5265
3523	5266
3525	5267
3526	5268
3527	5269
7070	3749
7070	3748
3469	3750
3470	3751
3471	3752
3473	3753
3474	3754
3475	3755
3488	3768
3489	3769
3491	3770
3494	3796
3495	3797
3492	3771
3497	3798
3498	3799
3532	2816
3532	2815
3437	2817
3438	2818
3439	2819
3441	2820
3442	2821
3443	2822
\.


--
-- Data for Name: type_of_work_hours; Type: TABLE DATA; Schema: public; Owner: naval
--

COPY type_of_work_hours (id, version, name, code, default_price, enabled, code_autogenerated) FROM stdin;
24240	1	Normal convenio metal	WORK_HOURS_TYPE00001	15.00	t	t
24241	1	Extra convenio metal	WORK_HOURS_TYPE00002	17.00	t	t
\.


--
-- Data for Name: unit_type; Type: TABLE DATA; Schema: public; Owner: naval
--

COPY unit_type (id, version, code, measure, code_autogenerated) FROM stdin;
707	8	UNIT_TYPE00001	units	t
708	7	UNIT_TYPE00002	kg	t
709	6	UNIT_TYPE00003	km	t
710	5	UNIT_TYPE00004	l	t
711	4	UNIT_TYPE00005	m	t
712	3	UNIT_TYPE00006	m2	t
713	2	UNIT_TYPE00007	m3	t
714	1	UNIT_TYPE00008	tn	t
\.


--
-- Data for Name: user_profiles; Type: TABLE DATA; Schema: public; Owner: naval
--

COPY user_profiles (user_id, profile_id) FROM stdin;
\.


--
-- Data for Name: user_table; Type: TABLE DATA; Schema: public; Owner: naval
--

COPY user_table (id, version, login_name, password, email, disabled, lastconnectedscenario) FROM stdin;
1212	4	user	c35c71570b3f45bb21a588107e7cb946b3c50bf2cd9e885d3876de669a73df1133aabe8b69d24db37837c6f26f9e7bc35dc34ee04c8f9a51d53ed7d82859f80e	\N	f	\N
1213	3	admin	e02a1a8809e830cf7b7c875e43c16e684ed02a818c7ac25aeadd515432f908ea041447720c194d6b0ec19a1c3dd97f7b378efaab4dd8efd46de568adf3f44c9a	\N	f	\N
1214	2	wsreader	9134100ea9446b87a04cda86febe02900e53ca5af2f5b9422c5120bc3291079a7de3ea91ec72e944167e3fbcb97d35a2a904ee66bacf3727a67f7e5bf9fdaadc	\N	f	\N
1215	1	wswriter	a3d23705b1bb5ededfc890707b8e3331760206a6ceb213469fdf320dbe889170c2da17106005c5d057c51462621d7d77f33e005e6b9f1cddec6fa8c9b7a66eb8	\N	f	\N
\.


--
-- Data for Name: virtual_worker; Type: TABLE DATA; Schema: public; Owner: naval
--

COPY virtual_worker (virtual_worker_id, observations) FROM stdin;
\.


--
-- Data for Name: work_report; Type: TABLE DATA; Schema: public; Owner: naval
--

COPY work_report (id, version, code, date, code_autogenerated, last_work_report_line_sequence_code, ork_report_type_id, resource_id, order_element_id) FROM stdin;
24543	1	WORK_REPORT00001	\N	t	6	24038	2025	\N
24544	1	WORK_REPORT00002	\N	t	5	24038	2021	\N
\.


--
-- Data for Name: work_report_label_type_assigment; Type: TABLE DATA; Schema: public; Owner: naval
--

COPY work_report_label_type_assigment (id, version, labels_shared_by_lines, position_number, label_type_id, label_id, work_report_type_id) FROM stdin;
24139	1	t	0	1818	1921	24038
\.


--
-- Data for Name: work_report_line; Type: TABLE DATA; Schema: public; Owner: naval
--

COPY work_report_line (id, version, code, num_hours, date, clock_start, clock_finish, work_report_id, resource_id, order_element_id, type_work_hours_id) FROM stdin;
24442	1	WORK_REPORT00001-00001	9	2011-02-01 00:00:00+01	\N	\N	24543	2025	2963	24240
24443	1	WORK_REPORT00001-00002	2	2011-02-05 00:00:00+01	\N	\N	24543	2025	2963	24241
24444	1	WORK_REPORT00001-00003	4	2011-02-07 00:00:00+01	\N	\N	24543	2025	2963	24240
24445	1	WORK_REPORT00001-00004	8	2011-02-02 00:00:00+01	\N	\N	24543	2025	2963	24240
24446	1	WORK_REPORT00001-00005	8	2011-02-03 00:00:00+01	\N	\N	24543	2025	2963	24240
24447	1	WORK_REPORT00001-00006	4	2011-02-04 00:00:00+01	\N	\N	24543	2025	2963	24240
24450	1	WORK_REPORT00002-00001	9	2011-02-07 00:00:00+01	\N	\N	24544	2021	2968	24240
24451	1	WORK_REPORT00002-00002	9	2011-02-02 00:00:00+01	\N	\N	24544	2021	2968	24240
24452	1	WORK_REPORT00002-00003	9	2011-02-03 00:00:00+01	\N	\N	24544	2021	2968	24240
24453	1	WORK_REPORT00002-00004	4	2011-02-04 00:00:00+01	\N	\N	24544	2021	2968	24240
24454	1	WORK_REPORT00002-00005	4	2011-02-05 00:00:00+01	\N	\N	24544	2021	2968	24241
\.


--
-- Data for Name: work_report_type; Type: TABLE DATA; Schema: public; Owner: naval
--

COPY work_report_type (id, version, name, code, date_is_shared_by_lines, resource_is_shared_in_lines, order_element_is_shared_in_lines, code_autogenerated, hours_management) FROM stdin;
24038	1	Tipo Grupo 1	WORKREPORTTYPE00001	f	t	f	t	0
\.


--
-- Data for Name: worker; Type: TABLE DATA; Schema: public; Owner: naval
--

COPY worker (worker_id, first_name, surname, nif) FROM stdin;
2031	Laura	Menendez Gomez	8976562L
2037	Elias	Baeza Robles	77777777H
2039	Félix	González López	77777777G
2021	Javier 	Martínez Álvarez	11111111F
2043	Elena	Boluda Ferrer	99999999B
2041	Óscar	Iraola Sáez	88888888B
2045	Manuel	Rodríguez Fernández 	99999999F
2047	Raquel	Tilve Moreno	12121212B
2033	Alfonso 	Domínguez Baúl	5555555E
2049	Damian	Pintos Abogado 	23232323B 
2035	Alicia	Muñoz Lages	66666666D
2025	Javier	Pérez Campos	5656565L
2023	María 	Pérez Mariño	22222222D
2027	Lois	Amado  Montes	33333333A
2029	Raúl	Cisneros Díaz	44444444H
26364	fasdf	sdfasdfa	sfdasdfas
\.


--
-- Data for Name: workreports_labels; Type: TABLE DATA; Schema: public; Owner: naval
--

COPY workreports_labels (work_report_id, label_id) FROM stdin;
24543	1921
24544	1921
\.


--
-- Data for Name: workreportslines_labels; Type: TABLE DATA; Schema: public; Owner: naval
--

COPY workreportslines_labels (work_report_line_id, label_id) FROM stdin;
\.


--
-- Name: advance_assignment_pkey; Type: CONSTRAINT; Schema: public; Owner: naval; Tablespace: 
--

ALTER TABLE ONLY advance_assignment
    ADD CONSTRAINT advance_assignment_pkey PRIMARY KEY (id);


--
-- Name: advance_assignment_template_pkey; Type: CONSTRAINT; Schema: public; Owner: naval; Tablespace: 
--

ALTER TABLE ONLY advance_assignment_template
    ADD CONSTRAINT advance_assignment_template_pkey PRIMARY KEY (id);


--
-- Name: advance_measurement_pkey; Type: CONSTRAINT; Schema: public; Owner: naval; Tablespace: 
--

ALTER TABLE ONLY advance_measurement
    ADD CONSTRAINT advance_measurement_pkey PRIMARY KEY (id);


--
-- Name: advance_type_pkey; Type: CONSTRAINT; Schema: public; Owner: naval; Tablespace: 
--

ALTER TABLE ONLY advance_type
    ADD CONSTRAINT advance_type_pkey PRIMARY KEY (id);


--
-- Name: advance_type_unit_name_key; Type: CONSTRAINT; Schema: public; Owner: naval; Tablespace: 
--

ALTER TABLE ONLY advance_type
    ADD CONSTRAINT advance_type_unit_name_key UNIQUE (unit_name);


--
-- Name: all_criterions_pkey; Type: CONSTRAINT; Schema: public; Owner: naval; Tablespace: 
--

ALTER TABLE ONLY all_criterions
    ADD CONSTRAINT all_criterions_pkey PRIMARY KEY (generic_resource_allocation_id, criterion_id);


--
-- Name: assignment_function_pkey; Type: CONSTRAINT; Schema: public; Owner: naval; Tablespace: 
--

ALTER TABLE ONLY assignment_function
    ADD CONSTRAINT assignment_function_pkey PRIMARY KEY (id);


--
-- Name: base_calendar_code_key; Type: CONSTRAINT; Schema: public; Owner: naval; Tablespace: 
--

ALTER TABLE ONLY base_calendar
    ADD CONSTRAINT base_calendar_code_key UNIQUE (code);


--
-- Name: base_calendar_pkey; Type: CONSTRAINT; Schema: public; Owner: naval; Tablespace: 
--

ALTER TABLE ONLY base_calendar
    ADD CONSTRAINT base_calendar_pkey PRIMARY KEY (id);


--
-- Name: calendar_availability_code_key; Type: CONSTRAINT; Schema: public; Owner: naval; Tablespace: 
--

ALTER TABLE ONLY calendar_availability
    ADD CONSTRAINT calendar_availability_code_key UNIQUE (code);


--
-- Name: calendar_availability_pkey; Type: CONSTRAINT; Schema: public; Owner: naval; Tablespace: 
--

ALTER TABLE ONLY calendar_availability
    ADD CONSTRAINT calendar_availability_pkey PRIMARY KEY (id);


--
-- Name: calendar_data_code_key; Type: CONSTRAINT; Schema: public; Owner: naval; Tablespace: 
--

ALTER TABLE ONLY calendar_data
    ADD CONSTRAINT calendar_data_code_key UNIQUE (code);


--
-- Name: calendar_data_pkey; Type: CONSTRAINT; Schema: public; Owner: naval; Tablespace: 
--

ALTER TABLE ONLY calendar_data
    ADD CONSTRAINT calendar_data_pkey PRIMARY KEY (id);


--
-- Name: calendar_exception_code_key; Type: CONSTRAINT; Schema: public; Owner: naval; Tablespace: 
--

ALTER TABLE ONLY calendar_exception
    ADD CONSTRAINT calendar_exception_code_key UNIQUE (code);


--
-- Name: calendar_exception_pkey; Type: CONSTRAINT; Schema: public; Owner: naval; Tablespace: 
--

ALTER TABLE ONLY calendar_exception
    ADD CONSTRAINT calendar_exception_pkey PRIMARY KEY (id);


--
-- Name: calendar_exception_type_code_key; Type: CONSTRAINT; Schema: public; Owner: naval; Tablespace: 
--

ALTER TABLE ONLY calendar_exception_type
    ADD CONSTRAINT calendar_exception_type_code_key UNIQUE (code);


--
-- Name: calendar_exception_type_name_key; Type: CONSTRAINT; Schema: public; Owner: naval; Tablespace: 
--

ALTER TABLE ONLY calendar_exception_type
    ADD CONSTRAINT calendar_exception_type_name_key UNIQUE (name);


--
-- Name: calendar_exception_type_pkey; Type: CONSTRAINT; Schema: public; Owner: naval; Tablespace: 
--

ALTER TABLE ONLY calendar_exception_type
    ADD CONSTRAINT calendar_exception_type_pkey PRIMARY KEY (id);


--
-- Name: configuration_pkey; Type: CONSTRAINT; Schema: public; Owner: naval; Tablespace: 
--

ALTER TABLE ONLY configuration
    ADD CONSTRAINT configuration_pkey PRIMARY KEY (id);


--
-- Name: consolidated_value_pkey; Type: CONSTRAINT; Schema: public; Owner: naval; Tablespace: 
--

ALTER TABLE ONLY consolidated_value
    ADD CONSTRAINT consolidated_value_pkey PRIMARY KEY (id);


--
-- Name: consolidation_pkey; Type: CONSTRAINT; Schema: public; Owner: naval; Tablespace: 
--

ALTER TABLE ONLY consolidation
    ADD CONSTRAINT consolidation_pkey PRIMARY KEY (id);


--
-- Name: cost_category_code_key; Type: CONSTRAINT; Schema: public; Owner: naval; Tablespace: 
--

ALTER TABLE ONLY cost_category
    ADD CONSTRAINT cost_category_code_key UNIQUE (code);


--
-- Name: cost_category_name_key; Type: CONSTRAINT; Schema: public; Owner: naval; Tablespace: 
--

ALTER TABLE ONLY cost_category
    ADD CONSTRAINT cost_category_name_key UNIQUE (name);


--
-- Name: cost_category_pkey; Type: CONSTRAINT; Schema: public; Owner: naval; Tablespace: 
--

ALTER TABLE ONLY cost_category
    ADD CONSTRAINT cost_category_pkey PRIMARY KEY (id);


--
-- Name: criterion_code_key; Type: CONSTRAINT; Schema: public; Owner: naval; Tablespace: 
--

ALTER TABLE ONLY criterion
    ADD CONSTRAINT criterion_code_key UNIQUE (code);


--
-- Name: criterion_name_key; Type: CONSTRAINT; Schema: public; Owner: naval; Tablespace: 
--

ALTER TABLE ONLY criterion
    ADD CONSTRAINT criterion_name_key UNIQUE (id_criterion_type, name);


--
-- Name: criterion_pkey; Type: CONSTRAINT; Schema: public; Owner: naval; Tablespace: 
--

ALTER TABLE ONLY criterion
    ADD CONSTRAINT criterion_pkey PRIMARY KEY (id);


--
-- Name: criterion_requirement_pkey; Type: CONSTRAINT; Schema: public; Owner: naval; Tablespace: 
--

ALTER TABLE ONLY criterion_requirement
    ADD CONSTRAINT criterion_requirement_pkey PRIMARY KEY (id);


--
-- Name: criterion_satisfaction_code_key; Type: CONSTRAINT; Schema: public; Owner: naval; Tablespace: 
--

ALTER TABLE ONLY criterion_satisfaction
    ADD CONSTRAINT criterion_satisfaction_code_key UNIQUE (code);


--
-- Name: criterion_satisfaction_pkey; Type: CONSTRAINT; Schema: public; Owner: naval; Tablespace: 
--

ALTER TABLE ONLY criterion_satisfaction
    ADD CONSTRAINT criterion_satisfaction_pkey PRIMARY KEY (id);


--
-- Name: criterion_type_code_key; Type: CONSTRAINT; Schema: public; Owner: naval; Tablespace: 
--

ALTER TABLE ONLY criterion_type
    ADD CONSTRAINT criterion_type_code_key UNIQUE (code);


--
-- Name: criterion_type_name_key; Type: CONSTRAINT; Schema: public; Owner: naval; Tablespace: 
--

ALTER TABLE ONLY criterion_type
    ADD CONSTRAINT criterion_type_name_key UNIQUE (name);


--
-- Name: criterion_type_pkey; Type: CONSTRAINT; Schema: public; Owner: naval; Tablespace: 
--

ALTER TABLE ONLY criterion_type
    ADD CONSTRAINT criterion_type_pkey PRIMARY KEY (id);


--
-- Name: day_assignment_pkey; Type: CONSTRAINT; Schema: public; Owner: naval; Tablespace: 
--

ALTER TABLE ONLY day_assignment
    ADD CONSTRAINT day_assignment_pkey PRIMARY KEY (id);


--
-- Name: dependency_pkey; Type: CONSTRAINT; Schema: public; Owner: naval; Tablespace: 
--

ALTER TABLE ONLY dependency
    ADD CONSTRAINT dependency_pkey PRIMARY KEY (id);


--
-- Name: derived_allocation_pkey; Type: CONSTRAINT; Schema: public; Owner: naval; Tablespace: 
--

ALTER TABLE ONLY derived_allocation
    ADD CONSTRAINT derived_allocation_pkey PRIMARY KEY (id);


--
-- Name: derived_day_assignments_container_pkey; Type: CONSTRAINT; Schema: public; Owner: naval; Tablespace: 
--

ALTER TABLE ONLY derived_day_assignments_container
    ADD CONSTRAINT derived_day_assignments_container_pkey PRIMARY KEY (id);


--
-- Name: direct_advance_assignment_pkey; Type: CONSTRAINT; Schema: public; Owner: naval; Tablespace: 
--

ALTER TABLE ONLY direct_advance_assignment
    ADD CONSTRAINT direct_advance_assignment_pkey PRIMARY KEY (advance_assignment_id);


--
-- Name: effort_per_day_pkey; Type: CONSTRAINT; Schema: public; Owner: naval; Tablespace: 
--

ALTER TABLE ONLY capacity_per_day
    ADD CONSTRAINT effort_per_day_pkey PRIMARY KEY (base_calendar_id, day_id);


--
-- Name: entity_sequence_pkey; Type: CONSTRAINT; Schema: public; Owner: naval; Tablespace: 
--

ALTER TABLE ONLY entity_sequence
    ADD CONSTRAINT entity_sequence_pkey PRIMARY KEY (id);


--
-- Name: external_company_name_key; Type: CONSTRAINT; Schema: public; Owner: naval; Tablespace: 
--

ALTER TABLE ONLY external_company
    ADD CONSTRAINT external_company_name_key UNIQUE (name);


--
-- Name: external_company_nif_key; Type: CONSTRAINT; Schema: public; Owner: naval; Tablespace: 
--

ALTER TABLE ONLY external_company
    ADD CONSTRAINT external_company_nif_key UNIQUE (nif);


--
-- Name: external_company_pkey; Type: CONSTRAINT; Schema: public; Owner: naval; Tablespace: 
--

ALTER TABLE ONLY external_company
    ADD CONSTRAINT external_company_pkey PRIMARY KEY (id);


--
-- Name: generic_day_assignments_container_pkey; Type: CONSTRAINT; Schema: public; Owner: naval; Tablespace: 
--

ALTER TABLE ONLY generic_day_assignments_container
    ADD CONSTRAINT generic_day_assignments_container_pkey PRIMARY KEY (id);


--
-- Name: generic_resource_allocation_pkey; Type: CONSTRAINT; Schema: public; Owner: naval; Tablespace: 
--

ALTER TABLE ONLY generic_resource_allocation
    ADD CONSTRAINT generic_resource_allocation_pkey PRIMARY KEY (resource_allocation_id);


--
-- Name: hour_cost_code_key; Type: CONSTRAINT; Schema: public; Owner: naval; Tablespace: 
--

ALTER TABLE ONLY hour_cost
    ADD CONSTRAINT hour_cost_code_key UNIQUE (code);


--
-- Name: hour_cost_pkey; Type: CONSTRAINT; Schema: public; Owner: naval; Tablespace: 
--

ALTER TABLE ONLY hour_cost
    ADD CONSTRAINT hour_cost_pkey PRIMARY KEY (id);


--
-- Name: hours_group_code_key; Type: CONSTRAINT; Schema: public; Owner: naval; Tablespace: 
--

ALTER TABLE ONLY hours_group
    ADD CONSTRAINT hours_group_code_key UNIQUE (code);


--
-- Name: hours_group_pkey; Type: CONSTRAINT; Schema: public; Owner: naval; Tablespace: 
--

ALTER TABLE ONLY hours_group
    ADD CONSTRAINT hours_group_pkey PRIMARY KEY (id);


--
-- Name: indirect_advance_assignment_pkey; Type: CONSTRAINT; Schema: public; Owner: naval; Tablespace: 
--

ALTER TABLE ONLY indirect_advance_assignment
    ADD CONSTRAINT indirect_advance_assignment_pkey PRIMARY KEY (advance_assignment_id);


--
-- Name: label_code_key; Type: CONSTRAINT; Schema: public; Owner: naval; Tablespace: 
--

ALTER TABLE ONLY label
    ADD CONSTRAINT label_code_key UNIQUE (code);


--
-- Name: label_name_key; Type: CONSTRAINT; Schema: public; Owner: naval; Tablespace: 
--

ALTER TABLE ONLY label
    ADD CONSTRAINT label_name_key UNIQUE (label_type_id, name);


--
-- Name: label_pkey; Type: CONSTRAINT; Schema: public; Owner: naval; Tablespace: 
--

ALTER TABLE ONLY label
    ADD CONSTRAINT label_pkey PRIMARY KEY (id);


--
-- Name: label_type_code_key; Type: CONSTRAINT; Schema: public; Owner: naval; Tablespace: 
--

ALTER TABLE ONLY label_type
    ADD CONSTRAINT label_type_code_key UNIQUE (code);


--
-- Name: label_type_name_key; Type: CONSTRAINT; Schema: public; Owner: naval; Tablespace: 
--

ALTER TABLE ONLY label_type
    ADD CONSTRAINT label_type_name_key UNIQUE (name);


--
-- Name: label_type_pkey; Type: CONSTRAINT; Schema: public; Owner: naval; Tablespace: 
--

ALTER TABLE ONLY label_type
    ADD CONSTRAINT label_type_pkey PRIMARY KEY (id);


--
-- Name: limiting_resource_queue_dependency_pkey; Type: CONSTRAINT; Schema: public; Owner: naval; Tablespace: 
--

ALTER TABLE ONLY limiting_resource_queue_dependency
    ADD CONSTRAINT limiting_resource_queue_dependency_pkey PRIMARY KEY (id);


--
-- Name: limiting_resource_queue_element_pkey; Type: CONSTRAINT; Schema: public; Owner: naval; Tablespace: 
--

ALTER TABLE ONLY limiting_resource_queue_element
    ADD CONSTRAINT limiting_resource_queue_element_pkey PRIMARY KEY (id);


--
-- Name: limiting_resource_queue_element_resource_allocation_id_key; Type: CONSTRAINT; Schema: public; Owner: naval; Tablespace: 
--

ALTER TABLE ONLY limiting_resource_queue_element
    ADD CONSTRAINT limiting_resource_queue_element_resource_allocation_id_key UNIQUE (resource_allocation_id);


--
-- Name: limiting_resource_queue_pkey; Type: CONSTRAINT; Schema: public; Owner: naval; Tablespace: 
--

ALTER TABLE ONLY limiting_resource_queue
    ADD CONSTRAINT limiting_resource_queue_pkey PRIMARY KEY (id);


--
-- Name: limiting_resource_queue_resource_id_key; Type: CONSTRAINT; Schema: public; Owner: naval; Tablespace: 
--

ALTER TABLE ONLY limiting_resource_queue
    ADD CONSTRAINT limiting_resource_queue_resource_id_key UNIQUE (resource_id);


--
-- Name: machine_configuration_unit_required_criterions_pkey; Type: CONSTRAINT; Schema: public; Owner: naval; Tablespace: 
--

ALTER TABLE ONLY machine_configuration_unit_required_criterions
    ADD CONSTRAINT machine_configuration_unit_required_criterions_pkey PRIMARY KEY (id, criterion_id);


--
-- Name: machine_pkey; Type: CONSTRAINT; Schema: public; Owner: naval; Tablespace: 
--

ALTER TABLE ONLY machine
    ADD CONSTRAINT machine_pkey PRIMARY KEY (machine_id);


--
-- Name: machine_worker_assignment_pkey; Type: CONSTRAINT; Schema: public; Owner: naval; Tablespace: 
--

ALTER TABLE ONLY machine_worker_assignment
    ADD CONSTRAINT machine_worker_assignment_pkey PRIMARY KEY (id);


--
-- Name: machine_workers_configuration_unit_pkey; Type: CONSTRAINT; Schema: public; Owner: naval; Tablespace: 
--

ALTER TABLE ONLY machine_workers_configuration_unit
    ADD CONSTRAINT machine_workers_configuration_unit_pkey PRIMARY KEY (id);


--
-- Name: material_assigment_pkey; Type: CONSTRAINT; Schema: public; Owner: naval; Tablespace: 
--

ALTER TABLE ONLY material_assigment
    ADD CONSTRAINT material_assigment_pkey PRIMARY KEY (id);


--
-- Name: material_assigment_template_pkey; Type: CONSTRAINT; Schema: public; Owner: naval; Tablespace: 
--

ALTER TABLE ONLY material_assigment_template
    ADD CONSTRAINT material_assigment_template_pkey PRIMARY KEY (id);


--
-- Name: material_category_code_key; Type: CONSTRAINT; Schema: public; Owner: naval; Tablespace: 
--

ALTER TABLE ONLY material_category
    ADD CONSTRAINT material_category_code_key UNIQUE (code);


--
-- Name: material_category_pkey; Type: CONSTRAINT; Schema: public; Owner: naval; Tablespace: 
--

ALTER TABLE ONLY material_category
    ADD CONSTRAINT material_category_pkey PRIMARY KEY (id);


--
-- Name: material_code_key; Type: CONSTRAINT; Schema: public; Owner: naval; Tablespace: 
--

ALTER TABLE ONLY material
    ADD CONSTRAINT material_code_key UNIQUE (code);


--
-- Name: material_pkey; Type: CONSTRAINT; Schema: public; Owner: naval; Tablespace: 
--

ALTER TABLE ONLY material
    ADD CONSTRAINT material_pkey PRIMARY KEY (id);


--
-- Name: order_authorization_pkey; Type: CONSTRAINT; Schema: public; Owner: naval; Tablespace: 
--

ALTER TABLE ONLY order_authorization
    ADD CONSTRAINT order_authorization_pkey PRIMARY KEY (id);


--
-- Name: order_element_code_key; Type: CONSTRAINT; Schema: public; Owner: naval; Tablespace: 
--

ALTER TABLE ONLY order_element
    ADD CONSTRAINT order_element_code_key UNIQUE (code);


--
-- Name: order_element_label_pkey; Type: CONSTRAINT; Schema: public; Owner: naval; Tablespace: 
--

ALTER TABLE ONLY order_element_label
    ADD CONSTRAINT order_element_label_pkey PRIMARY KEY (order_element_id, label_id);


--
-- Name: order_element_pkey; Type: CONSTRAINT; Schema: public; Owner: naval; Tablespace: 
--

ALTER TABLE ONLY order_element
    ADD CONSTRAINT order_element_pkey PRIMARY KEY (id);


--
-- Name: order_element_sum_charged_hours_id_key; Type: CONSTRAINT; Schema: public; Owner: naval; Tablespace: 
--

ALTER TABLE ONLY order_element
    ADD CONSTRAINT order_element_sum_charged_hours_id_key UNIQUE (sum_charged_hours_id);


--
-- Name: order_element_template_label_pkey; Type: CONSTRAINT; Schema: public; Owner: naval; Tablespace: 
--

ALTER TABLE ONLY order_element_template_label
    ADD CONSTRAINT order_element_template_label_pkey PRIMARY KEY (order_element_template_id, label_id);


--
-- Name: order_element_template_pkey; Type: CONSTRAINT; Schema: public; Owner: naval; Tablespace: 
--

ALTER TABLE ONLY order_element_template
    ADD CONSTRAINT order_element_template_pkey PRIMARY KEY (id);


--
-- Name: order_element_template_quality_form_pkey; Type: CONSTRAINT; Schema: public; Owner: naval; Tablespace: 
--

ALTER TABLE ONLY order_element_template_quality_form
    ADD CONSTRAINT order_element_template_quality_form_pkey PRIMARY KEY (order_element_template_id, quality_form_id);


--
-- Name: order_line_group_pkey; Type: CONSTRAINT; Schema: public; Owner: naval; Tablespace: 
--

ALTER TABLE ONLY order_line_group
    ADD CONSTRAINT order_line_group_pkey PRIMARY KEY (order_element_id);


--
-- Name: order_line_group_template_pkey; Type: CONSTRAINT; Schema: public; Owner: naval; Tablespace: 
--

ALTER TABLE ONLY order_line_group_template
    ADD CONSTRAINT order_line_group_template_pkey PRIMARY KEY (group_template_id);


--
-- Name: order_line_pkey; Type: CONSTRAINT; Schema: public; Owner: naval; Tablespace: 
--

ALTER TABLE ONLY order_line
    ADD CONSTRAINT order_line_pkey PRIMARY KEY (order_element_id);


--
-- Name: order_line_template_pkey; Type: CONSTRAINT; Schema: public; Owner: naval; Tablespace: 
--

ALTER TABLE ONLY order_line_template
    ADD CONSTRAINT order_line_template_pkey PRIMARY KEY (order_line_template_id);


--
-- Name: order_table_pkey; Type: CONSTRAINT; Schema: public; Owner: naval; Tablespace: 
--

ALTER TABLE ONLY order_table
    ADD CONSTRAINT order_table_pkey PRIMARY KEY (order_element_id);


--
-- Name: order_template_pkey; Type: CONSTRAINT; Schema: public; Owner: naval; Tablespace: 
--

ALTER TABLE ONLY order_template
    ADD CONSTRAINT order_template_pkey PRIMARY KEY (order_template_id);


--
-- Name: order_version_pkey; Type: CONSTRAINT; Schema: public; Owner: naval; Tablespace: 
--

ALTER TABLE ONLY order_version
    ADD CONSTRAINT order_version_pkey PRIMARY KEY (id);


--
-- Name: pk_databasechangelog; Type: CONSTRAINT; Schema: public; Owner: naval; Tablespace: 
--

ALTER TABLE ONLY databasechangelog
    ADD CONSTRAINT pk_databasechangelog PRIMARY KEY (id, author, filename);


--
-- Name: pk_databasechangeloglock; Type: CONSTRAINT; Schema: public; Owner: naval; Tablespace: 
--

ALTER TABLE ONLY databasechangeloglock
    ADD CONSTRAINT pk_databasechangeloglock PRIMARY KEY (id);


--
-- Name: planning_data_pkey; Type: CONSTRAINT; Schema: public; Owner: naval; Tablespace: 
--

ALTER TABLE ONLY planning_data
    ADD CONSTRAINT planning_data_pkey PRIMARY KEY (planning_data_id);


--
-- Name: profile_table_pkey; Type: CONSTRAINT; Schema: public; Owner: naval; Tablespace: 
--

ALTER TABLE ONLY profile_table
    ADD CONSTRAINT profile_table_pkey PRIMARY KEY (id);


--
-- Name: profile_table_profile_name_key; Type: CONSTRAINT; Schema: public; Owner: naval; Tablespace: 
--

ALTER TABLE ONLY profile_table
    ADD CONSTRAINT profile_table_profile_name_key UNIQUE (profile_name);


--
-- Name: quality_form_items_pkey; Type: CONSTRAINT; Schema: public; Owner: naval; Tablespace: 
--

ALTER TABLE ONLY quality_form_items
    ADD CONSTRAINT quality_form_items_pkey PRIMARY KEY (quality_form_id, idx);


--
-- Name: quality_form_name_key; Type: CONSTRAINT; Schema: public; Owner: naval; Tablespace: 
--

ALTER TABLE ONLY quality_form
    ADD CONSTRAINT quality_form_name_key UNIQUE (name);


--
-- Name: quality_form_pkey; Type: CONSTRAINT; Schema: public; Owner: naval; Tablespace: 
--

ALTER TABLE ONLY quality_form
    ADD CONSTRAINT quality_form_pkey PRIMARY KEY (id);


--
-- Name: resource_allocation_pkey; Type: CONSTRAINT; Schema: public; Owner: naval; Tablespace: 
--

ALTER TABLE ONLY resource_allocation
    ADD CONSTRAINT resource_allocation_pkey PRIMARY KEY (id);


--
-- Name: resource_base_calendar_id_key; Type: CONSTRAINT; Schema: public; Owner: naval; Tablespace: 
--

ALTER TABLE ONLY resource
    ADD CONSTRAINT resource_base_calendar_id_key UNIQUE (base_calendar_id);


--
-- Name: resource_calendar_pkey; Type: CONSTRAINT; Schema: public; Owner: naval; Tablespace: 
--

ALTER TABLE ONLY resource_calendar
    ADD CONSTRAINT resource_calendar_pkey PRIMARY KEY (base_calendar_id);


--
-- Name: resource_code_key; Type: CONSTRAINT; Schema: public; Owner: naval; Tablespace: 
--

ALTER TABLE ONLY resource
    ADD CONSTRAINT resource_code_key UNIQUE (code);


--
-- Name: resource_pkey; Type: CONSTRAINT; Schema: public; Owner: naval; Tablespace: 
--

ALTER TABLE ONLY resource
    ADD CONSTRAINT resource_pkey PRIMARY KEY (id);


--
-- Name: resources_cost_category_assignment_code_key; Type: CONSTRAINT; Schema: public; Owner: naval; Tablespace: 
--

ALTER TABLE ONLY resources_cost_category_assignment
    ADD CONSTRAINT resources_cost_category_assignment_code_key UNIQUE (code);


--
-- Name: resources_cost_category_assignment_pkey; Type: CONSTRAINT; Schema: public; Owner: naval; Tablespace: 
--

ALTER TABLE ONLY resources_cost_category_assignment
    ADD CONSTRAINT resources_cost_category_assignment_pkey PRIMARY KEY (id);


--
-- Name: scenario_orders_pkey; Type: CONSTRAINT; Schema: public; Owner: naval; Tablespace: 
--

ALTER TABLE ONLY scenario_orders
    ADD CONSTRAINT scenario_orders_pkey PRIMARY KEY (scenario_id, order_id);


--
-- Name: scenario_pkey; Type: CONSTRAINT; Schema: public; Owner: naval; Tablespace: 
--

ALTER TABLE ONLY scenario
    ADD CONSTRAINT scenario_pkey PRIMARY KEY (id);


--
-- Name: scheduling_data_for_version_pkey; Type: CONSTRAINT; Schema: public; Owner: naval; Tablespace: 
--

ALTER TABLE ONLY scheduling_data_for_version
    ADD CONSTRAINT scheduling_data_for_version_pkey PRIMARY KEY (id);


--
-- Name: scheduling_states_by_order_version_pkey; Type: CONSTRAINT; Schema: public; Owner: naval; Tablespace: 
--

ALTER TABLE ONLY scheduling_states_by_order_version
    ADD CONSTRAINT scheduling_states_by_order_version_pkey PRIMARY KEY (order_element_id, order_version_id);


--
-- Name: sigmoid_function_pkey; Type: CONSTRAINT; Schema: public; Owner: naval; Tablespace: 
--

ALTER TABLE ONLY sigmoid_function
    ADD CONSTRAINT sigmoid_function_pkey PRIMARY KEY (assignment_function_id);


--
-- Name: specific_day_assignments_container_pkey; Type: CONSTRAINT; Schema: public; Owner: naval; Tablespace: 
--

ALTER TABLE ONLY specific_day_assignments_container
    ADD CONSTRAINT specific_day_assignments_container_pkey PRIMARY KEY (id);


--
-- Name: specific_resource_allocation_pkey; Type: CONSTRAINT; Schema: public; Owner: naval; Tablespace: 
--

ALTER TABLE ONLY specific_resource_allocation
    ADD CONSTRAINT specific_resource_allocation_pkey PRIMARY KEY (resource_allocation_id);


--
-- Name: stretches_function_pkey; Type: CONSTRAINT; Schema: public; Owner: naval; Tablespace: 
--

ALTER TABLE ONLY stretches_function
    ADD CONSTRAINT stretches_function_pkey PRIMARY KEY (assignment_function_id);


--
-- Name: stretches_pkey; Type: CONSTRAINT; Schema: public; Owner: naval; Tablespace: 
--

ALTER TABLE ONLY stretches
    ADD CONSTRAINT stretches_pkey PRIMARY KEY (assignment_function_id, stretch_position);


--
-- Name: subcontracted_task_data_pkey; Type: CONSTRAINT; Schema: public; Owner: naval; Tablespace: 
--

ALTER TABLE ONLY subcontracted_task_data
    ADD CONSTRAINT subcontracted_task_data_pkey PRIMARY KEY (id);


--
-- Name: sum_charged_hours_pkey; Type: CONSTRAINT; Schema: public; Owner: naval; Tablespace: 
--

ALTER TABLE ONLY sum_charged_hours
    ADD CONSTRAINT sum_charged_hours_pkey PRIMARY KEY (id);


--
-- Name: task_element_pkey; Type: CONSTRAINT; Schema: public; Owner: naval; Tablespace: 
--

ALTER TABLE ONLY task_element
    ADD CONSTRAINT task_element_pkey PRIMARY KEY (id);


--
-- Name: task_group_pkey; Type: CONSTRAINT; Schema: public; Owner: naval; Tablespace: 
--

ALTER TABLE ONLY task_group
    ADD CONSTRAINT task_group_pkey PRIMARY KEY (task_element_id);


--
-- Name: task_milestone_pkey; Type: CONSTRAINT; Schema: public; Owner: naval; Tablespace: 
--

ALTER TABLE ONLY task_milestone
    ADD CONSTRAINT task_milestone_pkey PRIMARY KEY (task_element_id);


--
-- Name: task_pkey; Type: CONSTRAINT; Schema: public; Owner: naval; Tablespace: 
--

ALTER TABLE ONLY task
    ADD CONSTRAINT task_pkey PRIMARY KEY (task_element_id);


--
-- Name: task_quality_form_items_pkey; Type: CONSTRAINT; Schema: public; Owner: naval; Tablespace: 
--

ALTER TABLE ONLY task_quality_form_items
    ADD CONSTRAINT task_quality_form_items_pkey PRIMARY KEY (task_quality_form_id, idx);


--
-- Name: task_quality_form_pkey; Type: CONSTRAINT; Schema: public; Owner: naval; Tablespace: 
--

ALTER TABLE ONLY task_quality_form
    ADD CONSTRAINT task_quality_form_pkey PRIMARY KEY (id);


--
-- Name: task_source_hours_groups_pkey; Type: CONSTRAINT; Schema: public; Owner: naval; Tablespace: 
--

ALTER TABLE ONLY task_source_hours_groups
    ADD CONSTRAINT task_source_hours_groups_pkey PRIMARY KEY (task_source_id, hours_group_id);


--
-- Name: task_source_pkey; Type: CONSTRAINT; Schema: public; Owner: naval; Tablespace: 
--

ALTER TABLE ONLY task_source
    ADD CONSTRAINT task_source_pkey PRIMARY KEY (id);


--
-- Name: task_source_schedulingdata_key; Type: CONSTRAINT; Schema: public; Owner: naval; Tablespace: 
--

ALTER TABLE ONLY task_source
    ADD CONSTRAINT task_source_schedulingdata_key UNIQUE (schedulingdata);


--
-- Name: task_subcontrated_task_data_id_key; Type: CONSTRAINT; Schema: public; Owner: naval; Tablespace: 
--

ALTER TABLE ONLY task
    ADD CONSTRAINT task_subcontrated_task_data_id_key UNIQUE (subcontrated_task_data_id);


--
-- Name: type_of_work_hours_code_key; Type: CONSTRAINT; Schema: public; Owner: naval; Tablespace: 
--

ALTER TABLE ONLY type_of_work_hours
    ADD CONSTRAINT type_of_work_hours_code_key UNIQUE (code);


--
-- Name: type_of_work_hours_name_key; Type: CONSTRAINT; Schema: public; Owner: naval; Tablespace: 
--

ALTER TABLE ONLY type_of_work_hours
    ADD CONSTRAINT type_of_work_hours_name_key UNIQUE (name);


--
-- Name: type_of_work_hours_pkey; Type: CONSTRAINT; Schema: public; Owner: naval; Tablespace: 
--

ALTER TABLE ONLY type_of_work_hours
    ADD CONSTRAINT type_of_work_hours_pkey PRIMARY KEY (id);


--
-- Name: unit_type_code_key; Type: CONSTRAINT; Schema: public; Owner: naval; Tablespace: 
--

ALTER TABLE ONLY unit_type
    ADD CONSTRAINT unit_type_code_key UNIQUE (code);


--
-- Name: unit_type_pkey; Type: CONSTRAINT; Schema: public; Owner: naval; Tablespace: 
--

ALTER TABLE ONLY unit_type
    ADD CONSTRAINT unit_type_pkey PRIMARY KEY (id);


--
-- Name: user_profiles_pkey; Type: CONSTRAINT; Schema: public; Owner: naval; Tablespace: 
--

ALTER TABLE ONLY user_profiles
    ADD CONSTRAINT user_profiles_pkey PRIMARY KEY (user_id, profile_id);


--
-- Name: user_table_login_name_key; Type: CONSTRAINT; Schema: public; Owner: naval; Tablespace: 
--

ALTER TABLE ONLY user_table
    ADD CONSTRAINT user_table_login_name_key UNIQUE (login_name);


--
-- Name: user_table_pkey; Type: CONSTRAINT; Schema: public; Owner: naval; Tablespace: 
--

ALTER TABLE ONLY user_table
    ADD CONSTRAINT user_table_pkey PRIMARY KEY (id);


--
-- Name: virtual_worker_pkey; Type: CONSTRAINT; Schema: public; Owner: naval; Tablespace: 
--

ALTER TABLE ONLY virtual_worker
    ADD CONSTRAINT virtual_worker_pkey PRIMARY KEY (virtual_worker_id);


--
-- Name: work_report_code_key; Type: CONSTRAINT; Schema: public; Owner: naval; Tablespace: 
--

ALTER TABLE ONLY work_report
    ADD CONSTRAINT work_report_code_key UNIQUE (code);


--
-- Name: work_report_label_type_assigment_pkey; Type: CONSTRAINT; Schema: public; Owner: naval; Tablespace: 
--

ALTER TABLE ONLY work_report_label_type_assigment
    ADD CONSTRAINT work_report_label_type_assigment_pkey PRIMARY KEY (id);


--
-- Name: work_report_line_code_key; Type: CONSTRAINT; Schema: public; Owner: naval; Tablespace: 
--

ALTER TABLE ONLY work_report_line
    ADD CONSTRAINT work_report_line_code_key UNIQUE (code);


--
-- Name: work_report_line_pkey; Type: CONSTRAINT; Schema: public; Owner: naval; Tablespace: 
--

ALTER TABLE ONLY work_report_line
    ADD CONSTRAINT work_report_line_pkey PRIMARY KEY (id);


--
-- Name: work_report_pkey; Type: CONSTRAINT; Schema: public; Owner: naval; Tablespace: 
--

ALTER TABLE ONLY work_report
    ADD CONSTRAINT work_report_pkey PRIMARY KEY (id);


--
-- Name: work_report_type_code_key; Type: CONSTRAINT; Schema: public; Owner: naval; Tablespace: 
--

ALTER TABLE ONLY work_report_type
    ADD CONSTRAINT work_report_type_code_key UNIQUE (code);


--
-- Name: work_report_type_name_key; Type: CONSTRAINT; Schema: public; Owner: naval; Tablespace: 
--

ALTER TABLE ONLY work_report_type
    ADD CONSTRAINT work_report_type_name_key UNIQUE (name);


--
-- Name: work_report_type_pkey; Type: CONSTRAINT; Schema: public; Owner: naval; Tablespace: 
--

ALTER TABLE ONLY work_report_type
    ADD CONSTRAINT work_report_type_pkey PRIMARY KEY (id);


--
-- Name: worker_pkey; Type: CONSTRAINT; Schema: public; Owner: naval; Tablespace: 
--

ALTER TABLE ONLY worker
    ADD CONSTRAINT worker_pkey PRIMARY KEY (worker_id);


--
-- Name: workreports_labels_pkey; Type: CONSTRAINT; Schema: public; Owner: naval; Tablespace: 
--

ALTER TABLE ONLY workreports_labels
    ADD CONSTRAINT workreports_labels_pkey PRIMARY KEY (work_report_id, label_id);


--
-- Name: workreportslines_labels_pkey; Type: CONSTRAINT; Schema: public; Owner: naval; Tablespace: 
--

ALTER TABLE ONLY workreportslines_labels
    ADD CONSTRAINT workreportslines_labels_pkey PRIMARY KEY (work_report_line_id, label_id);


--
-- Name: fk101a54bf87fa6b5d; Type: FK CONSTRAINT; Schema: public; Owner: naval
--

ALTER TABLE ONLY task_quality_form_items
    ADD CONSTRAINT fk101a54bf87fa6b5d FOREIGN KEY (task_quality_form_id) REFERENCES task_quality_form(id);


--
-- Name: fk11d365279578651e; Type: FK CONSTRAINT; Schema: public; Owner: naval
--

ALTER TABLE ONLY material
    ADD CONSTRAINT fk11d365279578651e FOREIGN KEY (category_id) REFERENCES material_category(id);


--
-- Name: fk11d36527f11b2d0; Type: FK CONSTRAINT; Schema: public; Owner: naval
--

ALTER TABLE ONLY material
    ADD CONSTRAINT fk11d36527f11b2d0 FOREIGN KEY (unit_type) REFERENCES unit_type(id);


--
-- Name: fk16e20ea114a5c61; Type: FK CONSTRAINT; Schema: public; Owner: naval
--

ALTER TABLE ONLY criterion
    ADD CONSTRAINT fk16e20ea114a5c61 FOREIGN KEY (id_criterion_type) REFERENCES criterion_type(id);


--
-- Name: fk16e20ea13a156175; Type: FK CONSTRAINT; Schema: public; Owner: naval
--

ALTER TABLE ONLY criterion
    ADD CONSTRAINT fk16e20ea13a156175 FOREIGN KEY (parent) REFERENCES criterion(id);


--
-- Name: fk172a16c02f2d3aec; Type: FK CONSTRAINT; Schema: public; Owner: naval
--

ALTER TABLE ONLY direct_advance_assignment
    ADD CONSTRAINT fk172a16c02f2d3aec FOREIGN KEY (advance_assignment_id) REFERENCES advance_assignment(id);


--
-- Name: fk172a16c0a1127ce5; Type: FK CONSTRAINT; Schema: public; Owner: naval
--

ALTER TABLE ONLY direct_advance_assignment
    ADD CONSTRAINT fk172a16c0a1127ce5 FOREIGN KEY (direct_order_element_id) REFERENCES order_element(id);


--
-- Name: fk1e6bf5475c390c4; Type: FK CONSTRAINT; Schema: public; Owner: naval
--

ALTER TABLE ONLY description_values_in_line
    ADD CONSTRAINT fk1e6bf5475c390c4 FOREIGN KEY (description_value_id) REFERENCES work_report_line(id);


--
-- Name: fk1fc5f45575ed79ba; Type: FK CONSTRAINT; Schema: public; Owner: naval
--

ALTER TABLE ONLY limiting_resource_queue_element
    ADD CONSTRAINT fk1fc5f45575ed79ba FOREIGN KEY (resource_allocation_id) REFERENCES resource_allocation(id);


--
-- Name: fk1fc5f455bd2209e8; Type: FK CONSTRAINT; Schema: public; Owner: naval
--

ALTER TABLE ONLY limiting_resource_queue_element
    ADD CONSTRAINT fk1fc5f455bd2209e8 FOREIGN KEY (limiting_resource_queue_id) REFERENCES limiting_resource_queue(id);


--
-- Name: fk225ff96a8c4c676c; Type: FK CONSTRAINT; Schema: public; Owner: naval
--

ALTER TABLE ONLY criterion_satisfaction
    ADD CONSTRAINT fk225ff96a8c4c676c FOREIGN KEY (criterion) REFERENCES criterion(id);


--
-- Name: fk225ff96aeae850b2; Type: FK CONSTRAINT; Schema: public; Owner: naval
--

ALTER TABLE ONLY criterion_satisfaction
    ADD CONSTRAINT fk225ff96aeae850b2 FOREIGN KEY (resource) REFERENCES resource(id);


--
-- Name: fk27c2a21648d21790; Type: FK CONSTRAINT; Schema: public; Owner: naval
--

ALTER TABLE ONLY resources_cost_category_assignment
    ADD CONSTRAINT fk27c2a21648d21790 FOREIGN KEY (resource_id) REFERENCES resource(id);


--
-- Name: fk27c2a216c29ad8eb; Type: FK CONSTRAINT; Schema: public; Owner: naval
--

ALTER TABLE ONLY resources_cost_category_assignment
    ADD CONSTRAINT fk27c2a216c29ad8eb FOREIGN KEY (cost_category_id) REFERENCES cost_category(id);


--
-- Name: fk2908787d415884f6; Type: FK CONSTRAINT; Schema: public; Owner: naval
--

ALTER TABLE ONLY heading_field
    ADD CONSTRAINT fk2908787d415884f6 FOREIGN KEY (heading_id) REFERENCES work_report_type(id);


--
-- Name: fk2d124245efda874f; Type: FK CONSTRAINT; Schema: public; Owner: naval
--

ALTER TABLE ONLY order_line
    ADD CONSTRAINT fk2d124245efda874f FOREIGN KEY (order_element_id) REFERENCES order_element(id);


--
-- Name: fk2e7e6bcc5567ad13; Type: FK CONSTRAINT; Schema: public; Owner: naval
--

ALTER TABLE ONLY roles_table
    ADD CONSTRAINT fk2e7e6bcc5567ad13 FOREIGN KEY (user_id) REFERENCES user_table(id);


--
-- Name: fk31314447937680b7; Type: FK CONSTRAINT; Schema: public; Owner: naval
--

ALTER TABLE ONLY machine
    ADD CONSTRAINT fk31314447937680b7 FOREIGN KEY (machine_id) REFERENCES resource(id);


--
-- Name: fk3525435419b9dfde; Type: FK CONSTRAINT; Schema: public; Owner: naval
--

ALTER TABLE ONLY material_assigment_template
    ADD CONSTRAINT fk3525435419b9dfde FOREIGN KEY (order_element_template_id) REFERENCES order_element_template(id);


--
-- Name: fk35254354b5c68337; Type: FK CONSTRAINT; Schema: public; Owner: naval
--

ALTER TABLE ONLY material_assigment_template
    ADD CONSTRAINT fk35254354b5c68337 FOREIGN KEY (material_id) REFERENCES material(id);


--
-- Name: fk35588e2d3ae24ff8; Type: FK CONSTRAINT; Schema: public; Owner: naval
--

ALTER TABLE ONLY consolidated_value
    ADD CONSTRAINT fk35588e2d3ae24ff8 FOREIGN KEY (consolidation_id) REFERENCES consolidation(id);


--
-- Name: fk35588e2db96bba28; Type: FK CONSTRAINT; Schema: public; Owner: naval
--

ALTER TABLE ONLY consolidated_value
    ADD CONSTRAINT fk35588e2db96bba28 FOREIGN KEY (advance_measurement_id) REFERENCES advance_measurement(id);


--
-- Name: fk35bc4ed63804cfa; Type: FK CONSTRAINT; Schema: public; Owner: naval
--

ALTER TABLE ONLY subcontracted_task_data
    ADD CONSTRAINT fk35bc4ed63804cfa FOREIGN KEY (external_company) REFERENCES external_company(id);


--
-- Name: fk3635854936bb8c; Type: FK CONSTRAINT; Schema: public; Owner: naval
--

ALTER TABLE ONLY task
    ADD CONSTRAINT fk3635854936bb8c FOREIGN KEY (task_element_id) REFERENCES task_element(id);


--
-- Name: fk3635855b595a0; Type: FK CONSTRAINT; Schema: public; Owner: naval
--

ALTER TABLE ONLY task
    ADD CONSTRAINT fk3635855b595a0 FOREIGN KEY (subcontrated_task_data_id) REFERENCES subcontracted_task_data(id);


--
-- Name: fk3b9a8148c29ad8eb; Type: FK CONSTRAINT; Schema: public; Owner: naval
--

ALTER TABLE ONLY hour_cost
    ADD CONSTRAINT fk3b9a8148c29ad8eb FOREIGN KEY (cost_category_id) REFERENCES cost_category(id);


--
-- Name: fk3b9a8148d5b6184d; Type: FK CONSTRAINT; Schema: public; Owner: naval
--

ALTER TABLE ONLY hour_cost
    ADD CONSTRAINT fk3b9a8148d5b6184d FOREIGN KEY (type_of_work_hours_id) REFERENCES type_of_work_hours(id);


--
-- Name: fk4339b2e41638aab; Type: FK CONSTRAINT; Schema: public; Owner: naval
--

ALTER TABLE ONLY order_element_template
    ADD CONSTRAINT fk4339b2e41638aab FOREIGN KEY (parent) REFERENCES order_line_group_template(group_template_id);


--
-- Name: fk4356e07e8b37665c; Type: FK CONSTRAINT; Schema: public; Owner: naval
--

ALTER TABLE ONLY task_quality_form
    ADD CONSTRAINT fk4356e07e8b37665c FOREIGN KEY (quality_form_id) REFERENCES quality_form(id);


--
-- Name: fk4356e07eefda874f; Type: FK CONSTRAINT; Schema: public; Owner: naval
--

ALTER TABLE ONLY task_quality_form
    ADD CONSTRAINT fk4356e07eefda874f FOREIGN KEY (order_element_id) REFERENCES order_element(id);


--
-- Name: fk4949f0241a5e11f8; Type: FK CONSTRAINT; Schema: public; Owner: naval
--

ALTER TABLE ONLY stretches_function
    ADD CONSTRAINT fk4949f0241a5e11f8 FOREIGN KEY (assignment_function_id) REFERENCES assignment_function(id);


--
-- Name: fk4d9497454936bb8c; Type: FK CONSTRAINT; Schema: public; Owner: naval
--

ALTER TABLE ONLY task_group
    ADD CONSTRAINT fk4d9497454936bb8c FOREIGN KEY (task_element_id) REFERENCES task_element(id);


--
-- Name: fk557738bca44abee3; Type: FK CONSTRAINT; Schema: public; Owner: naval
--

ALTER TABLE ONLY calendar_availability
    ADD CONSTRAINT fk557738bca44abee3 FOREIGN KEY (base_calendar_id) REFERENCES base_calendar(id);


--
-- Name: fk5948535228f2695; Type: FK CONSTRAINT; Schema: public; Owner: naval
--

ALTER TABLE ONLY limiting_resource_queue_dependency
    ADD CONSTRAINT fk5948535228f2695 FOREIGN KEY (origin_queue_element_id) REFERENCES limiting_resource_queue_element(id);


--
-- Name: fk59485352e42f8d29; Type: FK CONSTRAINT; Schema: public; Owner: naval
--

ALTER TABLE ONLY limiting_resource_queue_dependency
    ADD CONSTRAINT fk59485352e42f8d29 FOREIGN KEY (destiny_queue_element_id) REFERENCES limiting_resource_queue_element(id);


--
-- Name: fk616de2a319b9dfde; Type: FK CONSTRAINT; Schema: public; Owner: naval
--

ALTER TABLE ONLY order_element_template_label
    ADD CONSTRAINT fk616de2a319b9dfde FOREIGN KEY (order_element_template_id) REFERENCES order_element_template(id);


--
-- Name: fk616de2a3c1c2746e; Type: FK CONSTRAINT; Schema: public; Owner: naval
--

ALTER TABLE ONLY order_element_template_label
    ADD CONSTRAINT fk616de2a3c1c2746e FOREIGN KEY (label_id) REFERENCES label(id);


--
-- Name: fk61f7ef4707cd777; Type: FK CONSTRAINT; Schema: public; Owner: naval
--

ALTER TABLE ONLY label
    ADD CONSTRAINT fk61f7ef4707cd777 FOREIGN KEY (label_type_id) REFERENCES label_type(id);


--
-- Name: fk6476ce4b9a4a7d90; Type: FK CONSTRAINT; Schema: public; Owner: naval
--

ALTER TABLE ONLY order_template
    ADD CONSTRAINT fk6476ce4b9a4a7d90 FOREIGN KEY (order_template_id) REFERENCES order_line_group_template(group_template_id);


--
-- Name: fk6476ce4ba44abee3; Type: FK CONSTRAINT; Schema: public; Owner: naval
--

ALTER TABLE ONLY order_template
    ADD CONSTRAINT fk6476ce4ba44abee3 FOREIGN KEY (base_calendar_id) REFERENCES base_calendar(id);


--
-- Name: fk64cbad3b218d7620; Type: FK CONSTRAINT; Schema: public; Owner: naval
--

ALTER TABLE ONLY indirect_advance_assignment
    ADD CONSTRAINT fk64cbad3b218d7620 FOREIGN KEY (indirect_order_element_id) REFERENCES order_element(id);


--
-- Name: fk64cbad3b2f2d3aec; Type: FK CONSTRAINT; Schema: public; Owner: naval
--

ALTER TABLE ONLY indirect_advance_assignment
    ADD CONSTRAINT fk64cbad3b2f2d3aec FOREIGN KEY (advance_assignment_id) REFERENCES advance_assignment(id);


--
-- Name: fk64cbad3b8202350f; Type: FK CONSTRAINT; Schema: public; Owner: naval
--

ALTER TABLE ONLY indirect_advance_assignment
    ADD CONSTRAINT fk64cbad3b8202350f FOREIGN KEY (indirect_order_element_id) REFERENCES order_line_group(order_element_id);


--
-- Name: fk672eed98efda874f; Type: FK CONSTRAINT; Schema: public; Owner: naval
--

ALTER TABLE ONLY scheduling_data_for_version
    ADD CONSTRAINT fk672eed98efda874f FOREIGN KEY (order_element_id) REFERENCES order_element(id);


--
-- Name: fk733374f6cc119699; Type: FK CONSTRAINT; Schema: public; Owner: naval
--

ALTER TABLE ONLY configuration
    ADD CONSTRAINT fk733374f6cc119699 FOREIGN KEY (configuration_id) REFERENCES base_calendar(id);


--
-- Name: fk7358465a4cd98327; Type: FK CONSTRAINT; Schema: public; Owner: naval
--

ALTER TABLE ONLY user_table
    ADD CONSTRAINT fk7358465a4cd98327 FOREIGN KEY (lastconnectedscenario) REFERENCES scenario(id);


--
-- Name: fk74fc040b7fa34e3f; Type: FK CONSTRAINT; Schema: public; Owner: naval
--

ALTER TABLE ONLY calendar_data
    ADD CONSTRAINT fk74fc040b7fa34e3f FOREIGN KEY (parent) REFERENCES base_calendar(id);


--
-- Name: fk74fc040ba44abee3; Type: FK CONSTRAINT; Schema: public; Owner: naval
--

ALTER TABLE ONLY calendar_data
    ADD CONSTRAINT fk74fc040ba44abee3 FOREIGN KEY (base_calendar_id) REFERENCES base_calendar(id);


--
-- Name: fk75a2f39d4ec080cf; Type: FK CONSTRAINT; Schema: public; Owner: naval
--

ALTER TABLE ONLY order_table
    ADD CONSTRAINT fk75a2f39d4ec080cf FOREIGN KEY (customer) REFERENCES external_company(id);


--
-- Name: fk75a2f39d504f463e; Type: FK CONSTRAINT; Schema: public; Owner: naval
--

ALTER TABLE ONLY order_table
    ADD CONSTRAINT fk75a2f39d504f463e FOREIGN KEY (order_element_id) REFERENCES order_line_group(order_element_id);


--
-- Name: fk75a2f39da44abee3; Type: FK CONSTRAINT; Schema: public; Owner: naval
--

ALTER TABLE ONLY order_table
    ADD CONSTRAINT fk75a2f39da44abee3 FOREIGN KEY (base_calendar_id) REFERENCES base_calendar(id);


--
-- Name: fk7950e0153d72bc6f; Type: FK CONSTRAINT; Schema: public; Owner: naval
--

ALTER TABLE ONLY task_source
    ADD CONSTRAINT fk7950e0153d72bc6f FOREIGN KEY (id) REFERENCES task_element(id);


--
-- Name: fk7950e0159a2c0abd; Type: FK CONSTRAINT; Schema: public; Owner: naval
--

ALTER TABLE ONLY task_source
    ADD CONSTRAINT fk7950e0159a2c0abd FOREIGN KEY (schedulingdata) REFERENCES scheduling_data_for_version(id);


--
-- Name: fk7980035061f02c44; Type: FK CONSTRAINT; Schema: public; Owner: naval
--

ALTER TABLE ONLY all_criterions
    ADD CONSTRAINT fk7980035061f02c44 FOREIGN KEY (criterion_id) REFERENCES criterion(id);


--
-- Name: fk79800350b1524a73; Type: FK CONSTRAINT; Schema: public; Owner: naval
--

ALTER TABLE ONLY all_criterions
    ADD CONSTRAINT fk79800350b1524a73 FOREIGN KEY (generic_resource_allocation_id) REFERENCES generic_resource_allocation(resource_allocation_id);


--
-- Name: fk7d1ee2c5fec79eb0; Type: FK CONSTRAINT; Schema: public; Owner: naval
--

ALTER TABLE ONLY description_values
    ADD CONSTRAINT fk7d1ee2c5fec79eb0 FOREIGN KEY (description_value_id) REFERENCES work_report(id);


--
-- Name: fk7e57469848d21790; Type: FK CONSTRAINT; Schema: public; Owner: naval
--

ALTER TABLE ONLY limiting_resource_queue
    ADD CONSTRAINT fk7e57469848d21790 FOREIGN KEY (resource_id) REFERENCES resource(id);


--
-- Name: fk84c66516b53669f2; Type: FK CONSTRAINT; Schema: public; Owner: naval
--

ALTER TABLE ONLY material_category
    ADD CONSTRAINT fk84c66516b53669f2 FOREIGN KEY (parent_id) REFERENCES material_category(id);


--
-- Name: fk84f61df123b85cf1; Type: FK CONSTRAINT; Schema: public; Owner: naval
--

ALTER TABLE ONLY scheduling_states_by_order_version
    ADD CONSTRAINT fk84f61df123b85cf1 FOREIGN KEY (order_version_id) REFERENCES order_version(id);


--
-- Name: fk84f61df19bfe55d0; Type: FK CONSTRAINT; Schema: public; Owner: naval
--

ALTER TABLE ONLY scheduling_states_by_order_version
    ADD CONSTRAINT fk84f61df19bfe55d0 FOREIGN KEY (scheduling_state_for_version_id) REFERENCES scheduling_data_for_version(id);


--
-- Name: fk84f61df1efda874f; Type: FK CONSTRAINT; Schema: public; Owner: naval
--

ALTER TABLE ONLY scheduling_states_by_order_version
    ADD CONSTRAINT fk84f61df1efda874f FOREIGN KEY (order_element_id) REFERENCES order_element(id);


--
-- Name: fk88eecef415884f6; Type: FK CONSTRAINT; Schema: public; Owner: naval
--

ALTER TABLE ONLY line_field
    ADD CONSTRAINT fk88eecef415884f6 FOREIGN KEY (heading_id) REFERENCES work_report_type(id);


--
-- Name: fk91bbca7423b85cf1; Type: FK CONSTRAINT; Schema: public; Owner: naval
--

ALTER TABLE ONLY scenario_orders
    ADD CONSTRAINT fk91bbca7423b85cf1 FOREIGN KEY (order_version_id) REFERENCES order_version(id);


--
-- Name: fk91bbca7487287288; Type: FK CONSTRAINT; Schema: public; Owner: naval
--

ALTER TABLE ONLY scenario_orders
    ADD CONSTRAINT fk91bbca7487287288 FOREIGN KEY (order_id) REFERENCES order_table(order_element_id);


--
-- Name: fk91bbca74c0fb9d8e; Type: FK CONSTRAINT; Schema: public; Owner: naval
--

ALTER TABLE ONLY scenario_orders
    ADD CONSTRAINT fk91bbca74c0fb9d8e FOREIGN KEY (scenario_id) REFERENCES scenario(id);


--
-- Name: fk92271f0b1e635c19; Type: FK CONSTRAINT; Schema: public; Owner: naval
--

ALTER TABLE ONLY order_element
    ADD CONSTRAINT fk92271f0b1e635c19 FOREIGN KEY (parent) REFERENCES order_line_group(order_element_id);


--
-- Name: fk92271f0b7ec17fa6; Type: FK CONSTRAINT; Schema: public; Owner: naval
--

ALTER TABLE ONLY order_element
    ADD CONSTRAINT fk92271f0b7ec17fa6 FOREIGN KEY (sum_charged_hours_id) REFERENCES sum_charged_hours(id);


--
-- Name: fk92271f0bd97bcc8c; Type: FK CONSTRAINT; Schema: public; Owner: naval
--

ALTER TABLE ONLY order_element
    ADD CONSTRAINT fk92271f0bd97bcc8c FOREIGN KEY (template) REFERENCES order_element_template(id);


--
-- Name: fk95548d7861f02c44; Type: FK CONSTRAINT; Schema: public; Owner: naval
--

ALTER TABLE ONLY machine_configuration_unit_required_criterions
    ADD CONSTRAINT fk95548d7861f02c44 FOREIGN KEY (criterion_id) REFERENCES criterion(id);


--
-- Name: fk95548d7875999a91; Type: FK CONSTRAINT; Schema: public; Owner: naval
--

ALTER TABLE ONLY machine_configuration_unit_required_criterions
    ADD CONSTRAINT fk95548d7875999a91 FOREIGN KEY (id) REFERENCES machine_workers_configuration_unit(id);


--
-- Name: fk9619184fa44abee3; Type: FK CONSTRAINT; Schema: public; Owner: naval
--

ALTER TABLE ONLY resource_calendar
    ADD CONSTRAINT fk9619184fa44abee3 FOREIGN KEY (base_calendar_id) REFERENCES base_calendar(id);


--
-- Name: fk9c819f74ddc82952; Type: FK CONSTRAINT; Schema: public; Owner: naval
--

ALTER TABLE ONLY order_line_group_template
    ADD CONSTRAINT fk9c819f74ddc82952 FOREIGN KEY (group_template_id) REFERENCES order_element_template(id);


--
-- Name: fka01fe4ee8c80ccb7; Type: FK CONSTRAINT; Schema: public; Owner: naval
--

ALTER TABLE ONLY task_source_hours_groups
    ADD CONSTRAINT fka01fe4ee8c80ccb7 FOREIGN KEY (task_source_id) REFERENCES task_source(id);


--
-- Name: fka01fe4eee036cfed; Type: FK CONSTRAINT; Schema: public; Owner: naval
--

ALTER TABLE ONLY task_source_hours_groups
    ADD CONSTRAINT fka01fe4eee036cfed FOREIGN KEY (hours_group_id) REFERENCES hours_group(id);


--
-- Name: fka215508ea44abee3; Type: FK CONSTRAINT; Schema: public; Owner: naval
--

ALTER TABLE ONLY calendar_exception
    ADD CONSTRAINT fka215508ea44abee3 FOREIGN KEY (base_calendar_id) REFERENCES base_calendar(id);


--
-- Name: fka215508eadad7e51; Type: FK CONSTRAINT; Schema: public; Owner: naval
--

ALTER TABLE ONLY calendar_exception
    ADD CONSTRAINT fka215508eadad7e51 FOREIGN KEY (calendar_exception_id) REFERENCES calendar_exception_type(id);


--
-- Name: fka2c1583686b2de7a; Type: FK CONSTRAINT; Schema: public; Owner: naval
--

ALTER TABLE ONLY machine_worker_assignment
    ADD CONSTRAINT fka2c1583686b2de7a FOREIGN KEY (configuration_id) REFERENCES machine_workers_configuration_unit(id);


--
-- Name: fka2c158369bebcf10; Type: FK CONSTRAINT; Schema: public; Owner: naval
--

ALTER TABLE ONLY machine_worker_assignment
    ADD CONSTRAINT fka2c158369bebcf10 FOREIGN KEY (worker_id) REFERENCES worker(worker_id);


--
-- Name: fka391ce7a2380ca7; Type: FK CONSTRAINT; Schema: public; Owner: naval
--

ALTER TABLE ONLY order_version
    ADD CONSTRAINT fka391ce7a2380ca7 FOREIGN KEY (ownerscenario) REFERENCES scenario(id);


--
-- Name: fkad6003c58b37665c; Type: FK CONSTRAINT; Schema: public; Owner: naval
--

ALTER TABLE ONLY quality_form_items
    ADD CONSTRAINT fkad6003c58b37665c FOREIGN KEY (quality_form_id) REFERENCES quality_form(id);


--
-- Name: fkb3e9425b5c68337; Type: FK CONSTRAINT; Schema: public; Owner: naval
--

ALTER TABLE ONLY material_assigment
    ADD CONSTRAINT fkb3e9425b5c68337 FOREIGN KEY (material_id) REFERENCES material(id);


--
-- Name: fkb3e9425efda874f; Type: FK CONSTRAINT; Schema: public; Owner: naval
--

ALTER TABLE ONLY material_assigment
    ADD CONSTRAINT fkb3e9425efda874f FOREIGN KEY (order_element_id) REFERENCES order_element(id);


--
-- Name: fkb83176c31b8e7cf2; Type: FK CONSTRAINT; Schema: public; Owner: naval
--

ALTER TABLE ONLY derived_day_assignments_container
    ADD CONSTRAINT fkb83176c31b8e7cf2 FOREIGN KEY (derived_allocation_id) REFERENCES derived_allocation(id);


--
-- Name: fkb83176c3421c7cf4; Type: FK CONSTRAINT; Schema: public; Owner: naval
--

ALTER TABLE ONLY derived_day_assignments_container
    ADD CONSTRAINT fkb83176c3421c7cf4 FOREIGN KEY (scenario) REFERENCES scenario(id);


--
-- Name: fkb92b59485567ad13; Type: FK CONSTRAINT; Schema: public; Owner: naval
--

ALTER TABLE ONLY order_authorization
    ADD CONSTRAINT fkb92b59485567ad13 FOREIGN KEY (user_id) REFERENCES user_table(id);


--
-- Name: fkb92b594887287288; Type: FK CONSTRAINT; Schema: public; Owner: naval
--

ALTER TABLE ONLY order_authorization
    ADD CONSTRAINT fkb92b594887287288 FOREIGN KEY (order_id) REFERENCES order_table(order_element_id);


--
-- Name: fkb92b5948edc4db41; Type: FK CONSTRAINT; Schema: public; Owner: naval
--

ALTER TABLE ONLY order_authorization
    ADD CONSTRAINT fkb92b5948edc4db41 FOREIGN KEY (profile_id) REFERENCES profile_table(id);


--
-- Name: fkbb262920131853a1; Type: FK CONSTRAINT; Schema: public; Owner: naval
--

ALTER TABLE ONLY work_report_label_type_assigment
    ADD CONSTRAINT fkbb262920131853a1 FOREIGN KEY (work_report_type_id) REFERENCES work_report_type(id);


--
-- Name: fkbb262920707cd777; Type: FK CONSTRAINT; Schema: public; Owner: naval
--

ALTER TABLE ONLY work_report_label_type_assigment
    ADD CONSTRAINT fkbb262920707cd777 FOREIGN KEY (label_type_id) REFERENCES label_type(id);


--
-- Name: fkbb262920c1c2746e; Type: FK CONSTRAINT; Schema: public; Owner: naval
--

ALTER TABLE ONLY work_report_label_type_assigment
    ADD CONSTRAINT fkbb262920c1c2746e FOREIGN KEY (label_id) REFERENCES label(id);


--
-- Name: fkbb493f5019256004; Type: FK CONSTRAINT; Schema: public; Owner: naval
--

ALTER TABLE ONLY day_assignment
    ADD CONSTRAINT fkbb493f5019256004 FOREIGN KEY (generic_container_id) REFERENCES generic_day_assignments_container(id);


--
-- Name: fkbb493f5048d21790; Type: FK CONSTRAINT; Schema: public; Owner: naval
--

ALTER TABLE ONLY day_assignment
    ADD CONSTRAINT fkbb493f5048d21790 FOREIGN KEY (resource_id) REFERENCES resource(id);


--
-- Name: fkbb493f50510e7a78; Type: FK CONSTRAINT; Schema: public; Owner: naval
--

ALTER TABLE ONLY day_assignment
    ADD CONSTRAINT fkbb493f50510e7a78 FOREIGN KEY (derived_container_id) REFERENCES derived_day_assignments_container(id);


--
-- Name: fkbb493f50756348a8; Type: FK CONSTRAINT; Schema: public; Owner: naval
--

ALTER TABLE ONLY day_assignment
    ADD CONSTRAINT fkbb493f50756348a8 FOREIGN KEY (specific_container_id) REFERENCES specific_day_assignments_container(id);


--
-- Name: fkbb58534c6ccf87c5; Type: FK CONSTRAINT; Schema: public; Owner: naval
--

ALTER TABLE ONLY planning_data
    ADD CONSTRAINT fkbb58534c6ccf87c5 FOREIGN KEY (planning_data_id) REFERENCES task_group(task_element_id);


--
-- Name: fkc01655fd421c7cf4; Type: FK CONSTRAINT; Schema: public; Owner: naval
--

ALTER TABLE ONLY generic_day_assignments_container
    ADD CONSTRAINT fkc01655fd421c7cf4 FOREIGN KEY (scenario) REFERENCES scenario(id);


--
-- Name: fkc01655fdee970b; Type: FK CONSTRAINT; Schema: public; Owner: naval
--

ALTER TABLE ONLY generic_day_assignments_container
    ADD CONSTRAINT fkc01655fdee970b FOREIGN KEY (resource_allocation_id) REFERENCES generic_resource_allocation(resource_allocation_id);


--
-- Name: fkc405554bfd5e49bc; Type: FK CONSTRAINT; Schema: public; Owner: naval
--

ALTER TABLE ONLY capacity_per_day
    ADD CONSTRAINT fkc405554bfd5e49bc FOREIGN KEY (base_calendar_id) REFERENCES calendar_data(id);


--
-- Name: fkc631a642a44abee3; Type: FK CONSTRAINT; Schema: public; Owner: naval
--

ALTER TABLE ONLY task_element
    ADD CONSTRAINT fkc631a642a44abee3 FOREIGN KEY (base_calendar_id) REFERENCES base_calendar(id);


--
-- Name: fkc631a642a5f3c581; Type: FK CONSTRAINT; Schema: public; Owner: naval
--

ALTER TABLE ONLY task_element
    ADD CONSTRAINT fkc631a642a5f3c581 FOREIGN KEY (parent) REFERENCES task_group(task_element_id);


--
-- Name: fkc74605de5567ad13; Type: FK CONSTRAINT; Schema: public; Owner: naval
--

ALTER TABLE ONLY user_profiles
    ADD CONSTRAINT fkc74605de5567ad13 FOREIGN KEY (user_id) REFERENCES user_table(id);


--
-- Name: fkc74605deedc4db41; Type: FK CONSTRAINT; Schema: public; Owner: naval
--

ALTER TABLE ONLY user_profiles
    ADD CONSTRAINT fkc74605deedc4db41 FOREIGN KEY (profile_id) REFERENCES profile_table(id);


--
-- Name: fkc9400e2c430ea1de; Type: FK CONSTRAINT; Schema: public; Owner: naval
--

ALTER TABLE ONLY consolidation
    ADD CONSTRAINT fkc9400e2c430ea1de FOREIGN KEY (ind_advance_assignment_id) REFERENCES indirect_advance_assignment(advance_assignment_id);


--
-- Name: fkc9400e2c9f1d6611; Type: FK CONSTRAINT; Schema: public; Owner: naval
--

ALTER TABLE ONLY consolidation
    ADD CONSTRAINT fkc9400e2c9f1d6611 FOREIGN KEY (dir_advance_assignment_id) REFERENCES direct_advance_assignment(advance_assignment_id);


--
-- Name: fkc9400e2cff2b2ba3; Type: FK CONSTRAINT; Schema: public; Owner: naval
--

ALTER TABLE ONLY consolidation
    ADD CONSTRAINT fkc9400e2cff2b2ba3 FOREIGN KEY (id) REFERENCES task(task_element_id);


--
-- Name: fkc9c3fe691a5e11f8; Type: FK CONSTRAINT; Schema: public; Owner: naval
--

ALTER TABLE ONLY sigmoid_function
    ADD CONSTRAINT fkc9c3fe691a5e11f8 FOREIGN KEY (assignment_function_id) REFERENCES assignment_function(id);


--
-- Name: fkcb8fc1cd5078e161; Type: FK CONSTRAINT; Schema: public; Owner: naval
--

ALTER TABLE ONLY workreportslines_labels
    ADD CONSTRAINT fkcb8fc1cd5078e161 FOREIGN KEY (work_report_line_id) REFERENCES work_report_line(id);


--
-- Name: fkcb8fc1cdc1c2746e; Type: FK CONSTRAINT; Schema: public; Owner: naval
--

ALTER TABLE ONLY workreportslines_labels
    ADD CONSTRAINT fkcb8fc1cdc1c2746e FOREIGN KEY (label_id) REFERENCES label(id);


--
-- Name: fkcee46998421c7cf4; Type: FK CONSTRAINT; Schema: public; Owner: naval
--

ALTER TABLE ONLY specific_day_assignments_container
    ADD CONSTRAINT fkcee46998421c7cf4 FOREIGN KEY (scenario) REFERENCES scenario(id);


--
-- Name: fkcee469987518838c; Type: FK CONSTRAINT; Schema: public; Owner: naval
--

ALTER TABLE ONLY specific_day_assignments_container
    ADD CONSTRAINT fkcee469987518838c FOREIGN KEY (resource_allocation_id) REFERENCES specific_resource_allocation(resource_allocation_id);


--
-- Name: fkd04de7364936bb8c; Type: FK CONSTRAINT; Schema: public; Owner: naval
--

ALTER TABLE ONLY task_milestone
    ADD CONSTRAINT fkd04de7364936bb8c FOREIGN KEY (task_element_id) REFERENCES task_element(id);


--
-- Name: fkd162537e40901220; Type: FK CONSTRAINT; Schema: public; Owner: naval
--

ALTER TABLE ONLY worker
    ADD CONSTRAINT fkd162537e40901220 FOREIGN KEY (worker_id) REFERENCES resource(id);


--
-- Name: fkd1c57390fd99606d; Type: FK CONSTRAINT; Schema: public; Owner: naval
--

ALTER TABLE ONLY scenario
    ADD CONSTRAINT fkd1c57390fd99606d FOREIGN KEY (predecessor) REFERENCES scenario(id);


--
-- Name: fkd4192eaab216ed4c; Type: FK CONSTRAINT; Schema: public; Owner: naval
--

ALTER TABLE ONLY advance_assignment
    ADD CONSTRAINT fkd4192eaab216ed4c FOREIGN KEY (advance_type_id) REFERENCES advance_type(id);


--
-- Name: fkd47281efffeb5538; Type: FK CONSTRAINT; Schema: public; Owner: naval
--

ALTER TABLE ONLY machine_workers_configuration_unit
    ADD CONSTRAINT fkd47281efffeb5538 FOREIGN KEY (machine) REFERENCES machine(machine_id);


--
-- Name: fkd557d8a7edc4db41; Type: FK CONSTRAINT; Schema: public; Owner: naval
--

ALTER TABLE ONLY profile_roles
    ADD CONSTRAINT fkd557d8a7edc4db41 FOREIGN KEY (profile_id) REFERENCES profile_table(id);


--
-- Name: fkd8e14c09b36a6d51; Type: FK CONSTRAINT; Schema: public; Owner: naval
--

ALTER TABLE ONLY external_company
    ADD CONSTRAINT fkd8e14c09b36a6d51 FOREIGN KEY (company_user) REFERENCES user_table(id);


--
-- Name: fkd9b7594f1ed629ea; Type: FK CONSTRAINT; Schema: public; Owner: naval
--

ALTER TABLE ONLY hours_group
    ADD CONSTRAINT fkd9b7594f1ed629ea FOREIGN KEY (parent_order_line) REFERENCES order_line(order_element_id);


--
-- Name: fkd9b7594f8bdc6ac6; Type: FK CONSTRAINT; Schema: public; Owner: naval
--

ALTER TABLE ONLY hours_group
    ADD CONSTRAINT fkd9b7594f8bdc6ac6 FOREIGN KEY (order_line_template) REFERENCES order_line_template(order_line_template_id);


--
-- Name: fkd9bfae6f19b9dfde; Type: FK CONSTRAINT; Schema: public; Owner: naval
--

ALTER TABLE ONLY advance_assignment_template
    ADD CONSTRAINT fkd9bfae6f19b9dfde FOREIGN KEY (order_element_template_id) REFERENCES order_element_template(id);


--
-- Name: fkd9bfae6fb216ed4c; Type: FK CONSTRAINT; Schema: public; Owner: naval
--

ALTER TABLE ONLY advance_assignment_template
    ADD CONSTRAINT fkd9bfae6fb216ed4c FOREIGN KEY (advance_type_id) REFERENCES advance_type(id);


--
-- Name: fkdaba2f7f2f2d3aec; Type: FK CONSTRAINT; Schema: public; Owner: naval
--

ALTER TABLE ONLY advance_measurement
    ADD CONSTRAINT fkdaba2f7f2f2d3aec FOREIGN KEY (advance_assignment_id) REFERENCES advance_assignment(id);


--
-- Name: fkdaba2f7fa9e53843; Type: FK CONSTRAINT; Schema: public; Owner: naval
--

ALTER TABLE ONLY advance_measurement
    ADD CONSTRAINT fkdaba2f7fa9e53843 FOREIGN KEY (advance_assignment_id) REFERENCES direct_advance_assignment(advance_assignment_id);


--
-- Name: fkdce41405efda874f; Type: FK CONSTRAINT; Schema: public; Owner: naval
--

ALTER TABLE ONLY order_line_group
    ADD CONSTRAINT fkdce41405efda874f FOREIGN KEY (order_element_id) REFERENCES order_element(id);


--
-- Name: fke2af47f148d21790; Type: FK CONSTRAINT; Schema: public; Owner: naval
--

ALTER TABLE ONLY work_report_line
    ADD CONSTRAINT fke2af47f148d21790 FOREIGN KEY (resource_id) REFERENCES resource(id);


--
-- Name: fke2af47f1e7e1020b; Type: FK CONSTRAINT; Schema: public; Owner: naval
--

ALTER TABLE ONLY work_report_line
    ADD CONSTRAINT fke2af47f1e7e1020b FOREIGN KEY (type_work_hours_id) REFERENCES type_of_work_hours(id);


--
-- Name: fke2af47f1efda874f; Type: FK CONSTRAINT; Schema: public; Owner: naval
--

ALTER TABLE ONLY work_report_line
    ADD CONSTRAINT fke2af47f1efda874f FOREIGN KEY (order_element_id) REFERENCES order_element(id);


--
-- Name: fke2af47f1f1a3177c; Type: FK CONSTRAINT; Schema: public; Owner: naval
--

ALTER TABLE ONLY work_report_line
    ADD CONSTRAINT fke2af47f1f1a3177c FOREIGN KEY (work_report_id) REFERENCES work_report(id);


--
-- Name: fke4c379349fb7fc18; Type: FK CONSTRAINT; Schema: public; Owner: naval
--

ALTER TABLE ONLY order_line_template
    ADD CONSTRAINT fke4c379349fb7fc18 FOREIGN KEY (order_line_template_id) REFERENCES order_element_template(id);


--
-- Name: fke8344cc0c1c2746e; Type: FK CONSTRAINT; Schema: public; Owner: naval
--

ALTER TABLE ONLY order_element_label
    ADD CONSTRAINT fke8344cc0c1c2746e FOREIGN KEY (label_id) REFERENCES label(id);


--
-- Name: fke8344cc0efda874f; Type: FK CONSTRAINT; Schema: public; Owner: naval
--

ALTER TABLE ONLY order_element_label
    ADD CONSTRAINT fke8344cc0efda874f FOREIGN KEY (order_element_id) REFERENCES order_element(id);


--
-- Name: fke8a96db115671e92; Type: FK CONSTRAINT; Schema: public; Owner: naval
--

ALTER TABLE ONLY resource_allocation
    ADD CONSTRAINT fke8a96db115671e92 FOREIGN KEY (assignment_function) REFERENCES assignment_function(id);


--
-- Name: fke8a96db1ff61540d; Type: FK CONSTRAINT; Schema: public; Owner: naval
--

ALTER TABLE ONLY resource_allocation
    ADD CONSTRAINT fke8a96db1ff61540d FOREIGN KEY (task) REFERENCES task(task_element_id);


--
-- Name: fkebabc40edc874c20; Type: FK CONSTRAINT; Schema: public; Owner: naval
--

ALTER TABLE ONLY resource
    ADD CONSTRAINT fkebabc40edc874c20 FOREIGN KEY (base_calendar_id) REFERENCES resource_calendar(base_calendar_id);


--
-- Name: fkee053f32f2ed6dc; Type: FK CONSTRAINT; Schema: public; Owner: naval
--

ALTER TABLE ONLY virtual_worker
    ADD CONSTRAINT fkee053f32f2ed6dc FOREIGN KEY (virtual_worker_id) REFERENCES worker(worker_id);


--
-- Name: fkee374673ae0677b8; Type: FK CONSTRAINT; Schema: public; Owner: naval
--

ALTER TABLE ONLY stretches
    ADD CONSTRAINT fkee374673ae0677b8 FOREIGN KEY (assignment_function_id) REFERENCES stretches_function(assignment_function_id);


--
-- Name: fkef395fa519b9dfde; Type: FK CONSTRAINT; Schema: public; Owner: naval
--

ALTER TABLE ONLY criterion_requirement
    ADD CONSTRAINT fkef395fa519b9dfde FOREIGN KEY (order_element_template_id) REFERENCES order_element_template(id);


--
-- Name: fkef395fa561f02c44; Type: FK CONSTRAINT; Schema: public; Owner: naval
--

ALTER TABLE ONLY criterion_requirement
    ADD CONSTRAINT fkef395fa561f02c44 FOREIGN KEY (criterion_id) REFERENCES criterion(id);


--
-- Name: fkef395fa5e036cfed; Type: FK CONSTRAINT; Schema: public; Owner: naval
--

ALTER TABLE ONLY criterion_requirement
    ADD CONSTRAINT fkef395fa5e036cfed FOREIGN KEY (hours_group_id) REFERENCES hours_group(id);


--
-- Name: fkef395fa5efda874f; Type: FK CONSTRAINT; Schema: public; Owner: naval
--

ALTER TABLE ONLY criterion_requirement
    ADD CONSTRAINT fkef395fa5efda874f FOREIGN KEY (order_element_id) REFERENCES order_element(id);


--
-- Name: fkef395fa5f41d57f2; Type: FK CONSTRAINT; Schema: public; Owner: naval
--

ALTER TABLE ONLY criterion_requirement
    ADD CONSTRAINT fkef395fa5f41d57f2 FOREIGN KEY (parent) REFERENCES criterion_requirement(id);


--
-- Name: fkf0260c4275ed79ba; Type: FK CONSTRAINT; Schema: public; Owner: naval
--

ALTER TABLE ONLY derived_allocation
    ADD CONSTRAINT fkf0260c4275ed79ba FOREIGN KEY (resource_allocation_id) REFERENCES resource_allocation(id);


--
-- Name: fkf0260c4287b470f0; Type: FK CONSTRAINT; Schema: public; Owner: naval
--

ALTER TABLE ONLY derived_allocation
    ADD CONSTRAINT fkf0260c4287b470f0 FOREIGN KEY (configurationunit) REFERENCES machine_workers_configuration_unit(id);


--
-- Name: fkf0e8572475ed79ba; Type: FK CONSTRAINT; Schema: public; Owner: naval
--

ALTER TABLE ONLY specific_resource_allocation
    ADD CONSTRAINT fkf0e8572475ed79ba FOREIGN KEY (resource_allocation_id) REFERENCES resource_allocation(id);


--
-- Name: fkf0e85724eae850b2; Type: FK CONSTRAINT; Schema: public; Owner: naval
--

ALTER TABLE ONLY specific_resource_allocation
    ADD CONSTRAINT fkf0e85724eae850b2 FOREIGN KEY (resource) REFERENCES resource(id);


--
-- Name: fkf635cc04b216ed4c; Type: FK CONSTRAINT; Schema: public; Owner: naval
--

ALTER TABLE ONLY quality_form
    ADD CONSTRAINT fkf635cc04b216ed4c FOREIGN KEY (advance_type_id) REFERENCES advance_type(id);


--
-- Name: fkf788b34975ed79ba; Type: FK CONSTRAINT; Schema: public; Owner: naval
--

ALTER TABLE ONLY generic_resource_allocation
    ADD CONSTRAINT fkf788b34975ed79ba FOREIGN KEY (resource_allocation_id) REFERENCES resource_allocation(id);


--
-- Name: fkf796fbd0c1c2746e; Type: FK CONSTRAINT; Schema: public; Owner: naval
--

ALTER TABLE ONLY workreports_labels
    ADD CONSTRAINT fkf796fbd0c1c2746e FOREIGN KEY (label_id) REFERENCES label(id);


--
-- Name: fkf796fbd0f1a3177c; Type: FK CONSTRAINT; Schema: public; Owner: naval
--

ALTER TABLE ONLY workreports_labels
    ADD CONSTRAINT fkf796fbd0f1a3177c FOREIGN KEY (work_report_id) REFERENCES work_report(id);


--
-- Name: fkfd7aa62248d21790; Type: FK CONSTRAINT; Schema: public; Owner: naval
--

ALTER TABLE ONLY work_report
    ADD CONSTRAINT fkfd7aa62248d21790 FOREIGN KEY (resource_id) REFERENCES resource(id);


--
-- Name: fkfd7aa62278e4e2ea; Type: FK CONSTRAINT; Schema: public; Owner: naval
--

ALTER TABLE ONLY work_report
    ADD CONSTRAINT fkfd7aa62278e4e2ea FOREIGN KEY (ork_report_type_id) REFERENCES work_report_type(id);


--
-- Name: fkfd7aa622efda874f; Type: FK CONSTRAINT; Schema: public; Owner: naval
--

ALTER TABLE ONLY work_report
    ADD CONSTRAINT fkfd7aa622efda874f FOREIGN KEY (order_element_id) REFERENCES order_element(id);


--
-- Name: fkfe6ed34b1545e7a; Type: FK CONSTRAINT; Schema: public; Owner: naval
--

ALTER TABLE ONLY dependency
    ADD CONSTRAINT fkfe6ed34b1545e7a FOREIGN KEY (origin) REFERENCES task_element(id);


--
-- Name: fkfe6ed34b9e788f90; Type: FK CONSTRAINT; Schema: public; Owner: naval
--

ALTER TABLE ONLY dependency
    ADD CONSTRAINT fkfe6ed34b9e788f90 FOREIGN KEY (queue_dependency) REFERENCES limiting_resource_queue_dependency(id);


--
-- Name: fkfe6ed34be838f362; Type: FK CONSTRAINT; Schema: public; Owner: naval
--

ALTER TABLE ONLY dependency
    ADD CONSTRAINT fkfe6ed34be838f362 FOREIGN KEY (destination) REFERENCES task_element(id);


--
-- Name: fkfe6fb57519b9dfde; Type: FK CONSTRAINT; Schema: public; Owner: naval
--

ALTER TABLE ONLY order_element_template_quality_form
    ADD CONSTRAINT fkfe6fb57519b9dfde FOREIGN KEY (order_element_template_id) REFERENCES order_element_template(id);


--
-- Name: fkfe6fb5758b37665c; Type: FK CONSTRAINT; Schema: public; Owner: naval
--

ALTER TABLE ONLY order_element_template_quality_form
    ADD CONSTRAINT fkfe6fb5758b37665c FOREIGN KEY (quality_form_id) REFERENCES quality_form(id);


--
-- Name: public; Type: ACL; Schema: -; Owner: naval
--

REVOKE ALL ON SCHEMA public FROM PUBLIC;
REVOKE ALL ON SCHEMA public FROM naval;
GRANT ALL ON SCHEMA public TO naval;
GRANT ALL ON SCHEMA public TO postgres;
GRANT ALL ON SCHEMA public TO PUBLIC;


--
-- PostgreSQL database dump complete
--

